1662588085,969952829,-0.02,0.01,-0.04,-0.00111111,0,0,-0.00994873,0.00775146,0.1604,-0.987
1662588085,980071158,0,-0.01,-0.04,0,0,0,-0.00994873,0.00775146,0.1604,-0.987
1662588085,989929732,0,-0.02,-0.02,0,0,0.00111111,-0.00994873,0.00775146,0.1604,-0.987
1662588085,999931063,-0.01,-0.01,-0.01,0,0,0,-0.00994873,0.00775146,0.1604,-0.987
1662588086,9930375,-0.01,0,-0.04,0,0.00222222,0,-0.00994873,0.00775146,0.1604,-0.987
1662588086,19930057,-0.01,0,-0.03,0,-0.00333333,0,-0.00994873,0.00775146,0.1604,-0.987
1662588086,29919574,-0.02,-0.01,-0.03,0,0,0,-0.00994873,0.00775146,0.1604,-0.987
1662588086,39917960,-0.02,-0.01,-0.03,0.00111111,0,0,-0.00994873,0.00775146,0.1604,-0.987
1662588086,49917643,-0.01,0,-0.02,-0.00111111,0.00111111,0,-0.00994873,0.00775146,0.1604,-0.987
1662588086,59919288,0,-0.01,-0.03,0,0.00222222,0,-0.00994873,0.00775146,0.1604,-0.987
1662588086,69918415,-0.02,-0.02,-0.04,0,0.00222222,0,-0.00994873,0.00775146,0.1604,-0.987
1662588086,79917931,-0.02,0,-0.01,0,0.00111111,0.00222222,-0.00994873,0.00775146,0.1604,-0.987
1662588086,90034241,-0.02,0,-0.01,0,0,0,-0.00994873,0.00775146,0.1604,-0.987
1662588086,99916463,-0.02,0,-0.03,0,0,0,-0.00994873,0.00775146,0.1604,-0.987
1662588086,109888517,-0.02,0,-0.04,0,0,0,-0.00994873,0.00775146,0.1604,-0.987
1662588086,119921458,-0.01,0,0,0,-0.00111111,0,-0.00994873,0.00775146,0.1604,-0.987
1662588086,129919122,0,0,-0.01,0,0,0,-0.00994873,0.00775146,0.1604,-0.987
1662588086,139917545,0,0,-0.01,-0.00111111,0.00111111,0,-0.00994873,0.00775146,0.1604,-0.987
1662588086,149917691,0,0.02,-0.03,-0.00111111,0.00111111,0,-0.00994873,0.00775146,0.1604,-0.987
1662588086,159917874,-0.03,0,-0.03,0,0,0.00111111,-0.00994873,0.00775146,0.1604,-0.987
1662588086,169917593,-0.02,0,-0.01,0,0.00111111,0,-0.00994873,0.00775146,0.1604,-0.987
1662588086,179919831,-0.01,-0.01,-0.03,0,-0.00111111,0,-0.00994873,0.00775146,0.1604,-0.987
1662588086,189919477,-0.01,-0.01,-0.03,0.00333333,-0.00444444,0.00222222,-0.00994873,0.00775146,0.1604,-0.987
1662588086,199917845,-0.01,0,-0.02,0,-0.00111111,0,-0.00994873,0.00775146,0.1604,-0.987
1662588086,209918824,-0.02,0,-0.04,-0.00111111,0,0,-0.00994873,0.00775146,0.1604,-0.987
1662588086,219931265,-0.03,0,-0.02,-0.00111111,0,0,-0.00994873,0.00775146,0.1604,-0.987
1662588086,229932318,-0.03,-0.01,-0.02,0,0,0,-0.00994873,0.00775146,0.1604,-0.987
1662588086,239919261,-0.03,-0.01,-0.02,-0.00111111,0.00222222,0,-0.00994873,0.00775146,0.1604,-0.987
1662588086,249928499,0,0,-0.04,-0.00111111,0,0,-0.00994873,0.00775146,0.1604,-0.987
1662588086,259916052,0,-0.01,-0.05,0,-0.00333333,-0.00111111,-0.00994873,0.00775146,0.1604,-0.987
1662588086,269917771,0,0,-0.01,0,0,0,-0.00994873,0.00775146,0.1604,-0.987
1662588086,279916861,-0.01,-0.02,-0.03,0,0,0,-0.00994873,0.00775146,0.1604,-0.987
1662588086,289916896,-0.01,-0.02,-0.03,0,0,0,-0.00994873,0.00775146,0.1604,-0.987
1662588086,299915338,-0.02,0,-0.02,0,0,0,-0.00994873,0.00775146,0.1604,-0.987
1662588086,309916483,-0.01,0,-0.02,0,0,0,-0.00994873,0.00775146,0.1604,-0.987
1662588086,319916555,0,-0.01,-0.05,0,0,0,-0.00994873,0.00775146,0.1604,-0.987
1662588086,329915978,-0.01,-0.02,0,0,-0.00111111,0,-0.00994873,0.00775146,0.1604,-0.987
1662588086,339916235,-0.01,-0.02,0,0.00222222,0,0.00111111,-0.00994873,0.00775146,0.1604,-0.987
1662588086,349916695,-0.01,0,-0.05,0,0.00111111,0,-0.00994873,0.00775146,0.1604,-0.987
1662588086,359916452,-0.01,-0.02,-0.04,0.00111111,0,0,-0.00994873,0.00775146,0.1604,-0.987
1662588086,369916505,0,0,-0.03,0,0,0.00111111,-0.00994873,0.00775146,0.1604,-0.987
1662588086,379920206,-0.02,0,-0.02,0,-0.00111111,0,-0.00994873,0.00775146,0.1604,-0.987
1662588086,389918981,-0.02,0,-0.02,0,-0.00333333,0,-0.00994873,0.00775146,0.1604,-0.987
1662588086,399917553,-0.01,0,-0.01,0,-0.00111111,0,-0.00994873,0.00775146,0.1604,-0.987
1662588086,409915736,0,-0.03,-0.02,-0.00222222,0,0,-0.00994873,0.00775146,0.1604,-0.987
1662588086,419916251,-0.02,-0.01,-0.02,0,0,0,-0.00994873,0.00775146,0.1604,-0.987
1662588086,429930175,-0.01,0,-0.01,0,-0.00111111,0.00111111,-0.00994873,0.00775146,0.1604,-0.987
1662588086,439931876,-0.01,0,-0.01,0,-0.00222222,0,-0.00994873,0.00775146,0.1604,-0.987
1662588086,449917929,-0.02,-0.01,-0.04,0,0,-0.00111111,-0.00994873,0.00775146,0.1604,-0.987
1662588086,459916630,0,0,-0.05,0,0,0,-0.00994873,0.00775146,0.1604,-0.987
1662588086,469917942,0,0,-0.03,-0.00111111,0,0,-0.00994873,0.00775146,0.1604,-0.987
1662588086,479916532,-0.02,0,-0.01,-0.00111111,-0.00111111,0,-0.00994873,0.00775146,0.1604,-0.987
1662588086,489918159,-0.02,0,-0.01,0,0,0,-0.00994873,0.00775146,0.1604,-0.987
1662588086,499915768,0,-0.01,-0.02,0,-0.00111111,0.00111111,-0.00994873,0.00775146,0.1604,-0.987
1662588086,509918376,0,0,-0.06,0.00111111,-0.00222222,0,-0.00994873,0.00775146,0.1604,-0.987
1662588086,519918948,0,-0.03,-0.01,0,0,0,-0.00994873,0.00775146,0.1604,-0.987
1662588086,529916223,0,-0.03,-0.01,0,0,0,-0.00994873,0.00775146,0.1604,-0.987
1662588086,539916684,-0.01,-0.02,-0.02,0,0,0.00111111,-0.00994873,0.00775146,0.1604,-0.987
1662588086,549918625,-0.01,0,-0.03,0,0,0.00111111,-0.00994873,0.00775146,0.1604,-0.987
1662588086,559934086,-0.01,0,-0.03,0,0,0,-0.00994873,0.00775146,0.1604,-0.987
1662588086,569916731,-0.02,0,-0.03,-0.00222222,0.00111111,0,-0.00994873,0.00775146,0.1604,-0.987
1662588086,579916118,-0.02,-0.01,-0.02,0,0,0.00222222,-0.00994873,0.00775146,0.1604,-0.987
1662588086,589916541,-0.01,0,-0.02,0,-0.00111111,0.00222222,-0.00994873,0.00775146,0.1604,-0.987
1662588086,599915002,-0.02,0,-0.05,-0.00111111,0,0.00111111,-0.00994873,0.00775146,0.1604,-0.987
1662588086,609916851,-0.03,0.01,-0.05,0,0,0,-0.00994873,0.00775146,0.1604,-0.987
1662588086,619914515,-0.02,-0.01,-0.01,-0.00222222,0.00222222,0.00222222,-0.00994873,0.00775146,0.1604,-0.987
1662588086,629916346,0,-0.02,-0.04,0,0,0,-0.00994873,0.00775146,0.1604,-0.987
1662588086,639916899,0,0,-0.02,-0.00111111,0,0,-0.00994873,0.00775146,0.1604,-0.987
1662588086,649917081,-0.01,-0.02,-0.03,0,-0.00222222,0,-0.00994873,0.00775146,0.1604,-0.987
1662588086,659922171,-0.02,0,-0.03,0,-0.00222222,0,-0.00994873,0.00775146,0.1604,-0.987
1662588086,669917835,0,0,-0.06,0.00111111,0,0,-0.00994873,0.00775146,0.1604,-0.987
1662588086,679917574,-0.01,0,-0.01,0.00111111,-0.00111111,0,-0.00994873,0.00775146,0.1604,-0.987
1662588086,689918293,-0.01,0,-0.02,0.00111111,-0.00222222,0,-0.00994873,0.00775146,0.1604,-0.987
1662588086,699917494,-0.01,0,-0.02,-0.00333333,0,0,-0.00994873,0.00775146,0.1604,-0.987
1662588086,709918196,-0.02,-0.01,-0.01,-0.00222222,0,0,-0.00994873,0.00775146,0.1604,-0.987
1662588086,719917878,-0.02,-0.01,-0.02,-0.00111111,0.00111111,0,-0.00994873,0.00775146,0.1604,-0.987
1662588086,729919690,0,0,-0.05,0,0.00333333,0.00111111,-0.00994873,0.00775146,0.1604,-0.987
1662588086,739932225,0,0,-0.02,0,-0.00111111,0,-0.00994873,0.00775146,0.1604,-0.987
1662588086,749931852,0,-0.01,-0.03,0,0,-0.00111111,-0.00994873,0.00775146,0.1604,-0.987
1662588086,759930886,0,0,-0.02,-0.00111111,0,0.00111111,-0.00994873,0.00775146,0.1604,-0.987
1662588086,769930273,0,-0.01,-0.05,0,-0.00111111,0,-0.00994873,0.00775146,0.1604,-0.987
1662588086,779931140,0,-0.03,-0.03,-0.00111111,-0.00333333,0.00111111,-0.00994873,0.00775146,0.1604,-0.987
1662588086,789930953,-0.02,-0.01,-0.01,-0.00222222,0.00111111,0,-0.00994873,0.00775146,0.1604,-0.987
1662588086,799935580,0,-0.01,-0.03,0,0,0.00111111,-0.00994873,0.00775146,0.1604,-0.987
1662588086,809928799,0,-0.01,-0.03,0,0.00222222,0,-0.00994873,0.00775146,0.1604,-0.987
1662588086,819941574,-0.01,0,-0.03,0.00111111,0,0,-0.00994873,0.00775146,0.1604,-0.987
1662588086,829934516,-0.01,0.01,-0.02,0.00111111,0,0,-0.00994873,0.00775146,0.1604,-0.987
1662588086,839928792,-0.01,0,-0.03,0,0,0.00222222,-0.00994873,0.00775146,0.1604,-0.987
1662588086,849928697,0,0,-0.04,0.00111111,0.00111111,0,-0.00994873,0.00775146,0.1604,-0.987
1662588086,859928953,-0.03,-0.01,-0.03,0,0,0.00111111,-0.00994873,0.00775146,0.1604,-0.987
1662588086,869926099,-0.02,-0.01,-0.02,0,0,0.00111111,-0.00994873,0.00775146,0.1604,-0.987
1662588086,879928930,-0.01,0,-0.02,0,-0.00222222,0,-0.00994873,0.00775146,0.1604,-0.987
1662588086,889927371,-0.01,-0.01,-0.02,0,0,0,-0.00994873,0.00775146,0.1604,-0.987
1662588086,899926350,-0.01,0,-0.03,0,0,0,-0.00994873,0.00775146,0.1604,-0.987
1662588086,909926552,-0.01,0,-0.03,0.00222222,-0.00555556,0,-0.00994873,0.00775146,0.1604,-0.987
1662588086,919927845,-0.01,0.04,-0.05,0.00111111,0,0.00111111,-0.00994873,0.00775146,0.1604,-0.987
1662588086,930034248,0,0.08,-0.02,0.00111111,0.00222222,0.00444444,-0.00994873,0.00775146,0.1604,-0.987
1662588086,939918174,-0.01,0.21,-0.01,0,0,0.0111111,-0.00994873,0.00775146,0.160339,-0.987
1662588086,949917782,-0.02,0.37,-0.02,0,0,0.0244444,-0.0100098,0.00775146,0.160217,-0.987
1662588086,959917668,-0.02,0.27,-0.05,0,-0.00333333,0.0522222,-0.0101318,0.00775146,0.159973,-0.987061
1662588086,969916110,0.01,0.27,-0.03,0,-0.00888889,0.07,-0.0102539,0.0078125,0.159607,-0.987122
1662588086,979917756,-0.01,0.52,-0.04,0,-0.00333333,0.0677778,-0.0102539,0.0078125,0.159302,-0.987122
1662588086,989916476,-0.01,1.07,-0.04,0,-0.00444444,0.0433333,-0.0102539,0.0078125,0.159058,-0.987183
1662588086,999916936,-0.04,0.95,-0.01,-0.00444444,-0.00222222,0.00222222,-0.0102539,0.0078125,0.159058,-0.987183
1662588087,9916730,0,1.12,-0.03,-0.00111111,-0.00555556,0.00333333,-0.0102539,0.0078125,0.159058,-0.987183
1662588087,19924171,0,1.25,-0.03,-0.00222222,-0.0122222,0.00333333,-0.0101929,0.00787354,0.159058,-0.987183
1662588087,29919021,0.05,1.02,-0.05,-0.00333333,-0.0144444,-0.00111111,-0.0101929,0.00793457,0.159058,-0.987183
1662588087,39917370,-0.03,1.07,-0.02,-0.00333333,-0.0144444,0.00666667,-0.0101929,0.00799561,0.159058,-0.987183
1662588087,49915812,-0.01,0.95,-0.06,-0.00444444,-0.0111111,0.00333333,-0.0101929,0.00805664,0.159058,-0.987183
1662588087,59917550,-0.02,0.52,-0.01,-0.00333333,-0.0144444,0.00333333,-0.0101929,0.00811768,0.159058,-0.987183
1662588087,69917455,-0.02,0.8,-0.06,-0.00222222,-0.0133333,-0.00222222,-0.0101929,0.00823975,0.159058,-0.987183
1662588087,79917897,0.02,0.71,-0.03,-0.00666667,-0.0111111,-0.00555556,-0.0101318,0.00823975,0.159058,-0.987183
1662588087,89917301,0.01,1.1,-0.09,-0.00555556,-0.00444444,-0.00333333,-0.0101318,0.00823975,0.159058,-0.987183
1662588087,99917243,-0.1,1.42,-0.04,-0.01,-0.00444444,0.00888889,-0.0101318,0.00823975,0.159058,-0.987183
1662588087,109917648,-0.06,1.96,-0.01,-0.00444444,-0.00222222,0.00111111,-0.0101318,0.00823975,0.159058,-0.987183
1662588087,119917034,0.05,2.41,-0.05,0,-0.00444444,0,-0.0101318,0.00823975,0.159058,-0.987183
1662588087,129917680,-0.2,2.78,-0.03,0.01,0,-0.00666667,-0.0101318,0.00823975,0.159058,-0.987183
1662588087,139917010,0.03,2.37,-0.05,0.0122222,-0.00111111,-0.00444444,-0.0101929,0.00830078,0.159058,-0.987183
1662588087,149916156,0.14,1.83,0,0.0133333,0.00444444,-0.00333333,-0.0103149,0.00830078,0.159058,-0.987183
1662588087,159917431,-0.04,1.17,-0.09,0.00333333,0.00888889,0,-0.0103149,0.00830078,0.159058,-0.987183
1662588087,169916373,0.04,0.49,-0.07,-0.00111111,0.00777778,-0.0144444,-0.0103149,0.00830078,0.15918,-0.987183
1662588087,179919407,-0.1,0.84,-0.02,0,0.0155556,0.00333333,-0.0103149,0.00823975,0.15918,-0.987183
1662588087,189918164,-0.1,0.86,-0.05,0,0.0211111,0,-0.0103149,0.00811768,0.159119,-0.987183
1662588087,199916421,0.06,1.15,0.01,0,0.0177778,0.00888889,-0.0103149,0.00799561,0.159119,-0.987183
1662588087,209917918,0.08,1.52,-0.04,0.00666667,0.0122222,0,-0.0103149,0.00793457,0.159119,-0.987183
1662588087,219918045,-0.1,1.59,-0.03,0.00333333,0.00111111,-0.00222222,-0.0103149,0.00793457,0.159119,-0.987183
1662588087,229918653,0,1.85,-0.08,0,-0.00555556,0.00111111,-0.0103149,0.00793457,0.159119,-0.987183
1662588087,239918484,0.09,1.69,-0.03,0.00111111,0.00111111,-0.00111111,-0.0103149,0.00793457,0.159119,-0.987183
1662588087,249918259,0.03,-0.04,0.04,0,0.00777778,0.00333333,-0.0103149,0.00793457,0.159119,-0.987183
1662588087,259916775,-0.17,0.43,-0.04,0.00666667,0.00555556,0.0122222,-0.0103149,0.00793457,0.159058,-0.987183
1662588087,269916736,0.03,-0.54,-0.06,0.00666667,-0.00333333,0.0166667,-0.0103149,0.00793457,0.158997,-0.987183
1662588087,279918566,-0.17,-1.2,-0.01,0.00666667,-0.00222222,0.0155556,-0.0103149,0.00793457,0.158936,-0.987183
1662588087,289917916,0.13,-1.08,0.03,-0.00333333,-0.01,0.01,-0.0103149,0.00799561,0.158875,-0.987244
1662588087,299916968,-0.14,-0.25,-0.11,-0.0111111,-0.00444444,-0.00444444,-0.0102539,0.00799561,0.158875,-0.987244
1662588087,309917151,-0.05,0.23,0.03,-0.0155556,-0.0166667,-0.0155556,-0.0101929,0.00805664,0.158936,-0.987183
1662588087,319916074,0.08,0.57,-0.01,-0.0144444,-0.0155556,-0.0277778,-0.0100708,0.00811768,0.159058,-0.987183
1662588087,329917146,-0.16,0.13,-0.05,-0.00111111,-0.0277778,-0.0288889,-0.0100708,0.00823975,0.159241,-0.987183
1662588087,339915754,0.28,-0.37,-0.01,0.00555556,-0.0288889,0.0411111,-0.0100708,0.00842285,0.159058,-0.987183
1662588087,349916048,0.02,0.43,-0.1,0,-0.0122222,0.0155556,-0.0100098,0.00848389,0.158936,-0.987183
1662588087,359916601,-0.02,0.51,-0.05,0.00111111,-0.00666667,0.00777778,-0.0100098,0.00848389,0.158936,-0.987183
1662588087,369903413,0.01,0.18,-0.04,0.00666667,0,-0.0433333,-0.0100708,0.00848389,0.15918,-0.987183
1662588087,379917688,-0.01,0.09,-0.02,0.0177778,0.00333333,-0.0144444,-0.0101318,0.00848389,0.159241,-0.987122
1662588087,389918037,0.02,0,-0.02,0.0155556,0.00555556,0.1,-0.0101929,0.00848389,0.158752,-0.987244
1662588087,399924313,0,0.18,0,0.0133333,0.0122222,0.0322222,-0.0102539,0.00848389,0.158569,-0.987244
1662588087,409916977,0.15,0.09,-0.02,0.00333333,0.01,0.00666667,-0.0103149,0.00842285,0.158569,-0.987244
1662588087,419915733,-0.06,0.22,-0.08,-0.00333333,0.0133333,0.0166667,-0.010376,0.00836182,0.158508,-0.987244
1662588087,429917675,-0.12,-0.7,0,-0.00444444,0.0255556,0.0177778,-0.010376,0.00823975,0.158447,-0.987305
1662588087,439917098,-0.23,-0.99,-0.03,0.00222222,0.0188889,0.0166667,-0.010437,0.00817871,0.158325,-0.987305
1662588087,449916781,-0.18,-0.64,0,0,0,0.0122222,-0.010437,0.00817871,0.158264,-0.987305
1662588087,459916686,0.18,-0.56,-0.02,0,-0.00444444,0.0144444,-0.010437,0.00817871,0.158203,-0.987305
1662588087,469917109,-0.01,0.03,-0.05,0.00333333,-0.0111111,0.0211111,-0.010376,0.00823975,0.158081,-0.987305
1662588087,479916125,0,-0.06,-0.11,0.01,-0.00555556,0.0155556,-0.010437,0.00823975,0.15802,-0.987366
1662588087,489918456,-0.07,-0.25,-0.01,0.0111111,0,0.00444444,-0.010498,0.00823975,0.15802,-0.987366
1662588087,499918101,0.05,-0.56,-0.03,0.00333333,-0.00666667,-0.00444444,-0.010498,0.00823975,0.15802,-0.987366
1662588087,509916839,-0.1,-0.21,0.03,0.00555556,-0.00111111,-0.00666667,-0.010498,0.00823975,0.15802,-0.987366
1662588087,519916115,0.14,-0.72,-0.04,0,-0.0166667,-0.0111111,-0.010498,0.00830078,0.158081,-0.987366
1662588087,529959574,0.14,-0.92,-0.02,-0.00111111,-0.00333333,-0.00666667,-0.010498,0.00830078,0.158081,-0.987366
1662588087,539918609,-0.18,-0.11,-0.02,-0.00333333,0.01,-0.00555556,-0.010498,0.00823975,0.158081,-0.987366
1662588087,549917088,-0.05,-0.2,0,0.00333333,0,-0.00888889,-0.010498,0.00823975,0.158081,-0.987366
1662588087,559917104,0.27,-0.41,-0.03,0.0133333,-0.0155556,-0.0177778,-0.010376,0.00836182,0.158142,-0.987305
1662588087,569916935,-0.11,-0.84,-0.08,0.0166667,-0.00888889,-0.0244444,-0.0098877,0.00830078,0.158264,-0.987305
1662588087,579917006,-0.01,-1.22,-0.03,0.0166667,-0.00777778,-0.0144444,-0.00994873,0.00830078,0.158325,-0.987305
1662588087,589916281,-0.02,-0.89,0,0.00666667,-0.00888889,-0.00222222,-0.00994873,0.00830078,0.158325,-0.987305
1662588087,599916038,-0.01,-0.5,-0.06,0.00333333,-0.00555556,-0.00444444,-0.00994873,0.00830078,0.158325,-0.987305
1662588087,609916406,-0.17,-0.91,-0.03,0.00666667,-0.00555556,-0.00333333,-0.00994873,0.00830078,0.158325,-0.987305
1662588087,619915459,-0.06,-1.53,-0.02,0.0122222,-0.00222222,-0.0233333,-0.0100098,0.00830078,0.158447,-0.987305
1662588087,629916863,0,-1.06,-0.05,0.0144444,-0.00111111,-0.0255556,-0.0101318,0.00836182,0.158569,-0.987244
1662588087,639924546,0.01,-1.27,-0.03,0.0111111,-0.00888889,-0.0166667,-0.0101929,0.00836182,0.158691,-0.987244
1662588087,649927580,-0.02,-0.65,-0.03,0.0133333,-0.0111111,-0.0255556,-0.0102539,0.00842285,0.158813,-0.987244
1662588087,659927281,0,0.05,-0.08,0.00666667,-0.00777778,-0.02,-0.0102539,0.00842285,0.158875,-0.987183
1662588087,669927260,-0.02,0.02,-0.08,0.00777778,-0.01,-0.0288889,-0.0101929,0.00848389,0.159058,-0.987183
1662588087,679930332,0.09,-0.45,0,0.00222222,-0.00444444,-0.0611111,-0.0101929,0.00848389,0.159363,-0.987122
1662588087,689931033,-0.12,-0.14,-0.02,0.00111111,0,-0.0911111,-0.0102539,0.00848389,0.15979,-0.987061
1662588087,699928178,0.02,-0.18,-0.08,0.00555556,0.00333333,-0.0455556,-0.0102539,0.00842285,0.159973,-0.987
1662588087,709926990,-0.15,-0.16,-0.01,0.00555556,0,-0.02,-0.0102539,0.00842285,0.160095,-0.987
1662588087,719927099,-0.03,-0.91,-0.01,0.00222222,0,-0.0222222,-0.0102539,0.00842285,0.160217,-0.987
1662588087,729928393,-0.01,-0.39,-0.06,-0.00111111,0.00444444,-0.0166667,-0.0098877,0.00836182,0.160278,-0.987
1662588087,739935982,-0.03,-1.59,0.02,0,-0.00333333,-0.0166667,-0.0098877,0.00836182,0.1604,-0.987
1662588087,749928943,0.01,-1.7,-0.05,0,-0.00666667,-0.00555556,-0.0098877,0.00836182,0.1604,-0.987
1662588087,759934274,-0.03,-1.74,-0.01,0.00111111,-0.0122222,-0.0155556,-0.00982666,0.00842285,0.160461,-0.986938
1662588087,769935049,0.05,-1.72,-0.03,0,-0.0111111,-0.01,-0.00982666,0.00848389,0.160522,-0.986938
1662588087,779935916,-0.06,-1.51,-0.03,0,-0.00555556,-0.00888889,-0.00982666,0.00848389,0.160522,-0.986938
1662588087,789938525,0.03,-1.6,-0.02,0.00333333,-0.00111111,-0.0122222,-0.00982666,0.00848389,0.160583,-0.986938
1662588087,799935522,0.03,-1.33,0,0.00444444,0,-0.00666667,-0.00982666,0.00848389,0.160583,-0.986938
1662588087,809935501,-0.05,-0.17,-0.06,0.00555556,0.0133333,-0.01,-0.0098877,0.00842285,0.160645,-0.986938
1662588087,819937517,-0.04,-0.76,-0.01,0.00555556,0.00222222,-0.0122222,-0.0098877,0.00842285,0.160706,-0.986938
1662588087,829937422,0,-0.37,-0.02,0.00444444,0.00666667,-0.0133333,-0.0098877,0.00842285,0.160767,-0.986938
1662588087,839936123,-0.03,-0.81,-0.02,0.00222222,0.0133333,-0.00888889,-0.0098877,0.00836182,0.160767,-0.986938
1662588087,849967323,0.02,-0.21,-0.06,0.00333333,0.00222222,-0.0222222,-0.0098877,0.00836182,0.160889,-0.986877
1662588087,859938488,-0.01,-0.41,-0.05,0.00111111,0.00888889,-0.0288889,-0.0098877,0.00836182,0.161011,-0.986877
1662588087,869937485,-0.05,-0.42,-0.04,0,0.00111111,-0.02,-0.0098877,0.00836182,0.161133,-0.986877
1662588087,879934964,-0.03,-0.35,-0.02,0.00222222,0,-0.00888889,-0.0098877,0.00836182,0.161133,-0.986877
1662588087,889932425,0.02,-0.37,-0.04,0.00222222,0.00555556,0,-0.0098877,0.00836182,0.161133,-0.986877
1662588087,899934848,-0.03,-0.32,-0.03,0,0.00666667,-0.00444444,-0.0098877,0.00836182,0.161133,-0.986877
1662588087,909937290,-0.03,-0.71,0,0.00111111,0.00222222,-0.00222222,-0.00939941,0.00823975,0.161133,-0.986877
1662588087,919935935,0,-0.14,-0.02,0,0,-0.00333333,-0.00921631,0.00817871,0.161133,-0.986877
1662588087,929935303,-0.01,-0.33,-0.02,0.00555556,0,-0.00555556,-0.0090332,0.00817871,0.161072,-0.986877
1662588087,939941541,-0.03,-0.1,-0.02,0.00111111,0.00333333,-0.00777778,-0.00891113,0.00811768,0.161072,-0.986877
1662588087,949946649,-0.01,0.04,-0.02,0.00111111,0,-0.00444444,-0.00891113,0.00811768,0.161072,-0.986877
1662588087,959935962,-0.02,0.05,-0.02,0,0.00111111,-0.00222222,-0.00891113,0.00811768,0.161072,-0.986877
1662588087,969955218,-0.02,0.05,-0.03,0,0,-0.00111111,-0.00891113,0.00811768,0.161072,-0.986877
1662588087,979934438,-0.01,0.07,-0.02,0,0,-0.00111111,-0.00891113,0.00811768,0.161072,-0.986877
1662588087,989932787,-0.02,0.07,-0.02,-0.00111111,-0.00111111,0,-0.00891113,0.00811768,0.161072,-0.986877
1662588087,999936044,-0.01,0.07,-0.01,0,-0.00111111,0,-0.00891113,0.00811768,0.161072,-0.986877
1662588088,9934689,0,0.06,-0.05,0,-0.00111111,0,-0.00897217,0.00811768,0.161072,-0.986877
1662588088,19938724,-0.01,0.04,-0.04,-0.00111111,0.00111111,-0.00111111,-0.00897217,0.00811768,0.161072,-0.986877
1662588088,29937036,-0.01,0.09,-0.05,-0.00222222,0,-0.00222222,-0.00897217,0.00811768,0.161072,-0.986877
1662588088,39936181,-0.01,0.06,-0.01,-0.00333333,0.00222222,0,-0.00897217,0.00811768,0.161072,-0.986877
1662588088,49934475,0,0.06,-0.04,-0.00222222,0,0,-0.00897217,0.00811768,0.161072,-0.986877
1662588088,59936658,0,0.06,-0.02,0,0.00111111,-0.00111111,-0.00897217,0.00811768,0.161072,-0.986877
1662588088,69935859,0,0.06,-0.04,0,0,-0.00111111,-0.00897217,0.00811768,0.161072,-0.986877
1662588088,79935097,-0.01,0.07,-0.05,-0.00222222,0.00222222,0,-0.00897217,0.00811768,0.161072,-0.986877
1662588088,89933113,-0.01,0.07,-0.03,0,0.00444444,-0.00111111,-0.0090332,0.00811768,0.161072,-0.986877
1662588088,99936017,-0.03,0.06,-0.03,0.00111111,0.00333333,0,-0.0090332,0.00811768,0.161072,-0.986877
1662588088,109927292,-0.01,0.05,-0.05,0,0.00333333,0,-0.0090332,0.00811768,0.161133,-0.986877
1662588088,119933901,0,0.04,-0.04,0,0.00222222,0,-0.0090332,0.00811768,0.161133,-0.986877
1662588088,129934620,-0.02,0.05,-0.04,0,0,-0.00111111,-0.0090332,0.00811768,0.161133,-0.986877
1662588088,139931581,-0.01,0.05,-0.03,-0.00111111,0.00111111,0,-0.0090332,0.00811768,0.161133,-0.986877
1662588088,149931041,0,0.07,-0.02,0,-0.00111111,0,-0.0090332,0.00811768,0.161133,-0.986877
1662588088,159931798,-0.01,0.06,-0.01,0,0,0,-0.0090332,0.00811768,0.161133,-0.986877
1662588088,169932017,-0.03,0.05,-0.03,0,-0.00111111,0,-0.0090332,0.00811768,0.161133,-0.986877
1662588088,179931218,0,0.08,-0.03,0,0,-0.00222222,-0.0090332,0.00811768,0.161133,-0.986877
1662588088,189928234,-0.01,0.08,-0.03,0,0,0,-0.00909424,0.00811768,0.161133,-0.986877
1662588088,199931565,-0.01,0.07,-0.01,0,0,0,-0.00909424,0.00811768,0.161133,-0.986877
1662588088,209932469,0,0.1,-0.02,0.00666667,0.00666667,0,-0.00909424,0.00811768,0.161133,-0.986877
1662588088,219932837,-0.03,0.08,-0.05,0.00777778,0.00222222,0,-0.00909424,0.00811768,0.161133,-0.986877
1662588088,229932242,0,0.06,-0.01,0.00555556,0,-0.00222222,-0.00909424,0.00811768,0.161133,-0.986877
1662588088,239930906,-0.02,0.1,-0.03,0.00666667,-0.00111111,-0.00777778,-0.00915527,0.00811768,0.161133,-0.986877
1662588088,249929940,-0.01,0.08,-0.03,0.00444444,-0.00222222,-0.00555556,-0.00915527,0.00811768,0.161133,-0.986877
1662588088,259928363,-0.02,0.08,-0.01,0,-0.00555556,-0.00111111,-0.00915527,0.00811768,0.161133,-0.986877
1662588088,269933564,-0.03,0.08,-0.06,0,-0.00777778,-0.00111111,-0.00915527,0.00811768,0.161133,-0.986877
1662588088,279954450,-0.01,0.08,-0.02,-0.00111111,-0.00444444,0,-0.00915527,0.00811768,0.161133,-0.986877
1662588088,289925467,-0.02,0.08,-0.04,-0.00222222,-0.00444444,0.00222222,-0.00915527,0.00811768,0.161133,-0.986877
1662588088,299931871,0,0.05,-0.02,0,-0.00555556,0,-0.00921631,0.00811768,0.161133,-0.986877
1662588088,309930794,0,0.07,-0.06,0,-0.00111111,-0.00111111,-0.00921631,0.00811768,0.161133,-0.986877
1662588088,319929181,-0.01,0.06,-0.07,0,0,0,-0.00921631,0.00811768,0.161133,-0.986877
1662588088,329927419,0,0.07,-0.05,-0.00222222,0,0.00111111,-0.00921631,0.00811768,0.161133,-0.986877
1662588088,339960379,-0.01,0.07,-0.01,-0.00222222,0.00333333,0,-0.00921631,0.00811768,0.161133,-0.986877
1662588088,349935784,0,0.08,-0.04,-0.00111111,0.00333333,0,-0.00921631,0.00811768,0.161133,-0.986877
1662588088,359936614,-0.01,0.06,-0.04,-0.00111111,0.00111111,0,-0.00921631,0.00811768,0.161133,-0.986877
1662588088,369935426,0,0.04,-0.03,0,0,0,-0.00921631,0.00811768,0.161133,-0.986877
1662588088,379939646,0.03,0.08,-0.08,0,0,0,-0.00927734,0.00811768,0.161133,-0.986877
1662588088,389932458,0,0.09,-0.05,0,0.00222222,-0.00222222,-0.00927734,0.00811768,0.161133,-0.986877
1662588088,399934530,-0.02,0.06,-0.01,0,0,-0.00222222,-0.00927734,0.00811768,0.161133,-0.986877
1662588088,409936619,-0.03,0.1,-0.02,0,0,-0.00111111,-0.00927734,0.00811768,0.161133,-0.986877
1662588088,419935524,-0.04,0.12,-0.02,0.00111111,0.00111111,0,-0.00927734,0.00811768,0.161133,-0.986877
1662588088,429935836,-0.04,0.07,-0.03,0.00222222,0.00111111,-0.00222222,-0.00933838,0.00811768,0.161133,-0.986877
1662588088,439934815,0,0.07,-0.01,0,0.00333333,0,-0.00933838,0.00811768,0.161133,-0.986877
1662588088,449936275,0,0.08,-0.04,0,0,0,-0.00933838,0.00811768,0.161133,-0.986877
1662588088,459934810,0.01,0.07,-0.01,0,0.00555556,0,-0.00933838,0.00811768,0.161133,-0.986877
1662588088,469933437,0,0.04,-0.01,0.00111111,0,0,-0.00933838,0.00811768,0.161133,-0.986877
1662588088,479937582,0,0.08,-0.01,0.00444444,0,-0.00222222,-0.00933838,0.00811768,0.161133,-0.986877
1662588088,489981505,-0.02,0.07,-0.03,0,0,-0.00111111,-0.00939941,0.00811768,0.161133,-0.986877
1662588088,499937706,-0.01,0.06,-0.03,0,0,0,-0.00939941,0.00811768,0.161133,-0.986877
1662588088,509935148,-0.01,0.07,-0.07,0,0.00222222,-0.00111111,-0.00939941,0.00811768,0.161133,-0.986877
1662588088,519937238,0,0.06,-0.06,0.00111111,0.00222222,0,-0.00939941,0.00811768,0.161133,-0.986877
1662588088,529937754,0,0.06,-0.03,0.00222222,0,-0.00111111,-0.00939941,0.00811768,0.161133,-0.986877
1662588088,539935992,-0.01,0.07,-0.02,0.00222222,0.00333333,0,-0.00939941,0.00811768,0.161133,-0.986877
1662588088,549962619,0,0.09,-0.06,0,0.00111111,-0.00222222,-0.00939941,0.00811768,0.161133,-0.986877
1662588088,559942431,-0.02,0.09,-0.03,0.00222222,0.00444444,-0.00111111,-0.00946045,0.00811768,0.161133,-0.986877
1662588088,569936984,-0.03,0.1,-0.02,0,0.00333333,-0.00111111,-0.00946045,0.00811768,0.161133,-0.986877
1662588088,579936018,-0.01,0.09,-0.02,0.00222222,0.00111111,-0.00444444,-0.00946045,0.00811768,0.161133,-0.986877
1662588088,589935738,0,0.08,-0.01,0.00111111,0,-0.00333333,-0.00946045,0.00811768,0.161133,-0.986877
1662588088,599937217,0,0.06,-0.04,0,0.00555556,-0.00111111,-0.00946045,0.00811768,0.161133,-0.986877
1662588088,609934659,0,0.05,-0.02,0.00111111,0.00111111,0,-0.00952148,0.00811768,0.161133,-0.986877
1662588088,619935989,0.01,0.09,-0.08,0,0,0,-0.00952148,0.00811768,0.161133,-0.986877
1662588088,629936635,0,0.07,-0.06,0,0.00111111,-0.00111111,-0.00952148,0.00811768,0.161133,-0.986877
1662588088,639932095,-0.02,0.1,-0.03,0,0,0,-0.00952148,0.00811768,0.161133,-0.986877
1662588088,649930296,0,0.11,-0.03,0.00333333,0.00111111,-0.00111111,-0.00952148,0.00811768,0.161133,-0.986877
1662588088,659930479,-0.02,0.09,-0.03,0,-0.00222222,-0.00111111,-0.00958252,0.00811768,0.161133,-0.986877
1662588088,669931087,-0.01,0.1,-0.04,0,-0.00111111,-0.00111111,-0.00958252,0.00811768,0.161133,-0.986877
1662588088,679933084,-0.01,0.09,-0.02,-0.00111111,-0.00222222,-0.00111111,-0.00958252,0.00811768,0.161133,-0.986877
1662588088,689931785,-0.01,0.07,-0.02,-0.00222222,0,0,-0.00958252,0.00811768,0.161133,-0.986877
1662588088,699933653,-0.01,0.08,-0.04,-0.00222222,0,0,-0.00964355,0.00811768,0.161133,-0.986877
1662588088,709937132,0,0.05,-0.02,-0.00333333,-0.00222222,0,-0.00964355,0.00817871,0.161133,-0.986877
1662588088,719933925,0,0.08,-0.06,-0.00111111,-0.00222222,0,-0.00964355,0.00817871,0.161133,-0.986877
1662588088,729932423,-0.01,0.08,-0.04,-0.00222222,-0.00444444,0,-0.00964355,0.00817871,0.161133,-0.986877
1662588088,739931402,-0.01,0.1,-0.05,-0.00333333,0.00111111,0,-0.00964355,0.00817871,0.161133,-0.986877
1662588088,749935640,-0.02,0.08,-0.02,-0.00111111,0,0.00111111,-0.00964355,0.00817871,0.161133,-0.986877
1662588088,759936544,-0.02,0.07,-0.03,-0.00222222,-0.00555556,0,-0.00970459,0.00817871,0.161133,-0.986877
1662588088,769936542,-0.01,0.08,-0.05,-0.00222222,-0.00333333,0.00111111,-0.00970459,0.00817871,0.161133,-0.986877
1662588088,779936872,-0.01,0.08,-0.01,0,-0.00333333,0,-0.00970459,0.00817871,0.161133,-0.986877
1662588088,789936888,0,0.06,-0.03,-0.00111111,-0.00222222,0,-0.00970459,0.00817871,0.161133,-0.986877
1662588088,799936645,0,0.07,-0.02,-0.00333333,-0.00222222,0.00111111,-0.00970459,0.00817871,0.161133,-0.986877
1662588088,809939457,0,0.07,-0.02,-0.00333333,0,0,-0.00970459,0.00817871,0.161133,-0.986877
1662588088,819938843,-0.01,0.06,-0.05,0,-0.00333333,0,-0.00976562,0.00817871,0.161133,-0.986877
1662588088,829938063,-0.01,0.06,-0.02,-0.00111111,-0.00222222,0,-0.00976562,0.00817871,0.161133,-0.986877
1662588088,839938504,0,0.06,-0.02,-0.00111111,-0.00333333,0.00222222,-0.00976562,0.00817871,0.161133,-0.986877
1662588088,849934668,-0.02,0.08,-0.03,-0.00111111,0,0.00111111,-0.00976562,0.00817871,0.161133,-0.986877
1662588088,859936925,0,0.04,-0.05,0.00111111,0,0,-0.00976562,0.00817871,0.161133,-0.986877
1662588088,869934682,-0.01,0.08,-0.02,0.00222222,0.00222222,0,-0.00976562,0.00817871,0.161133,-0.986877
1662588088,879934827,-0.01,0.08,-0.04,0,0,0,-0.00976562,0.00817871,0.161133,-0.986877
1662588088,889934435,-0.01,0.06,-0.03,0,0,0,-0.00976562,0.00817871,0.161133,-0.986877
1662588088,899936803,-0.01,0.09,-0.03,0,0,0,-0.00982666,0.00817871,0.161133,-0.986877
1662588088,909937208,0,0.05,-0.01,0,0,0.00111111,-0.00982666,0.00817871,0.161133,-0.986877
1662588088,919936372,-0.01,0.08,-0.04,-0.00111111,0,0,-0.00982666,0.00817871,0.161133,-0.986877
1662588088,929935832,-0.02,0.1,-0.02,0,0,0,-0.00982666,0.00817871,0.161133,-0.986877
1662588088,939930904,-0.02,0.06,-0.03,0,0,-0.00111111,-0.00982666,0.00817871,0.161133,-0.986877
1662588088,949932068,-0.01,0.07,-0.04,0,0.00111111,-0.00222222,-0.00982666,0.00817871,0.161133,-0.986877
1662588088,959931139,-0.03,0.07,-0.02,0,0,0,-0.0098877,0.00817871,0.161133,-0.986877
1662588088,969931840,-0.01,0.08,-0.05,0,0,-0.00111111,-0.0098877,0.00817871,0.161133,-0.986877
1662588088,979932837,-0.02,0.07,0,-0.00111111,-0.00111111,-0.00111111,-0.0098877,0.00817871,0.161133,-0.986877
1662588088,989931983,-0.01,0.08,-0.05,0,0.00111111,-0.00444444,-0.0098877,0.00817871,0.161133,-0.986877
1662588088,999931980,-0.02,0.08,-0.05,-0.00222222,0,-0.00777778,-0.0098877,0.00817871,0.161194,-0.986816
1662588089,9932663,-0.02,0.07,-0.02,-0.00111111,0.00222222,-0.0122222,-0.0098877,0.00811768,0.161194,-0.986816
1662588089,19931401,-0.02,0.07,-0.07,-0.00111111,0,-0.01,-0.0098877,0.00811768,0.161194,-0.986816
1662588089,29930694,-0.01,0.09,-0.02,-0.00111111,-0.00222222,-0.00222222,-0.0098877,0.00811768,0.161194,-0.986816
1662588089,39934062,-0.01,0.06,-0.06,-0.00111111,-0.00666667,0,-0.0098877,0.00811768,0.161194,-0.986816
1662588089,49934485,-0.02,0.07,0.02,-0.00333333,-0.00444444,0,-0.0098877,0.00811768,0.161194,-0.986816
1662588089,59931538,0,0.06,-0.03,-0.00333333,-0.00555556,0.00333333,-0.0098877,0.00811768,0.161194,-0.986816
1662588089,69931739,-0.03,0.09,-0.04,-0.00444444,-0.00888889,0.00333333,-0.0098877,0.00811768,0.161194,-0.986816
1662588089,79931588,-0.02,0.09,-0.05,-0.00222222,-0.00666667,0,-0.0098877,0.00811768,0.161194,-0.986816
1662588089,89931733,-0.01,0.09,-0.03,-0.00222222,-0.00555556,0.00111111,-0.0098877,0.00811768,0.161194,-0.986816
1662588089,99932138,0,0.09,-0.01,-0.00111111,-0.00333333,0,-0.0098877,0.00811768,0.161194,-0.986816
1662588089,109929858,-0.01,0.08,-0.04,-0.00222222,-0.00444444,0.00111111,-0.0098877,0.00811768,0.161194,-0.986816
1662588089,119934910,0,0.05,-0.05,-0.00111111,-0.00222222,0,-0.0098877,0.00811768,0.161194,-0.986816
1662588089,129932315,-0.02,0.05,-0.02,-0.00222222,-0.00222222,0.00222222,-0.0098877,0.00811768,0.161194,-0.986816
1662588089,139935590,-0.01,0.06,-0.05,-0.00111111,-0.00111111,0,-0.0098877,0.00811768,0.161194,-0.986816
1662588089,149936458,-0.01,0.08,-0.03,-0.00222222,-0.00222222,0.00222222,-0.0098877,0.00811768,0.161194,-0.986816
1662588089,159934603,-0.02,0.07,-0.02,-0.00222222,-0.00444444,0,-0.0098877,0.00811768,0.161194,-0.986816
1662588089,169935267,0,0.08,-0.04,0,0,0.00111111,-0.0098877,0.00811768,0.161194,-0.986816
1662588089,179937931,-0.02,0.07,-0.04,0,-0.00333333,0,-0.0098877,0.00811768,0.161194,-0.986816
1662588089,189937336,-0.02,0.08,-0.03,0,0,0.00111111,-0.0098877,0.00811768,0.161194,-0.986816
1662588089,199937000,-0.02,0.07,-0.04,0,0,0,-0.0098877,0.00811768,0.161194,-0.986816
1662588089,209936664,-0.01,0.07,-0.03,0,0.00111111,0,-0.0098877,0.00811768,0.161194,-0.986816
1662588089,219936068,-0.01,0.09,-0.03,-0.00111111,0,0,-0.0098877,0.00811768,0.161194,-0.986816
1662588089,229940732,0,0.08,-0.02,0,0.00111111,0.00222222,-0.0098877,0.00811768,0.161194,-0.986816
1662588089,239935970,-0.02,0.08,-0.03,0,0,0.00111111,-0.0098877,0.00811768,0.161194,-0.986816
1662588089,249932245,-0.02,0.09,-0.03,0,-0.00111111,0.00222222,-0.0098877,0.00811768,0.161194,-0.986816
1662588089,259929243,-0.02,0.08,-0.04,0,0.00333333,0.00111111,-0.0098877,0.00811768,0.161194,-0.986816
1662588089,269931018,-0.01,0.08,-0.05,0,0,0.00333333,-0.0098877,0.00811768,0.161194,-0.986816
1662588089,279932256,0,0.08,-0.03,0,0.00111111,0.00111111,-0.0098877,0.00811768,0.161194,-0.986816
1662588089,289931883,-0.02,0.09,-0.03,0,-0.00111111,0.00111111,-0.0098877,0.00811768,0.161194,-0.986816
1662588089,299932472,-0.02,0.08,-0.02,0,0,0.00222222,-0.0098877,0.00811768,0.161194,-0.986816
1662588089,309932451,0,0.07,-0.04,0,0.00222222,0.00111111,-0.0098877,0.00811768,0.161194,-0.986816
1662588089,319934337,-0.01,0.09,-0.05,0,-0.00222222,0.00111111,-0.0098877,0.00811768,0.161194,-0.986816
1662588089,329934094,-0.01,0.09,-0.04,0,-0.00111111,0,-0.0098877,0.00811768,0.161194,-0.986816
1662588089,339933406,0,0.07,-0.05,0,-0.00444444,0,-0.0098877,0.00811768,0.161194,-0.986816
1662588089,349930607,-0.02,0.08,-0.01,0,-0.00111111,0.00111111,-0.0098877,0.00811768,0.161194,-0.986816
1662588089,359930586,-0.01,0.08,-0.02,-0.00111111,0,0.00111111,-0.0098877,0.00811768,0.161194,-0.986816
1662588089,369932176,-0.01,0.07,-0.07,0,-0.00111111,0.00111111,-0.0098877,0.00811768,0.161194,-0.986816
1662588089,379932099,-0.01,0.08,-0.02,0,-0.00111111,0,-0.0098877,0.00811768,0.161194,-0.986816
1662588089,389931170,-0.02,0.07,-0.01,0,0,0.00333333,-0.0098877,0.00811768,0.161194,-0.986816
1662588089,399933760,-0.02,0.08,-0.02,-0.00222222,0,0,-0.0098877,0.00811768,0.161194,-0.986816
1662588089,409930165,-0.02,0.07,-0.02,0,0,0.00111111,-0.0098877,0.00811768,0.161194,-0.986816
1662588089,419930680,-0.01,0.08,-0.08,0,0.00333333,0,-0.0098877,0.00811768,0.161194,-0.986816
1662588089,429935029,-0.02,0.09,-0.04,0,-0.00111111,0,-0.0098877,0.00811768,0.161194,-0.986816
