1662623872,908697845,-0.03,-0.04,-0.1,0,0,0,-0.024353,0.0529785,-0.865967,0.496765
1662623872,918707107,-0.05,-0.05,-0.1,0,0,0,-0.024353,0.0529785,-0.865967,0.496765
1662623872,928705555,-0.03,-0.03,-0.11,0,0,0,-0.024353,0.0529785,-0.865967,0.496765
1662623872,938701762,-0.04,-0.04,-0.12,0,-0.00222222,0,-0.024353,0.0529785,-0.865967,0.496765
1662623872,948701617,-0.04,-0.03,-0.1,0,-0.00111111,0,-0.024353,0.0529785,-0.865967,0.496765
1662623872,958700195,-0.02,-0.02,-0.1,0.00111111,0,0,-0.024353,0.0529785,-0.865967,0.496765
1662623872,968696809,-0.02,-0.02,-0.1,0,0,0,-0.024353,0.0529785,-0.865967,0.496765
1662623872,978701016,-0.04,-0.04,-0.11,0,0,0,-0.024353,0.0529785,-0.865967,0.496765
1662623872,988698445,-0.03,-0.03,-0.13,0,0.00111111,0,-0.024353,0.0529785,-0.865967,0.496765
1662623872,998698245,-0.04,-0.04,-0.12,0,0,0.00222222,-0.024353,0.0529785,-0.865967,0.496765
1662623873,8690822,-0.05,-0.02,-0.1,0,-0.00111111,0,-0.024353,0.0529785,-0.865967,0.496765
1662623873,18701214,-0.05,-0.02,-0.1,0,0,0.00111111,-0.024353,0.0529785,-0.865967,0.496765
1662623873,28698847,-0.03,-0.04,-0.1,0,0,0.00111111,-0.024353,0.0529785,-0.865967,0.496765
1662623873,38699962,0,-0.05,-0.11,0,-0.00111111,0.00222222,-0.024353,0.0529785,-0.865967,0.496765
1662623873,48697447,-0.02,-0.04,-0.11,0,0,0,-0.024353,0.0529785,-0.865967,0.496765
1662623873,58698505,-0.03,-0.06,-0.09,0,0,0,-0.024353,0.0529785,-0.865967,0.496765
1662623873,68698138,-0.03,-0.06,-0.09,0,0,0.00111111,-0.024353,0.0529785,-0.865967,0.496765
1662623873,78697567,-0.03,-0.04,-0.1,0,0,0,-0.024353,0.0529785,-0.865967,0.496765
1662623873,88700182,-0.05,-0.06,-0.14,0,0,0,-0.024353,0.0529785,-0.865967,0.496765
1662623873,98703407,-0.03,-0.04,-0.1,-0.00111111,-0.00111111,0,-0.024353,0.0529785,-0.865967,0.496765
1662623873,108695651,-0.05,-0.03,-0.08,0,-0.00333333,0,-0.024353,0.0529785,-0.865967,0.496765
1662623873,118700247,-0.05,-0.03,-0.08,0,0.00111111,0,-0.024353,0.0529785,-0.865967,0.496765
1662623873,128714899,-0.03,-0.02,-0.1,0,0,0,-0.024353,0.0529785,-0.865967,0.496765
1662623873,138715105,-0.03,-0.06,-0.11,0,0,-0.00222222,-0.024353,0.0529785,-0.865967,0.496765
1662623873,148707757,-0.03,-0.04,-0.11,0,-0.00111111,0,-0.024353,0.0529785,-0.865967,0.496765
1662623873,158712964,-0.03,-0.03,-0.09,0,0,0,-0.024353,0.0529785,-0.865967,0.496765
1662623873,168712208,-0.03,-0.03,-0.09,0,-0.00222222,-0.00111111,-0.024353,0.0529785,-0.865967,0.496765
1662623873,178708841,-0.05,-0.04,-0.13,0,-0.00333333,0,-0.024353,0.0529785,-0.865967,0.496765
1662623873,188710974,-0.04,-0.04,-0.12,-0.00111111,0,0,-0.024353,0.0529785,-0.865967,0.496765
1662623873,198715236,-0.03,-0.04,-0.1,-0.00111111,-0.00333333,0,-0.024353,0.0529785,-0.865967,0.496765
1662623873,208712369,-0.03,-0.04,-0.11,0,0,0,-0.024353,0.0529785,-0.865967,0.496765
1662623873,218711206,-0.03,-0.04,-0.11,0,0,0,-0.024353,0.0529785,-0.865967,0.496765
1662623873,228710542,-0.05,-0.02,-0.09,0,-0.00222222,0,-0.024353,0.0529785,-0.865967,0.496765
1662623873,238774101,-0.03,-0.03,-0.11,0.00111111,0.00111111,-0.00111111,-0.024353,0.0529785,-0.865967,0.496765
1662623873,248771345,-0.04,-0.05,-0.11,0,0,0,-0.024353,0.0529785,-0.865967,0.496765
1662623873,258773033,-0.05,-0.05,-0.12,0,-0.00111111,0,-0.024353,0.0529785,-0.865967,0.496765
1662623873,268765333,-0.05,-0.05,-0.12,0,0,0,-0.024353,0.0529785,-0.865967,0.496765
1662623873,278714337,-0.03,-0.04,-0.11,0,-0.00333333,0,-0.024353,0.0529785,-0.865967,0.496765
1662623873,288710081,-0.03,-0.04,-0.11,0,-0.00333333,0,-0.024353,0.0529785,-0.865967,0.496765
1662623873,298773917,-0.04,-0.04,-0.1,0.00111111,0,0,-0.024353,0.0529785,-0.865967,0.496765
1662623873,308711791,-0.03,-0.04,-0.1,0,0,0.00222222,-0.024353,0.0529785,-0.865967,0.496765
1662623873,318710313,-0.03,-0.04,-0.1,0,0,0.00222222,-0.024353,0.0529785,-0.865967,0.496765
1662623873,328712427,-0.04,-0.03,-0.11,0,0,-0.00111111,-0.024353,0.0529785,-0.865967,0.496765
1662623873,338709560,-0.04,-0.03,-0.11,-0.00111111,0.00222222,0,-0.024353,0.0529785,-0.865967,0.496765
1662623873,348707434,-0.02,-0.04,-0.11,-0.00222222,0,0,-0.024353,0.0529785,-0.865967,0.496765
1662623873,358706270,-0.03,-0.03,-0.1,0,0.00333333,0,-0.024353,0.0529785,-0.865967,0.496765
1662623873,368706385,-0.03,-0.03,-0.1,0,0,0,-0.024353,0.0529785,-0.865967,0.496765
1662623873,378714369,-0.04,-0.03,-0.14,0,0,0,-0.024353,0.0529785,-0.865967,0.496765
1662623873,388713280,-0.03,-0.04,-0.09,0,0,0,-0.024353,0.0529785,-0.865967,0.496765
1662623873,398711876,-0.04,-0.03,-0.09,0,0,0.00111111,-0.024353,0.0529785,-0.865967,0.496765
1662623873,408712027,-0.02,-0.04,-0.11,0,0,-0.00111111,-0.024353,0.0529785,-0.865967,0.496765
1662623873,418708475,-0.02,-0.04,-0.11,0,0.00111111,0,-0.024353,0.0529785,-0.865967,0.496765
1662623873,428717682,-0.04,-0.03,-0.08,0,-0.00111111,0,-0.024353,0.0529785,-0.865967,0.496765
1662623873,438713574,-0.05,-0.02,-0.14,0,-0.00111111,0,-0.024353,0.0529785,-0.865967,0.496765
1662623873,448712263,-0.03,-0.04,-0.08,-0.00222222,0.00111111,0,-0.024353,0.0529785,-0.865967,0.496765
1662623873,458713729,-0.05,-0.02,-0.1,-0.00111111,0.00222222,0,-0.024353,0.0529785,-0.865967,0.496765
1662623873,468713380,-0.05,-0.02,-0.1,0,0,0,-0.024353,0.0529785,-0.865967,0.496765
1662623873,478714921,-0.03,-0.05,-0.1,-0.00222222,0.00333333,-0.00111111,-0.024353,0.0529785,-0.865967,0.496765
1662623873,488713257,-0.05,-0.06,-0.13,0,0.00222222,0,-0.024353,0.0529785,-0.865967,0.496765
1662623873,498785464,-0.03,-0.03,-0.12,0,0.00111111,0,-0.024353,0.0529785,-0.865967,0.496765
1662623873,508714190,-0.06,-0.07,-0.1,-0.00111111,0,0,-0.024353,0.0529785,-0.865967,0.496765
1662623873,518713582,-0.06,-0.07,-0.1,0,0.00111111,0,-0.024353,0.0529785,-0.865967,0.496765
1662623873,528716919,-0.03,-0.04,-0.11,-0.00111111,0.00222222,0,-0.024353,0.0529785,-0.865967,0.496765
1662623873,538714107,-0.03,-0.04,-0.11,0,0.00222222,-0.00111111,-0.024353,0.0529785,-0.865967,0.496765
1662623873,548714166,-0.03,-0.01,-0.11,0,-0.00111111,0,-0.024353,0.0529785,-0.865967,0.496765
1662623873,558715354,-0.03,-0.01,-0.11,0,0,0,-0.024353,0.0529785,-0.865967,0.496765
1662623873,568708061,-0.02,-0.05,-0.09,0.00111111,-0.00333333,-0.00111111,-0.024353,0.0529785,-0.865967,0.496765
1662623873,578712639,-0.02,-0.04,-0.11,0,-0.00111111,0,-0.024353,0.0529785,-0.865967,0.496765
1662623873,588713809,-0.04,-0.03,-0.1,0.00222222,0,0,-0.024353,0.0529785,-0.865967,0.496765
1662623873,598713812,-0.04,-0.04,-0.11,0.00111111,-0.00111111,0,-0.024353,0.0529785,-0.865967,0.496765
1662623873,608707093,-0.04,-0.03,-0.11,0,-0.00333333,0,-0.024353,0.0529785,-0.865967,0.496765
1662623873,618713504,-0.04,-0.03,-0.11,0,0,-0.00222222,-0.024353,0.0529785,-0.865967,0.496765
1662623873,628744229,-0.04,-0.05,-0.11,0,0,0,-0.024353,0.0529785,-0.865967,0.496765
1662623873,638711510,-0.05,-0.04,-0.1,0,0.00111111,0,-0.024353,0.0529785,-0.865967,0.496765
1662623873,648769050,-0.02,-0.04,-0.12,0,0,0,-0.024353,0.0529785,-0.865967,0.496765
1662623873,658765794,-0.02,-0.03,-0.11,-0.00111111,0,0,-0.024353,0.0529785,-0.865967,0.496765
1662623873,668773945,-0.03,-0.05,-0.1,0,0.00111111,0,-0.024353,0.0529785,-0.865967,0.496765
1662623873,678739634,-0.03,-0.03,-0.11,0,0.00111111,0,-0.024353,0.0529785,-0.865967,0.496765
1662623873,688712101,-0.03,-0.04,-0.12,0,0.00111111,0,-0.024353,0.0529785,-0.865967,0.496765
1662623873,698740807,-0.04,-0.05,-0.11,0,0,0.00111111,-0.024353,0.0529785,-0.865967,0.496765
1662623873,708711218,-0.06,-0.02,-0.13,0,0,0,-0.024353,0.0529785,-0.865967,0.496765
1662623873,718718222,-0.05,-0.03,-0.1,0,0.00111111,0.00111111,-0.024353,0.0529785,-0.865967,0.496765
1662623873,728773891,-0.03,-0.03,-0.09,0,0.00111111,-0.00111111,-0.024353,0.0529785,-0.865967,0.496765
1662623873,738718321,-0.02,-0.03,-0.1,0,0,0,-0.024353,0.0529785,-0.865967,0.496765
1662623873,748772342,-0.04,-0.05,-0.13,0,0,0,-0.024353,0.0529785,-0.865967,0.496765
1662623873,758719327,-0.04,-0.03,-0.11,0,0,0.00222222,-0.024353,0.0529785,-0.865967,0.496765
1662623873,768769571,-0.03,-0.04,-0.09,0,0,-0.00222222,-0.024353,0.0529785,-0.865967,0.496765
1662623873,778778741,-0.03,-0.03,-0.1,0.00111111,0.00111111,-0.00111111,-0.024353,0.0529785,-0.865967,0.496765
1662623873,788780522,-0.03,-0.04,-0.1,0,0.00444444,-0.00222222,-0.024353,0.0529785,-0.865967,0.496765
1662623873,798775932,-0.03,-0.02,-0.14,0,0.00111111,-0.00222222,-0.024353,0.0529785,-0.865967,0.496765
1662623873,808737862,-0.02,-0.04,-0.12,0,0.00222222,-0.00222222,-0.024353,0.0529785,-0.865967,0.496765
1662623873,818760069,-0.04,-0.02,-0.09,0,0.00111111,-0.00222222,-0.024353,0.0529785,-0.865967,0.496765
1662623873,828709998,-0.02,-0.03,-0.09,0,0,0,-0.024353,0.0529785,-0.865967,0.496765
1662623873,838778260,-0.03,-0.06,-0.1,0,0.00444444,0,-0.024353,0.0529785,-0.865967,0.496765
1662623873,848706024,2.05,-0.18,-0.18,0,0.00555556,0,-0.024353,0.0529785,-0.865967,0.496765
1662623873,858711230,1.24,0.21,-0.14,0.00777778,0.0288889,0.0344444,-0.024231,0.0531006,-0.865845,0.496887
1662623873,868739771,0.79,-0.12,-0.13,0.00333333,0.01,0.0166667,-0.0241699,0.0531006,-0.865845,0.496948
1662623873,878772848,1.07,0.01,-0.13,0,-0.00444444,0.0155556,-0.0241699,0.0531006,-0.865784,0.497009
1662623873,888778721,1.18,0,-0.15,0.00111111,-0.00555556,0.00555556,-0.0241699,0.0531006,-0.865784,0.497009
1662623873,898769206,1.2,-0.05,-0.16,0,-0.00222222,0.01,-0.0241699,0.0531006,-0.865723,0.49707
1662623873,908783154,1.42,-0.03,-0.13,0,-0.00555556,0.00777778,-0.0241699,0.0531006,-0.865723,0.49707
1662623873,918744009,1.01,-0.06,-0.17,0,-0.01,0.00444444,-0.024231,0.0531006,-0.865723,0.49707
1662623873,928777549,0.64,-0.01,-0.1,0,-0.01,0.00333333,-0.024292,0.0530396,-0.865723,0.49707
1662623873,938739905,0.75,-0.09,-0.12,-0.00222222,-0.0166667,0.00444444,-0.024353,0.0530396,-0.865723,0.49707
1662623873,948711075,0.92,-0.01,-0.19,-0.00555556,-0.0133333,0,-0.0244141,0.0529785,-0.865723,0.49707
1662623873,958775559,1.17,-0.06,-0.17,-0.00666667,-0.0122222,0.00444444,-0.0244751,0.0529175,-0.865723,0.49707
1662623873,968735766,0.66,-0.02,-0.11,-0.00444444,-0.00444444,0,-0.0244751,0.0529175,-0.865723,0.49707
1662623873,978711529,1.32,-0.13,-0.12,-0.00333333,0,-0.00333333,-0.026001,0.0522461,-0.865784,0.497009
1662623873,988716366,0.99,-0.07,-0.11,0,0.01,-0.0111111,-0.0274048,0.0516357,-0.865845,0.496887
1662623873,998712980,0.64,0.02,-0.14,0.00222222,0.0144444,-0.00777778,-0.0285034,0.0510254,-0.865906,0.496765
1662623874,8710132,0.77,-0.08,-0.09,0.01,0.0122222,-0.00333333,-0.029541,0.0505371,-0.865906,0.496704
1662623874,18738338,0.56,-0.08,-0.08,0.0111111,0.00444444,-0.0122222,-0.029541,0.0504761,-0.865967,0.496643
1662623874,28711286,1.12,-0.01,-0.13,0.0133333,0.0144444,-0.00888889,-0.0294189,0.050415,-0.865967,0.496643
1662623874,38776622,0.94,-0.02,-0.19,0.01,-0.00111111,0,-0.0294189,0.050415,-0.865967,0.496643
1662623874,48716737,0.81,0.04,-0.22,0.0133333,0.00777778,0.00555556,-0.0305786,0.0496826,-0.866028,0.496582
1662623874,58716907,0.49,-0.02,-0.09,0.00333333,-0.01,0.0177778,-0.0314331,0.0492554,-0.865967,0.496643
1662623874,68773225,-0.18,0.08,-0.17,-0.00444444,-0.00666667,0.0166667,-0.0314331,0.0492554,-0.865967,0.496704
1662623874,78716914,0.2,-0.04,-0.16,-0.00666667,0,0.00888889,-0.0314331,0.0492554,-0.865967,0.496704
1662623874,88775638,0.63,-0.02,-0.14,-0.0111111,-0.00444444,0.00888889,-0.0314331,0.0493164,-0.865967,0.496704
1662623874,98769808,0.17,-0.01,-0.14,-0.0144444,0.0155556,0.00222222,-0.0313721,0.0493774,-0.865967,0.496704
1662623874,108774330,1.09,-0.04,-0.11,-0.00777778,0.0177778,0.00222222,-0.031311,0.0494385,-0.865967,0.496704
1662623874,118744537,0.61,-0.06,-0.16,0,-0.00555556,0,-0.031311,0.0494385,-0.865967,0.496704
1662623874,128767040,0.64,-0.01,-0.1,-0.00111111,-0.00777778,0.0133333,-0.031311,0.0494385,-0.865906,0.496765
1662623874,138767951,0.96,-0.16,-0.1,-0.00777778,-0.00333333,0.00555556,-0.031311,0.0494385,-0.865906,0.496765
1662623874,148716473,1.51,0.06,-0.2,-0.0133333,-0.00777778,-0.00333333,-0.0313721,0.0494995,-0.865906,0.496765
1662623874,158775421,1.55,-0.12,-0.12,-0.0177778,-0.00888889,-0.0188889,-0.0314331,0.0495605,-0.865967,0.496643
1662623874,168716221,2.19,-0.04,-0.19,-0.00888889,-0.0144444,-0.0188889,-0.0314941,0.0495605,-0.866028,0.496582
1662623874,178711224,1.11,-0.08,-0.11,-0.00555556,-0.0144444,-0.00666667,-0.0315552,0.0494995,-0.866028,0.496582
1662623874,188780912,0.64,-0.13,-0.14,-0.00666667,0.0177778,0.00555556,-0.0314331,0.0495605,-0.866028,0.496582
1662623874,198725082,0.49,0.17,-0.13,-0.00111111,0.0177778,0.00444444,-0.0313721,0.0496216,-0.866028,0.496582
1662623874,208752659,-0.57,-0.05,-0.13,0.00333333,-0.00222222,-0.0222222,-0.0313721,0.0496216,-0.866089,0.49646
1662623874,218776551,-2.03,-0.39,-0.02,0.0111111,-0.00555556,-0.0266667,-0.0313721,0.0495605,-0.86615,0.496399
1662623874,228719777,-1.97,0.03,-0.05,0.01,-0.0222222,-0.0155556,-0.0314331,0.0494385,-0.86615,0.496277
1662623874,238714910,-1.55,-0.13,-0.08,0.00222222,-0.0155556,-0.00111111,-0.0314941,0.0493774,-0.86615,0.496338
1662623874,248730802,-1.54,-0.08,-0.1,-0.00555556,-0.02,0.0122222,-0.0316162,0.0493774,-0.86615,0.496399
1662623874,258747657,-0.92,0.07,-0.15,-0.0133333,0.00333333,0.00777778,-0.0316162,0.0494385,-0.86615,0.496399
1662623874,268784697,-0.34,-0.18,-0.11,-0.0155556,-0.01,0,-0.0317383,0.0494385,-0.86615,0.496399
1662623874,278781348,-0.66,0.02,-0.11,-0.00888889,-0.01,0,-0.0317383,0.0494385,-0.86615,0.496399
1662623874,288716926,-0.05,-0.16,-0.1,0.00222222,0.0166667,-0.00555556,-0.0316772,0.0494995,-0.86615,0.496338
1662623874,298716467,0.44,-0.1,-0.16,-0.00111111,0.0277778,0.0111111,-0.0315552,0.0495605,-0.866089,0.496399
1662623874,308713285,0.63,0,-0.11,0,0.0166667,0.0122222,-0.0314941,0.0495605,-0.866089,0.49646
1662623874,318825120,0.26,0.05,-0.12,0.00222222,0.0155556,0.00111111,-0.0314331,0.0496216,-0.866089,0.49646
1662623874,328713162,0.51,0.06,-0.11,-0.00444444,-0.0111111,-0.0155556,-0.0314941,0.0496216,-0.866089,0.496399
1662623874,338774720,-0.18,-0.18,-0.13,-0.00666667,-0.0377778,-0.0177778,-0.0316162,0.0494995,-0.86615,0.496338
1662623874,348769168,-1.37,-0.03,-0.06,-0.0155556,-0.0544444,-0.0122222,-0.0319214,0.0494385,-0.86615,0.496277
1662623874,358774597,-1.94,-0.21,-0.13,-0.00888889,-0.0233333,-0.0122222,-0.0320435,0.0493774,-0.866211,0.496216
1662623874,368717045,-1.45,-0.13,-0.1,0,-0.00333333,-0.01,-0.0320435,0.0493774,-0.866211,0.496155
1662623874,378738233,-2.22,-0.25,-0.07,0.00222222,0,0.00222222,-0.0320435,0.0493774,-0.866211,0.496155
1662623874,388714996,-1.79,0.03,-0.04,-0.00111111,0,-0.00666667,-0.0320435,0.0493774,-0.866211,0.496155
1662623874,398773999,-0.81,-0.1,-0.08,-0.00111111,0.0211111,-0.00555556,-0.0319214,0.0494385,-0.866211,0.496155
1662623874,408719058,0.17,0,-0.11,0.00111111,0.0166667,-0.00666667,-0.0318604,0.0494385,-0.866211,0.496155
1662623874,418711376,0.81,0.14,-0.12,0.00444444,0.00777778,-0.00222222,-0.0318604,0.0494385,-0.866211,0.496155
1662623874,428710268,0.84,-0.15,-0.15,0.00333333,0.00333333,-0.0166667,-0.0318604,0.0494385,-0.866272,0.496094
1662623874,438774271,0.33,-0.01,-0.08,0.00222222,-0.00777778,-0.00111111,-0.0318604,0.0494385,-0.866272,0.496094
1662623874,448716386,-0.35,-0.16,-0.15,0.00555556,-0.0177778,0.00222222,-0.0319214,0.0494385,-0.866272,0.496094
1662623874,458774611,-0.05,-0.15,-0.09,0.00777778,-0.00222222,-0.00444444,-0.0319214,0.0494385,-0.866272,0.496094
1662623874,468716967,-0.56,-0.09,-0.05,0.0111111,-0.0144444,-0.00333333,-0.0319824,0.0493164,-0.866272,0.496094
1662623874,478772821,-1.45,-0.17,-0.1,0.00444444,-0.0166667,-0.00888889,-0.0320435,0.0493164,-0.866272,0.496094
1662623874,488768750,-0.58,-0.16,-0.08,0,-0.00777778,-0.00777778,-0.0320435,0.0493164,-0.866272,0.496094
1662623874,498770346,-0.9,0.02,-0.1,0.00333333,0.00555556,0.00222222,-0.0320435,0.0493164,-0.866272,0.496094
1662623874,508717554,0,-0.03,-0.12,0.00333333,0.0177778,0.00111111,-0.0319824,0.0493164,-0.866272,0.496094
1662623874,518711168,0.03,-0.21,-0.09,-0.00222222,-0.00666667,0.00666667,-0.0319824,0.0493164,-0.866272,0.496094
1662623874,528718949,0.01,0.04,-0.11,-0.00222222,-0.0133333,0.00888889,-0.0320435,0.0493164,-0.866272,0.496094
1662623874,538714249,-0.62,0.05,-0.12,0,-0.00666667,-0.00222222,-0.0320435,0.0493164,-0.866272,0.496094
1662623874,548713530,-0.35,-0.12,-0.11,-0.0111111,0.0144444,-0.00888889,-0.0319824,0.0493774,-0.866272,0.496094
1662623874,558715181,-0.18,-0.04,-0.14,-0.00555556,0.0255556,-0.00444444,-0.0318604,0.0494385,-0.866272,0.496094
1662623874,568713999,0.08,-0.02,-0.1,-0.00777778,0.0344444,-0.00222222,-0.0317383,0.0495605,-0.866272,0.496094
1662623874,578717410,-0.19,-0.15,-0.1,-0.00222222,0.00666667,0.00111111,-0.0316772,0.0496216,-0.866272,0.496094
1662623874,588713709,-1,-0.03,-0.05,-0.00222222,-0.00666667,0,-0.031311,0.0499268,-0.866272,0.496094
1662623874,598713731,-0.44,-0.14,-0.04,-0.00444444,-0.01,0,-0.0310059,0.0501709,-0.866211,0.496155
1662623874,608714179,-1.16,-0.19,-0.07,0.00333333,-0.00555556,0.00222222,-0.0310059,0.0501709,-0.866211,0.496155
1662623874,618714552,-1.67,0.02,-0.1,0.00222222,-0.0133333,0,-0.0310669,0.0501099,-0.866211,0.496155
1662623874,628717315,-1.03,-0.08,-0.07,0.00444444,-0.00444444,-0.00444444,-0.0310669,0.0501099,-0.866211,0.496155
1662623874,638715003,-0.97,-0.19,-0.06,0.00555556,-0.0122222,-0.00222222,-0.0311279,0.0501099,-0.866211,0.496155
1662623874,648716340,-0.45,-0.08,-0.11,0.00444444,-0.0277778,-0.00111111,-0.03125,0.0500488,-0.866211,0.496155
1662623874,658751454,-0.01,-0.11,-0.08,0,-0.0255556,-0.00444444,-0.0313721,0.0499878,-0.866211,0.496155
1662623874,668714365,-0.38,-0.02,-0.14,0.00111111,-0.0144444,-0.00777778,-0.0314331,0.0499268,-0.866211,0.496155
1662623874,678720442,-0.17,-0.04,-0.07,-0.00222222,-0.0111111,-0.00666667,-0.0314941,0.0499268,-0.866211,0.496155
1662623874,688735297,-0.58,-0.11,-0.1,0,-0.0244444,-0.00111111,-0.0316162,0.0498657,-0.866211,0.496155
1662623874,698714578,-0.9,-0.05,-0.09,-0.00222222,-0.0111111,0.00222222,-0.0316772,0.0498047,-0.866211,0.496155
1662623874,708715878,-1.34,-0.02,-0.1,-0.00111111,-0.00555556,0.00333333,-0.0316772,0.0498047,-0.866211,0.496155
1662623874,718713807,-0.5,-0.09,-0.07,-0.00111111,0.00444444,-0.00111111,-0.0316772,0.0498047,-0.866211,0.496155
1662623874,728716829,-0.74,0.03,-0.08,0,0.00222222,0,-0.0316772,0.0498047,-0.866211,0.496155
1662623874,738713684,-0.6,0.02,-0.1,-0.00222222,0.00222222,0,-0.0316772,0.0498047,-0.866211,0.496155
1662623874,748753891,-0.93,-0.05,-0.11,0,0.00333333,-0.00111111,-0.0316772,0.0498047,-0.866211,0.496155
1662623874,758723783,-0.91,-0.05,-0.08,-0.00333333,0.00666667,-0.00222222,-0.0305786,0.0505371,-0.86615,0.496216
1662623874,768716861,-1.69,-0.19,-0.08,-0.00333333,-0.00111111,-0.00333333,-0.0305786,0.0505371,-0.86615,0.496216
1662623874,778715290,-1.33,-0.06,-0.07,-0.00222222,-0.00222222,0.00111111,-0.0305786,0.0505371,-0.86615,0.496216
1662623874,788722589,-1.73,-0.14,-0.06,0,-0.00444444,0.00111111,-0.0305786,0.0505371,-0.86615,0.496216
1662623874,798715537,-1.16,-0.08,-0.08,0,0.01,0.00333333,-0.0305176,0.0505371,-0.86615,0.496216
1662623874,808716225,-0.9,-0.05,-0.1,0.00222222,0.00777778,0.00111111,-0.0305176,0.0505371,-0.86615,0.496216
1662623874,818713784,-0.19,0,-0.11,0,0.00333333,0.00222222,-0.0305176,0.0505371,-0.86615,0.496216
1662623874,828721158,-0.39,-0.04,-0.11,0,-0.00555556,0.01,-0.0305176,0.0505371,-0.86615,0.496277
1662623874,838719680,-0.49,-0.11,-0.09,-0.00222222,0.00111111,0,-0.0305176,0.0505371,-0.86615,0.496277
1662623874,848717683,-0.58,-0.1,-0.1,-0.00333333,0.00222222,0,-0.0305176,0.0505371,-0.86615,0.496277
1662623874,858722205,-0.6,-0.01,-0.1,-0.00444444,0,0.00111111,-0.0305176,0.0505371,-0.86615,0.496277
1662623874,868718671,-0.43,-0.05,-0.07,-0.00222222,0,0.00222222,-0.0305176,0.0505371,-0.86615,0.496277
1662623874,878718637,-0.77,-0.08,-0.04,-0.00111111,-0.00555556,0.00111111,-0.0299072,0.0509644,-0.86615,0.496338
1662623874,888717344,-1.07,-0.08,-0.08,-0.00333333,-0.00888889,0,-0.0299072,0.0509644,-0.86615,0.496338
1662623874,898721144,-0.72,-0.09,-0.11,-0.00444444,-0.00666667,0,-0.0299072,0.0509644,-0.86615,0.496338
1662623874,908718554,-0.63,-0.05,-0.09,-0.00333333,-0.00111111,0.00444444,-0.0299072,0.0509644,-0.86615,0.496338
1662623874,918718798,-0.54,-0.03,-0.1,-0.00444444,0,0.00111111,-0.0293579,0.0513916,-0.866089,0.496338
1662623874,928726783,-0.36,-0.03,-0.09,-0.00444444,-0.00111111,-0.00555556,-0.0293579,0.0513916,-0.866089,0.496338
1662623874,938716249,-0.32,-0.04,-0.1,-0.00222222,0,-0.00333333,-0.0293579,0.0513916,-0.866089,0.496338
1662623874,948713623,-0.18,-0.02,-0.14,-0.00111111,-0.00111111,0,-0.0293579,0.0513916,-0.866089,0.496338
1662623874,958712922,-0.21,0,-0.09,-0.00111111,0,-0.00111111,-0.0293579,0.0513916,-0.866089,0.496338
1662623874,968713889,-0.22,0,-0.1,0,-0.00777778,-0.00333333,-0.0293579,0.0513916,-0.866089,0.496338
1662623874,978714670,-0.15,-0.02,-0.11,-0.00111111,-0.0111111,-0.00111111,-0.0293579,0.0513916,-0.866089,0.496338
1662623874,988713895,-0.09,-0.04,-0.09,0,-0.0111111,0,-0.0294189,0.0513306,-0.866089,0.496338
1662623874,998751546,-0.12,-0.01,-0.14,-0.00444444,-0.0111111,0,-0.02948,0.0513306,-0.866089,0.496338
1662623875,8717309,-0.11,0,-0.1,-0.00222222,-0.00444444,-0.00111111,-0.0294189,0.0513916,-0.866089,0.496338
1662623875,18715831,-0.1,0,-0.09,-0.00111111,-0.00333333,0,-0.0294189,0.0513916,-0.866089,0.496338
1662623875,28713908,-0.11,0.01,-0.1,-0.00111111,0,-0.00111111,-0.0294189,0.0513916,-0.866089,0.496399
1662623875,38714097,-0.1,-0.03,-0.11,-0.00111111,-0.00444444,0,-0.0294189,0.0513916,-0.866089,0.496399
1662623875,48713100,-0.11,-0.02,-0.14,-0.00222222,-0.00444444,0,-0.0293579,0.0514526,-0.866089,0.496399
1662623875,58713992,-0.11,-0.01,-0.12,-0.00222222,0,0,-0.0293579,0.0514526,-0.866089,0.496399
1662623875,68744495,-0.11,-0.02,-0.11,0,0,0,-0.0293579,0.0514526,-0.866089,0.496399
1662623875,78718424,-0.12,-0.01,-0.11,0,-0.00222222,0,-0.0293579,0.0514526,-0.866089,0.496399
1662623875,88717372,-0.08,-0.01,-0.08,-0.00555556,0,0,-0.0292969,0.0515137,-0.866089,0.496399
1662623875,98716153,-0.09,0.01,-0.12,-0.00444444,0,0.00111111,-0.0292969,0.0515137,-0.866089,0.496399
1662623875,108813230,-0.1,0.01,-0.11,-0.00444444,0,0,-0.0292969,0.0515137,-0.866089,0.496399
1662623875,118714771,-0.1,0.01,-0.1,-0.00333333,0,-0.00222222,-0.0292969,0.0515137,-0.866089,0.496399
1662623875,128715978,-0.11,0,-0.1,-0.00222222,0.00111111,-0.00444444,-0.0292358,0.0515137,-0.866089,0.496399
1662623875,138716166,-0.08,-0.03,-0.13,-0.00333333,-0.00222222,-0.00777778,-0.0292358,0.0515747,-0.866089,0.496399
1662623875,148718114,-0.11,0.02,-0.11,0,-0.00444444,-0.00444444,-0.0292358,0.0515747,-0.866089,0.496399
1662623875,158740080,-0.13,0.02,-0.12,0,-0.00333333,-0.00555556,-0.0291748,0.0515747,-0.866089,0.496399
1662623875,168718231,-0.09,0.02,-0.1,0,-0.00555556,-0.00333333,-0.0291748,0.0515747,-0.866089,0.496399
1662623875,178717327,-0.1,0.03,-0.09,0,-0.00555556,-0.00111111,-0.0291748,0.0515747,-0.866089,0.496399
1662623875,188716534,-0.11,0.01,-0.13,0.00111111,-0.01,0,-0.0291748,0.0515747,-0.866089,0.496399
1662623875,198714445,-0.09,0.01,-0.13,0,-0.00666667,-0.00222222,-0.0291748,0.0515747,-0.866089,0.496399
1662623875,208715744,-0.07,0,-0.13,0,-0.00777778,0.00111111,-0.0291748,0.0515747,-0.866089,0.496399
1662623875,218746507,-0.1,0,-0.11,0,-0.00444444,0,-0.0291748,0.0515747,-0.866089,0.496399
1662623875,228719454,-0.09,0,-0.08,0,-0.00111111,-0.00111111,-0.0291138,0.0516357,-0.866089,0.496399
1662623875,238717550,-0.08,0.02,-0.11,0,0.00111111,-0.00444444,-0.0291138,0.0516357,-0.866089,0.496399
1662623875,248714535,-0.05,0.02,-0.09,-0.00111111,0.00111111,-0.00111111,-0.0291138,0.0516357,-0.866089,0.496399
1662623875,258740390,-0.07,0.07,-0.15,-0.00111111,0,-0.00555556,-0.0291138,0.0516357,-0.866089,0.496399
1662623875,268715264,-0.1,0.04,-0.1,0,0.00111111,-0.00444444,-0.0291138,0.0516357,-0.866089,0.496399
1662623875,278714397,-0.09,-0.01,-0.12,0,-0.00222222,-0.00444444,-0.0290527,0.0516357,-0.866089,0.496399
1662623875,288717104,-0.11,-0.02,-0.11,0.00222222,-0.00555556,0,-0.0290527,0.0516357,-0.866089,0.496399
1662623875,298714866,-0.11,-0.01,-0.1,0.00111111,-0.00444444,-0.00111111,-0.0290527,0.0516357,-0.866089,0.496399
1662623875,308713536,-0.1,-0.01,-0.1,0.00111111,-0.00444444,-0.00444444,-0.0290527,0.0516968,-0.866089,0.496399
1662623875,318714280,-0.08,0,-0.09,0,-0.00444444,0,-0.0289917,0.0516968,-0.866089,0.496399
1662623875,328713746,-0.08,0.03,-0.12,0,0,0,-0.0289917,0.0516968,-0.866089,0.496399
1662623875,338713879,-0.07,0.05,-0.12,0,0.00111111,0,-0.0289917,0.0516968,-0.866089,0.496399
1662623875,348712660,-0.07,0.03,-0.13,0,0.00111111,0,-0.0289917,0.0516968,-0.866089,0.496399
1662623875,358714645,-0.07,0.05,-0.11,0,0,0,-0.0289917,0.0516968,-0.866089,0.496399
1662623875,368712796,-0.09,0.01,-0.12,-0.00222222,0.00111111,-0.00222222,-0.0289307,0.0516968,-0.866089,0.496399
1662623875,378715188,-0.08,0,-0.12,0,0,-0.00222222,-0.0289307,0.0516968,-0.866089,0.496399
1662623875,388713932,-0.11,0,-0.1,-0.00111111,0.00111111,-0.00555556,-0.0289307,0.0516968,-0.866089,0.496399
1662623875,398714084,-0.12,0,-0.13,0,0,0,-0.0289307,0.0517578,-0.866089,0.496399
1662623875,408719642,-0.08,0.01,-0.1,0,0,0,-0.0288696,0.0517578,-0.866089,0.496399
1662623875,418713757,-0.08,0.03,-0.11,0,0,-0.00111111,-0.0288696,0.0517578,-0.866089,0.496399
1662623875,428714501,-0.09,0.04,-0.08,0,0,0,-0.0288696,0.0517578,-0.866089,0.496399
1662623875,438713708,-0.09,0.04,-0.13,0,-0.00111111,-0.00222222,-0.0288696,0.0517578,-0.866089,0.496399
1662623875,448712933,-0.08,0.01,-0.13,0,-0.00555556,0,-0.0288086,0.0517578,-0.866089,0.496399
1662623875,458715307,-0.1,0.02,-0.07,0,-0.00666667,0,-0.0288086,0.0517578,-0.866089,0.496399
1662623875,468713680,-0.1,0,-0.09,0,-0.00333333,-0.00111111,-0.0288086,0.0517578,-0.866089,0.496399
1662623875,478714073,-0.08,0,-0.09,0,-0.00444444,-0.00111111,-0.0288086,0.0518188,-0.866089,0.496399
1662623875,488713465,-0.08,0,-0.08,0,-0.00444444,0,-0.0287476,0.0518188,-0.866089,0.496399
1662623875,498712005,-0.07,0.02,-0.12,0,-0.00666667,0,-0.0287476,0.0518188,-0.866089,0.496399
1662623875,508712675,-0.08,0.03,-0.12,0,-0.00111111,-0.00111111,-0.0287476,0.0518188,-0.866089,0.496399
1662623875,518713493,-0.06,0.02,-0.11,0,0,0,-0.0287476,0.0518188,-0.866089,0.496399
1662623875,528712052,-0.07,0.03,-0.13,0,0,0,-0.0287476,0.0518188,-0.866089,0.496399
1662623875,538781554,-0.07,0,-0.13,0,-0.00111111,0,-0.0287476,0.0518188,-0.866089,0.496399
1662623875,548718188,-0.09,-0.03,-0.12,0,-0.00222222,0,-0.0286865,0.0518188,-0.866089,0.496399
1662623875,558776283,-0.09,-0.01,-0.11,0,-0.00111111,0,-0.0286865,0.0518188,-0.866089,0.496399
1662623875,568710898,-0.08,-0.01,-0.1,0,0,0,-0.0286865,0.0518799,-0.866089,0.496399
1662623875,578714290,-0.08,0.02,-0.1,0,-0.00333333,0,-0.0286865,0.0518799,-0.866089,0.496399
1662623875,588711256,-0.09,0.01,-0.1,0.00111111,0,0,-0.0286865,0.0518799,-0.866028,0.496399
1662623875,598711945,-0.08,0.01,-0.12,0.00111111,0,0,-0.0286865,0.0518799,-0.866028,0.496399
1662623875,608719929,-0.06,0.03,-0.11,0.00111111,-0.00333333,0,-0.0286255,0.0518799,-0.866028,0.496399
1662623875,618822191,-0.08,-0.02,-0.09,0,0.00111111,0,-0.0286255,0.0518799,-0.866028,0.496399
1662623875,628719158,-0.08,0.01,-0.11,0.00111111,0,0,-0.0286255,0.0518799,-0.866028,0.496399
1662623875,638723032,-0.07,0,-0.1,0.00222222,-0.00222222,0,-0.0286255,0.0518799,-0.866028,0.496399
1662623875,648716498,-0.08,0,-0.11,0,0,0,-0.0286255,0.0518799,-0.866028,0.496399
1662623875,658714686,-0.07,0,-0.13,0,0.00222222,0,-0.0286255,0.0519409,-0.866028,0.496399
1662623875,668779819,-0.05,0.01,-0.09,-0.00111111,0,0,-0.0286255,0.0519409,-0.866028,0.496399
1662623875,678784803,-0.06,0.03,-0.09,0,0.00111111,0,-0.0285645,0.0519409,-0.866028,0.496399
1662623875,688715363,-0.06,0.02,-0.09,0,0.00333333,0,-0.0285645,0.0519409,-0.866028,0.496399
1662623875,698746144,-0.06,-0.02,-0.11,0,0,0,-0.0285645,0.0519409,-0.866028,0.496399
1662623875,708724054,-0.06,0,-0.12,0,0.00333333,0,-0.0285645,0.0519409,-0.866028,0.496399
1662623875,718716780,-0.08,-0.01,-0.1,-0.00222222,0.00333333,0,-0.0285645,0.0519409,-0.866028,0.496399
1662623875,728720005,-0.09,-0.01,-0.08,0,0.00555556,-0.00111111,-0.0285645,0.0519409,-0.866028,0.496399
1662623875,738717786,-0.08,-0.01,-0.1,0.00111111,0.00111111,0,-0.0285645,0.0519409,-0.866028,0.496399
1662623875,748717086,-0.08,0,-0.13,0,0.00222222,-0.00111111,-0.0285645,0.0519409,-0.866028,0.496399
1662623875,758715904,-0.07,0.01,-0.12,-0.00111111,0.00111111,0,-0.0285034,0.052002,-0.866028,0.496399
1662623875,768715204,-0.05,0.01,-0.12,0,0.00333333,-0.00111111,-0.0285034,0.052002,-0.866028,0.496399
1662623875,778714429,-0.06,0.03,-0.11,0,0.00111111,0,-0.0285034,0.052002,-0.866028,0.496399
1662623875,788723747,-0.06,0.02,-0.08,0,0.00333333,0,-0.0285034,0.052002,-0.866028,0.496399
1662623875,798716935,-0.08,-0.01,-0.12,0,0.00111111,0,-0.0285034,0.052002,-0.866028,0.496399
1662623875,808714217,-0.08,0,-0.09,0,0.00222222,0,-0.0285034,0.052002,-0.866028,0.496399
1662623875,818755793,-0.09,0,-0.09,0,0.00333333,0,-0.0285034,0.052002,-0.866028,0.49646
1662623875,828785537,-0.08,0,-0.09,0,0.00111111,0.00111111,-0.0284424,0.052002,-0.866028,0.49646
1662623875,838773948,-0.07,0.01,-0.12,0,0.00222222,-0.00222222,-0.0284424,0.052002,-0.866028,0.49646
1662623875,848718581,-0.05,0.02,-0.13,0,0.00222222,0,-0.0284424,0.052002,-0.866028,0.49646
1662623875,858772862,-0.07,0.02,-0.12,0,0,0,-0.0284424,0.052002,-0.866028,0.49646
1662623875,868717051,-0.06,0.02,-0.12,0,0.00333333,0.00111111,-0.0284424,0.052002,-0.866028,0.49646
1662623875,878779461,-0.06,0,-0.08,0,0,0,-0.0284424,0.052002,-0.866028,0.49646
1662623875,888768631,-0.07,0.01,-0.1,0.00111111,0,0,-0.0284424,0.052063,-0.866028,0.49646
1662623875,898770227,-0.07,0,-0.13,0.00111111,0.00333333,0,-0.0283813,0.052063,-0.866028,0.49646
1662623875,908769860,-0.08,-0.02,-0.12,-0.00111111,0.00111111,0.00222222,-0.0283813,0.052063,-0.866028,0.49646
1662623875,918767696,-0.09,0.01,-0.1,0,0,-0.00111111,-0.0283813,0.052063,-0.866028,0.49646
1662623875,928712644,-0.06,0.01,-0.15,0,0.00111111,0,-0.0283813,0.052063,-0.866028,0.49646
1662623875,938771277,-0.06,0.02,-0.06,0.00222222,0,0,-0.0283813,0.052063,-0.866028,0.49646
1662623875,948718651,-0.06,0.01,-0.13,0,0,0.00222222,-0.0283813,0.052063,-0.866028,0.49646
1662623875,958716839,-0.06,0.01,-0.19,0.00111111,0,0.00222222,-0.0283813,0.052063,-0.866028,0.49646
1662623875,968715583,-0.07,0.02,-0.11,0,-0.00222222,0,-0.0283813,0.052063,-0.866028,0.49646
1662623875,978716920,-0.07,0,-0.14,0,-0.00111111,0,-0.0283813,0.052063,-0.866028,0.49646
1662623875,988712071,-0.04,-0.01,-0.05,0,0,0,-0.0283203,0.052063,-0.866028,0.49646
1662623875,998769111,-0.07,0,-0.12,0,0.00111111,0,-0.0283203,0.052063,-0.866028,0.49646
1662623876,8766225,-0.07,0.01,-0.11,0,0.00333333,-0.00111111,-0.0283203,0.052063,-0.866028,0.49646
1662623876,18767951,-0.07,0.01,-0.13,0,0.00444444,0,-0.0283203,0.052063,-0.866028,0.49646
1662623876,28712454,-0.07,0.03,-0.09,0.00222222,0.00333333,0,-0.0283203,0.052063,-0.866028,0.49646
1662623876,38710532,-0.07,0.01,-0.11,0,0.00555556,-0.00111111,-0.0283203,0.052063,-0.866028,0.49646
1662623876,48774442,-0.07,0.02,-0.15,0,0.00666667,0,-0.0283203,0.052063,-0.866028,0.49646
1662623876,58768630,-0.06,0.02,-0.07,0,0.00555556,0,-0.0283203,0.052063,-0.866028,0.49646
1662623876,68771726,-0.05,0.02,-0.1,0,0,0,-0.0283203,0.052063,-0.866028,0.49646
1662623876,78769192,-0.05,0.02,-0.1,0,0.00222222,0,-0.0283203,0.052063,-0.866028,0.49646
1662623876,88767955,-0.08,0,-0.11,0.00111111,0,-0.00111111,-0.0283203,0.052063,-0.866028,0.49646
1662623876,98764791,-0.07,0,-0.11,0,-0.00222222,0.00111111,-0.0283203,0.052063,-0.866028,0.49646
1662623876,108773739,-0.07,0,-0.11,-0.00111111,-0.00111111,-0.00111111,-0.0283203,0.052063,-0.866028,0.49646
1662623876,118770816,-0.06,0,-0.12,0,0,0,-0.0283203,0.052063,-0.866028,0.49646
1662623876,128721209,-0.06,0,-0.11,-0.00111111,0,0,-0.0283203,0.052063,-0.866028,0.49646
1662623876,138722249,-0.08,0,-0.09,0,-0.00111111,0,-0.0283203,0.052063,-0.866028,0.49646
1662623876,148720123,-0.08,0.01,-0.12,-0.00111111,-0.00111111,0,-0.0283203,0.052063,-0.866028,0.49646
1662623876,158714737,-0.07,0.02,-0.08,0,0,0.00111111,-0.0283203,0.052063,-0.866028,0.49646
1662623876,168781129,-0.08,0,-0.11,0,0,0,-0.0283203,0.052063,-0.866028,0.49646
1662623876,178776743,-0.08,0,-0.11,0,0.00222222,0.00111111,-0.0283203,0.052063,-0.866028,0.49646
1662623876,188715987,-0.07,0,-0.11,0,0.00111111,0,-0.0283203,0.052063,-0.866028,0.49646
1662623876,198718213,-0.05,0.01,-0.12,0,0,0,-0.0283203,0.052063,-0.866028,0.49646
1662623876,208715864,-0.06,0.03,-0.11,0,0,0,-0.0283203,0.052063,-0.866028,0.49646
1662623876,218714812,-0.07,0.01,-0.11,-0.00111111,0.00333333,0,-0.0283203,0.052063,-0.866028,0.49646
1662623876,228712648,-0.07,0.01,-0.11,0,0,0,-0.0283203,0.052063,-0.866028,0.49646
1662623876,238722170,-0.07,0,-0.12,0,-0.00111111,0,-0.0283203,0.052063,-0.866028,0.49646
1662623876,248714562,-0.08,-0.02,-0.12,0,-0.00333333,0,-0.0283203,0.052063,-0.866028,0.49646
1662623876,258715251,-0.08,-0.01,-0.11,0,-0.00555556,0.00111111,-0.0283203,0.052063,-0.866028,0.49646
1662623876,268711643,-0.07,0.02,-0.1,0,-0.00333333,0,-0.0283203,0.052063,-0.866028,0.49646
1662623876,278708498,-0.07,0.02,-0.1,0,0,-0.00111111,-0.0283203,0.052063,-0.866028,0.49646
1662623876,288713705,-0.06,0.02,-0.11,0.00111111,-0.00222222,0,-0.0283203,0.052063,-0.866028,0.49646
1662623876,298708078,-0.07,0,-0.12,-0.00222222,-0.00333333,0,-0.0283203,0.052063,-0.866028,0.49646
1662623876,308713285,-0.04,0.03,-0.12,0,-0.00222222,0.00111111,-0.0283203,0.052063,-0.866028,0.49646
1662623876,318710326,-0.05,0.04,-0.12,0,-0.00222222,0,-0.0283203,0.052063,-0.866028,0.49646
1662623876,328718440,-0.05,0.04,-0.12,0,0,0.00111111,-0.0283203,0.052063,-0.866028,0.49646
