1662588132,330566365,-0.04,0.02,-0.1,0,0.00222222,0,0.534851,0.470154,0.545837,-0.441528
1662588132,340413678,-0.05,0,-0.11,0.00111111,0,0,0.534851,0.470154,0.545776,-0.441528
1662588132,350417561,-0.03,0,-0.1,0,-0.00888889,0,0.534851,0.470215,0.545776,-0.441528
1662588132,360413982,-0.02,0.03,-0.12,0.00333333,-0.0155556,0,0.534912,0.470215,0.545715,-0.441467
1662588132,370411459,-0.04,0.02,-0.11,0.00333333,-0.00666667,0,0.534912,0.470276,0.545715,-0.441467
1662588132,380412250,-0.02,0.03,-0.11,0,-0.00111111,0,0.534912,0.470276,0.545715,-0.441467
1662588132,390407856,-0.04,0.02,-0.13,0,0,0.00111111,0.534973,0.470276,0.545715,-0.441467
1662588132,400405907,-0.04,0.01,-0.09,0,0.00444444,0,0.534973,0.470276,0.545715,-0.441406
1662588132,410406846,-0.03,0.01,-0.05,-0.00111111,0.01,0.00333333,0.534912,0.470276,0.545715,-0.441467
1662588132,420409341,-0.02,0.02,-0.09,0,0,0.00333333,0.534912,0.470276,0.545715,-0.441467
1662588132,430405688,-0.02,0.03,-0.11,0,0,0.00333333,0.534912,0.470276,0.545715,-0.441406
1662588132,440410054,-0.03,0.02,-0.11,0,0.00888889,0.00444444,0.534973,0.470276,0.545715,-0.441406
1662588132,450409863,-0.04,0.01,-0.05,0,0.0155556,0.00555556,0.534912,0.470276,0.545776,-0.441467
1662588132,460409877,-0.04,0.01,-0.08,0,0.01,0,0.534912,0.470276,0.545776,-0.441467
1662588132,470404557,-0.04,0,-0.06,0,-0.00111111,0,0.534912,0.470276,0.545776,-0.441467
1662588132,480410997,-0.04,0.02,-0.11,0,-0.00666667,-0.00222222,0.534912,0.470276,0.545776,-0.441467
1662588132,490415732,-0.01,0.04,-0.13,0.00111111,-0.0111111,-0.00444444,0.534912,0.470276,0.545715,-0.441406
1662588132,500414116,-0.03,0.03,-0.11,0,-0.01,-0.00111111,0.534973,0.470337,0.545715,-0.441406
1662588132,510409111,-0.03,0.03,-0.09,0,0.00222222,0.00222222,0.534973,0.470337,0.545654,-0.441406
1662588132,520413958,-0.02,0.04,-0.11,0,0.00111111,0.00444444,0.534973,0.470337,0.545654,-0.441406
1662588132,530407175,0,0.03,-0.11,0,0.00444444,0.00555556,0.534973,0.470337,0.545654,-0.441406
1662588132,540412744,-0.05,0.01,-0.08,0,0.0188889,0.00666667,0.534912,0.470276,0.545715,-0.441406
1662588132,550409128,-0.05,0.02,-0.05,0,0.0266667,0.00666667,0.534851,0.470215,0.545776,-0.441467
1662588132,560413938,-0.03,0.02,-0.11,0,0.00333333,0,0.534851,0.470215,0.545776,-0.441467
1662588132,570414692,-0.02,0.03,-0.08,0.00111111,0,0,0.534851,0.470215,0.545776,-0.441467
1662588132,580415595,-0.04,0.01,-0.1,0,0.00333333,-0.00111111,0.534851,0.470215,0.545776,-0.441467
1662588132,590407330,-0.04,0.04,-0.11,0,0.00333333,-0.00111111,0.534851,0.470215,0.545776,-0.441467
1662588132,600408029,-0.04,0.01,-0.08,0,0.00222222,-0.00111111,0.534851,0.470215,0.545776,-0.441467
1662588132,610406598,-0.03,0.01,-0.09,0,0.00111111,0.00444444,0.534851,0.470215,0.545776,-0.441467
1662588132,620409001,-0.02,0.03,-0.1,-0.00111111,0.00777778,0.00222222,0.534851,0.470215,0.545776,-0.441467
1662588132,630405625,-0.01,0.02,-0.13,0,0.00666667,0.00333333,0.534851,0.470215,0.545776,-0.441467
1662588132,640410676,-0.02,0.02,-0.12,0,0.00777778,0.00222222,0.53479,0.470215,0.545837,-0.441528
1662588132,650410671,-0.04,0.02,-0.09,-0.00111111,0.02,0.00444444,0.534729,0.470093,0.545898,-0.44165
1662588132,660409406,-0.04,0,-0.04,-0.00444444,0.0311111,0.0111111,0.534668,0.469971,0.545959,-0.441772
1662588132,670408513,-0.05,0,-0.05,0,0.0366667,0.0144444,0.534668,0.46991,0.546021,-0.441833
1662588132,680409952,-0.03,0,-0.09,0,0.0188889,0.0133333,0.534607,0.469849,0.546021,-0.441956
1662588132,690434558,-0.05,0,-0.08,0,0.0188889,0.0133333,0.534607,0.469849,0.546021,-0.441956
1662588132,700408331,-0.05,0,-0.05,0,0.00777778,0.00777778,0.534607,0.469849,0.546021,-0.441956
1662588132,710405696,-0.02,0.02,-0.11,0,0,0.00333333,0.534729,0.469849,0.545959,-0.441895
1662588132,720408191,-0.03,0.01,-0.12,0.00111111,-0.0255556,-0.00333333,0.53479,0.469971,0.545898,-0.441772
1662588132,730404057,-0.03,0.02,-0.13,-0.00111111,-0.0333333,-0.0133333,0.53479,0.469971,0.545898,-0.441772
1662588132,740409496,-0.03,0.03,-0.12,0,-0.0255556,-0.01,0.534851,0.470093,0.545776,-0.44165
1662588132,750408584,-0.04,0,-0.11,0,-0.0144444,-0.00666667,0.534851,0.470093,0.545776,-0.44165
1662588132,760407579,-0.03,0.03,-0.08,0,-0.00333333,-0.00333333,0.534851,0.470093,0.545776,-0.44165
1662588132,770408314,-0.02,0.02,-0.11,0,0.00333333,-0.00111111,0.534851,0.470093,0.545776,-0.44165
1662588132,780409865,-0.03,0.03,-0.1,-0.00222222,0,0,0.534851,0.470093,0.545776,-0.44165
1662588132,790434656,-0.03,0.01,-0.12,-0.00222222,0,0,0.534851,0.470093,0.545776,-0.44165
1662588132,800409410,-0.04,0.02,-0.1,-0.00111111,0,0,0.534851,0.470093,0.545776,-0.44165
1662588132,810404980,0,0.02,-0.1,0,0,0,0.534851,0.470093,0.545776,-0.44165
1662588132,820409437,-0.03,0.01,-0.07,0.00111111,0.00333333,0.00222222,0.534851,0.470093,0.545776,-0.44165
1662588132,830405618,-0.03,0,-0.1,0,0.00777778,0,0.53479,0.470093,0.545837,-0.44165
1662588132,840410409,-0.04,0.02,-0.11,0,0.0122222,0,0.53479,0.470093,0.545837,-0.44165
1662588132,850408719,-0.04,0.01,-0.09,0.00111111,0,-0.00111111,0.53479,0.470093,0.545837,-0.44165
1662588132,860408010,-0.03,0.01,-0.07,0,-0.00333333,0,0.53479,0.470093,0.545837,-0.44165
1662588132,870406005,-0.03,0.02,-0.12,-0.00111111,0,-0.00444444,0.53479,0.470093,0.545837,-0.44165
1662588132,880400000,-0.06,0.03,-0.1,0,-0.00555556,0,0.53479,0.470093,0.545837,-0.44165
1662588132,890436346,-0.04,0.01,-0.1,0,-0.00555556,0,0.53479,0.470093,0.545837,-0.44165
1662588132,900408027,-0.07,0,-0.08,0,-0.00111111,0,0.53479,0.470093,0.545837,-0.44165
1662588132,910405633,-0.05,0,-0.07,-0.00111111,-0.00222222,-0.00111111,0.534851,0.470093,0.545837,-0.44165
1662588132,920408776,-0.01,0.04,-0.11,0.00111111,-0.01,-0.00888889,0.534851,0.470215,0.545776,-0.441528
1662588132,930401457,-0.02,0.04,-0.14,-0.00111111,-0.0211111,-0.0211111,0.534851,0.470337,0.545776,-0.441406
1662588132,940412729,-0.04,0.04,-0.11,-0.00111111,-0.0211111,-0.0211111,0.534851,0.470337,0.545776,-0.441406
1662588132,950410169,-0.04,0.03,-0.11,-0.00111111,-0.00222222,-0.00777778,0.534851,0.470337,0.545776,-0.441406
1662588132,960409442,-0.02,0.02,-0.08,0,0.00888889,0,0.534851,0.470337,0.545776,-0.441406
1662588132,970410288,-0.05,0.02,-0.06,0,0,0,0.534851,0.470276,0.545837,-0.441467
1662588132,980408450,-0.02,0.04,-0.11,-0.00111111,0.01,0.00222222,0.53479,0.470276,0.545837,-0.441467
1662588132,990431704,-0.04,0.03,-0.09,-0.00111111,0.01,0.00222222,0.53479,0.470215,0.545898,-0.441467
1662588133,410403,-0.05,0.04,-0.09,0,0.01,0.00333333,0.534729,0.470215,0.545898,-0.441528
1662588133,10405194,-0.02,0.05,-0.09,0,0.0111111,0.00444444,0.534729,0.470215,0.545959,-0.441528
1662588133,20408745,-0.04,0.04,-0.08,0,0.0111111,0.00444444,0.534729,0.470215,0.545959,-0.441528
1662588133,30404851,-0.03,0.03,-0.09,0,0.00666667,0.00777778,0.534729,0.470215,0.545959,-0.441528
1662588133,40407235,-0.04,0.02,-0.11,0,0.00666667,0.00777778,0.534729,0.470215,0.545959,-0.441528
1662588133,50408989,-0.03,0,-0.09,0,0.00444444,0.00555556,0.534729,0.470215,0.545959,-0.441528
1662588133,60408984,-0.03,0.02,-0.11,0.00222222,0.00111111,0.00777778,0.534729,0.470215,0.545959,-0.441528
1662588133,70410979,-0.03,0.03,-0.09,0.00111111,0.00333333,0.00777778,0.534729,0.470215,0.545959,-0.441528
1662588133,80410511,-0.04,0,-0.08,0,-0.00777778,0,0.534729,0.470215,0.545959,-0.441528
1662588133,90509652,-0.03,0.02,-0.13,0.00111111,-0.00777778,0.00111111,0.534729,0.470215,0.545959,-0.441528
1662588133,100406778,-0.04,0.01,-0.1,0.00111111,-0.00777778,0,0.534729,0.470215,0.545898,-0.441528
1662588133,110402533,-0.05,0.02,-0.1,0,-0.0133333,-0.00222222,0.534729,0.470215,0.545898,-0.441528
1662588133,120405750,-0.03,0,-0.11,0,-0.00222222,-0.00111111,0.534729,0.470215,0.545898,-0.441528
1662588133,130416078,-0.01,0.02,-0.13,0.00111111,-0.00111111,0,0.534729,0.470215,0.545898,-0.441528
1662588133,140405777,-0.01,0.02,-0.15,0.00111111,-0.00111111,0,0.534729,0.470215,0.545898,-0.441528
1662588133,150405901,-0.04,0.02,-0.11,0.00222222,0.00444444,0,0.534668,0.470154,0.545959,-0.441589
1662588133,160407748,-0.05,0,-0.06,0,0.0322222,0.00777778,0.534546,0.470093,0.546082,-0.44165
1662588133,170406613,-0.05,0,-0.06,0,0.0322222,0.00777778,0.534546,0.470093,0.546082,-0.44165
1662588133,180408516,-0.04,0,-0.09,0.00111111,0.01,0.00444444,0.534485,0.470032,0.546143,-0.441711
1662588133,190405622,-0.02,0.01,-0.12,0.00111111,0.01,0.00444444,0.534485,0.470032,0.546143,-0.441711
1662588133,200405746,-0.04,0.01,-0.09,0.00111111,0.00111111,-0.00111111,0.534485,0.470032,0.546143,-0.441711
1662588133,210400649,-0.03,0.02,-0.09,0,-0.00111111,0,0.534485,0.470032,0.546143,-0.441711
1662588133,220405162,-0.03,0,-0.1,0.00111111,-0.00666667,-0.00111111,0.534485,0.470032,0.546143,-0.441711
1662588133,230405972,-0.01,-0.01,-0.07,0,0.00333333,-0.00444444,0.534485,0.470032,0.546143,-0.441711
1662588133,240407208,-0.02,0,-0.1,0,0.00333333,-0.00444444,0.534485,0.470093,0.546143,-0.44165
1662588133,250405499,-0.04,0.02,-0.08,0.00222222,0,-0.0166667,0.534424,0.470093,0.546204,-0.44165
1662588133,260406790,-0.04,0.03,-0.09,0.00222222,0,-0.0166667,0.534424,0.470154,0.546204,-0.441589
1662588133,270407396,-0.04,0.02,-0.08,0.00111111,-0.00777778,-0.01,0.534424,0.470154,0.546204,-0.441589
1662588133,280408965,-0.04,0.03,-0.08,0.00111111,-0.0133333,-0.00888889,0.534485,0.470215,0.546143,-0.441528
1662588133,290407868,-0.04,0.02,-0.12,0.00222222,-0.0255556,-0.00111111,0.534607,0.470276,0.546082,-0.441467
1662588133,300413381,-0.02,0.02,-0.09,0.00222222,-0.0255556,-0.00111111,0.534668,0.470337,0.546021,-0.441406
1662588133,310411357,-0.05,0.01,-0.07,0.00222222,-0.0222222,0.00111111,0.534668,0.470337,0.546021,-0.441406
1662588133,320416223,-0.05,0.01,-0.07,0.00333333,-0.0222222,0.00333333,0.534729,0.470398,0.545959,-0.441345
1662588133,330417681,-0.04,0,-0.05,0.00777778,-0.0466667,0.00111111,0.534851,0.47052,0.545837,-0.441223
1662588133,340418213,0.02,-0.12,1.18,0.00777778,-0.0466667,0.00111111,0.534973,0.470581,0.545715,-0.441101
1662588133,350415170,-0.14,0.35,2.72,0.0188889,-0.0644444,0,0.535095,0.470764,0.545471,-0.44104
1662588133,360416091,0.09,-0.01,0.54,-0.0588889,0,-0.0144444,0.535156,0.470642,0.545654,-0.440857
1662588133,370416346,0.09,-0.01,0.54,-0.0588889,0,-0.0144444,0.535278,0.47052,0.545837,-0.440613
1662588133,380417452,0.08,0.08,0.3,0.104444,0.0355556,-0.0111111,0.534912,0.470764,0.545715,-0.440979
1662588133,390416595,-0.19,-0.13,0.17,0.104444,0.0355556,-0.0111111,0.534546,0.471008,0.545593,-0.441284
1662588133,400408479,0.14,0.24,1.07,0.228889,0.0122222,-0.00555556,0.534058,0.471558,0.545105,-0.441895
1662588133,410409214,-0.25,0.05,0.73,0.178889,0.0155556,-0.0133333,0.533569,0.472046,0.544739,-0.442383
1662588133,420410394,-0.25,0.05,0.73,0.147778,0.0111111,-0.00666667,0.533264,0.472412,0.544434,-0.442749
1662588133,430409926,0.1,-0.04,-0.08,0.104444,-0.0577778,0.0133333,0.533203,0.472778,0.544006,-0.442932
1662588133,440412069,-0.04,0.07,1.4,0.104444,-0.0577778,0.0133333,0.533142,0.473145,0.543579,-0.443115
1662588133,450409546,-0.13,0.12,1.99,0.128889,0.0166667,-0.0111111,0.532837,0.473511,0.543396,-0.443481
1662588133,460409634,0,-0.13,2.4,0.113333,0.00333333,-0.0211111,0.532532,0.473816,0.543152,-0.443726
1662588133,470407777,0,-0.13,2.4,0.00333333,-0.00666667,-0.00222222,0.532532,0.473816,0.543152,-0.443726
1662588133,480411160,0.1,-0.2,1.98,0.264444,0.0811111,-0.00333333,0.531738,0.474365,0.542786,-0.44458
1662588133,490411322,-0.38,0.14,-0.36,0.264444,0.0811111,-0.00333333,0.530945,0.474915,0.542358,-0.445435
1662588133,500408428,0.12,0.05,-0.19,0.312222,0.0344444,-0.0288889,0.53009,0.475708,0.541809,-0.446228
1662588133,510409053,-0.19,0.08,0.03,0.516667,-0.00666667,-0.0588889,0.52887,0.477234,0.54071,-0.447388
1662588133,520408992,-0.19,0.08,0.03,0.593333,0.124444,-0.04,0.527161,0.478577,0.539795,-0.449097
1662588133,530411394,-0.39,0.45,0.23,0.518889,-0.0522222,0.00666667,0.526184,0.480042,0.538452,-0.450317
1662588133,540411186,-0.07,0.65,-0.23,0.518889,-0.0522222,0.00666667,0.525146,0.481506,0.537109,-0.451538
1662588133,550407884,-0.47,-0.45,-0.18,0.311111,-0.167778,-0.00888889,0.524902,0.482727,0.53595,-0.451904
1662588133,560406435,0.13,0.17,1.14,0.404444,0.0166667,0.00777778,0.523987,0.483704,0.535034,-0.453003
1662588133,570405856,0.13,0.17,1.14,0.193333,0,-0.00444444,0.52356,0.484253,0.534607,-0.453491
1662588133,580411721,0.34,0.51,1.91,-0.166667,0.0811111,0.01,0.523743,0.483582,0.535156,-0.453247
1662588133,590410901,-0.33,0.01,-0.32,-0.166667,0.0811111,0.01,0.523926,0.482971,0.535706,-0.453064
1662588133,600409081,-0.02,-0.67,-1.4,-0.428889,0.112222,-0.00666667,0.524597,0.481567,0.536987,-0.452209
1662588133,610410169,0.6,0.69,-0.33,-0.0977778,-0.136667,0.0366667,0.525208,0.481506,0.536804,-0.451782
1662588133,620407442,0.6,0.69,-0.33,-0.113333,-0.0844444,0.0155556,0.525757,0.481384,0.536804,-0.451294
1662588133,630410733,-0.51,0.15,-0.17,-0.07,-0.0111111,-0.0166667,0.525879,0.481262,0.536987,-0.45105
1662588133,640409043,-0.4,-0.35,-0.5,-0.07,-0.0111111,-0.0166667,0.526001,0.48114,0.53717,-0.450806
1662588133,650407797,0.04,0.35,0.19,0.0788889,0.0411111,0.0244444,0.525818,0.481201,0.537048,-0.451172
1662588133,660408625,0.31,0.74,0.31,-0.00222222,-0.03,0.0222222,0.52594,0.481201,0.536926,-0.451172
1662588133,670407250,0.31,0.74,0.31,0.222222,-0.09,0.0133333,0.525696,0.481934,0.536133,-0.451538
1662588133,680409670,-0.45,-0.37,0.74,-0.0211111,0.117778,-0.00888889,0.525452,0.481628,0.536499,-0.451782
1662588133,690412795,0.03,0.01,0.1,0.187778,0.0488889,0.00666667,0.524902,0.481995,0.536194,-0.452393
1662588133,700402494,0.35,-0.04,-0.38,-0.00666667,-0.02,-0.0244444,0.524902,0.482117,0.536194,-0.452271
1662588133,710402118,-0.53,0.09,-0.56,-0.0222222,0.0277778,-0.00777778,0.524902,0.481995,0.536316,-0.452271
1662588133,720402687,-0.53,0.09,-0.56,-0.256667,0.00222222,-0.0388889,0.52533,0.481445,0.536987,-0.451538
1662588133,730403238,0,-0.36,-0.66,-0.164444,-0.00222222,-0.0211111,0.525696,0.481079,0.537415,-0.45105
1662588133,740406399,-0.01,0.47,0.08,0.0677778,0.0433333,-0.0122222,0.525391,0.481201,0.537415,-0.451294
1662588133,750404691,-0.33,-0.28,-0.46,0.0188889,0,0,0.52533,0.481262,0.537354,-0.451355
1662588133,760404241,-0.12,0.36,0.05,0.06,0.0622222,0.0144444,0.525085,0.481201,0.537354,-0.45166
1662588133,770404218,-0.12,0.36,0.05,0.204444,-0.0666667,0.0255556,0.524841,0.481812,0.536621,-0.452087
1662588133,780406750,0.49,-0.17,0.02,0.223333,-0.0433333,0.00555556,0.524475,0.482483,0.536011,-0.452576
1662588133,790409319,-0.36,0.46,1.15,0.212222,-0.01,0.0122222,0.524048,0.483032,0.535461,-0.453125
1662588133,800407295,-0.2,0.18,0.98,-0.157778,0.0677778,0.0166667,0.524292,0.482422,0.53595,-0.452942
1662588133,810408290,0.19,0.03,0.26,-0.491111,-0.0166667,0.0166667,0.525452,0.48114,0.536987,-0.45166
1662588133,820405489,0.19,0.03,0.26,-0.591111,-0.115556,0,0.527039,0.479858,0.538086,-0.44989
1662588133,830405724,0.02,0.56,-1.19,-0.432222,-0.0444444,-0.0288889,0.528015,0.478943,0.539062,-0.448608
1662588133,840410479,-0.57,0.19,0.16,-0.424444,-0.0477778,-0.0322222,0.528992,0.477966,0.539978,-0.447327
1662588133,850405844,-0.19,0.17,-0.14,-0.411111,0.12,-0.0144444,0.529541,0.476685,0.54126,-0.446533
1662588133,860404876,0.27,-0.2,-0.64,-0.404444,0.11,-0.00444444,0.530151,0.475403,0.54248,-0.44574
1662588133,870405500,0.27,-0.2,-0.64,-0.455556,0.04,0.00444444,0.531006,0.474121,0.54364,-0.444641
1662588133,880410681,-0.42,-0.33,-1.18,-0.445556,-0.0577778,-0.00222222,0.532104,0.473083,0.544495,-0.443359
1662588133,890412564,-0.17,0.28,-0.84,-0.402222,-0.0711111,-0.00222222,0.533142,0.472168,0.545227,-0.442139
1662588133,900403819,0.09,0.13,-0.24,-0.288889,-0.0633333,0.0155556,0.533997,0.471497,0.545715,-0.441284
1662588133,910401851,-0.07,-0.43,0.67,-0.484444,-0.0633333,0.0522222,0.535339,0.470215,0.546509,-0.440063
1662588133,920400772,-0.07,-0.43,0.67,-0.281111,-0.0722222,0.0577778,0.536255,0.469482,0.546875,-0.439331
1662588133,930406470,-0.08,0.28,0.37,-0.0577778,0.0166667,0.0477778,0.536438,0.469116,0.546936,-0.439331
1662588133,940407132,-0.34,-0.91,-0.57,-0.31,-0.0155556,0.00888889,0.537109,0.468323,0.547607,-0.438477
1662588133,950402497,0.14,-0.3,-0.64,-0.532222,-0.0255556,-0.0111111,0.53833,0.467041,0.548767,-0.437012
1662588133,960399807,0.07,0.2,-0.12,-0.28,-0.00777778,-0.00444444,0.538879,0.466309,0.549377,-0.436279
1662588133,970398839,0.07,0.2,-0.12,-0.14,0.0477778,0.00555556,0.539062,0.46582,0.549866,-0.436035
1662588133,980406112,0,-0.16,-1.19,-0.0988889,0.0555556,0,0.539124,0.465393,0.550232,-0.435913
1662588133,990406477,-0.38,-0.33,-2.2,-0.286667,-0.00333333,0,0.539734,0.464661,0.550842,-0.43512
1662588134,404861,-0.06,-0.04,-2.4,-0.301111,0.0377778,0.00444444,0.540283,0.463745,0.551636,-0.434448
1662588134,10402430,-0.09,0.29,-1.29,-0.228889,0.03,0.00666667,0.540649,0.463074,0.552246,-0.433899
1662588134,20401517,-0.09,0.29,-1.29,-0.263333,0.00444444,0.00222222,0.541199,0.462402,0.552795,-0.433228
1662588134,30405160,-0.07,0.56,-0.71,-0.226667,0.0188889,0.0111111,0.541687,0.461731,0.553345,-0.432678
1662588134,40406840,-0.14,-0.23,0.48,-0.541111,0.0177778,-0.0122222,0.542725,0.460266,0.554626,-0.431274
1662588134,50403224,0.15,-0.27,-0.08,-0.556667,-0.101111,-0.00111111,0.544128,0.458984,0.555603,-0.429565
1662588134,60402071,-0.09,0.03,-0.99,-0.653333,-0.0544444,-0.00222222,0.545654,0.457336,0.556946,-0.427734
1662588134,70398973,-0.09,0.03,-0.99,-0.561111,0.00666667,0.00555556,0.546814,0.455811,0.558167,-0.42627
1662588134,80405894,0.17,0.02,-0.7,-0.434444,-0.00777778,0.00444444,0.547729,0.454651,0.559143,-0.42511
1662588134,90403981,0.14,-0.15,-0.04,-0.274444,0.0266667,0.0155556,0.548218,0.453796,0.559753,-0.4245
1662588134,100402050,-0.24,-0.01,0.19,-0.227778,0.00666667,0,0.548706,0.453186,0.560242,-0.423889
1662588134,110398879,0.09,0.11,-0.53,-0.212222,-0.00777778,0.00444444,0.549133,0.452576,0.56073,-0.42334
1662588134,120399948,0.09,0.11,-0.53,-0.183333,0,0.00888889,0.5495,0.452087,0.561157,-0.422852
1662588134,130407961,0,0.28,-0.85,-0.107778,0.0455556,0.00444444,0.549622,0.451721,0.561462,-0.422668
1662588134,140407419,0.06,0.52,-0.62,-0.112222,-0.0244444,0,0.549927,0.451477,0.561646,-0.422302
1662588134,150403358,-0.18,0.32,-0.02,-0.155556,0.00111111,-0.00777778,0.550232,0.45105,0.562012,-0.421875
1662588134,160401668,0.08,-0.35,0.13,-0.0977778,0.00222222,-0.00444444,0.550415,0.450745,0.562195,-0.421631
1662588134,170398570,0.08,-0.35,0.13,-0.117778,0.0566667,-0.00666667,0.550537,0.450317,0.562622,-0.421387
1662588134,180405510,-0.29,-0.27,-0.25,0.0811111,0.0377778,-0.00777778,0.550232,0.450439,0.562561,-0.421692
1662588134,190406486,-0.1,-0.31,-0.19,0.217778,0.0122222,0,0.549744,0.45105,0.562134,-0.422302
1662588134,200401166,0.07,0.31,-0.15,0.324444,-0.00222222,-0.00555556,0.549072,0.451904,0.561401,-0.423218
1662588134,210400735,-0.09,-0.13,0.13,0.142222,0.0855556,-0.04,0.548462,0.452209,0.561401,-0.423645
1662588134,220402841,-0.33,-0.45,-0.97,0.38,0.02,0,0.547668,0.453247,0.560608,-0.424683
1662588134,230406003,-0.14,0.03,-0.61,0.331111,0.0866667,-0.0255556,0.544861,0.456177,0.558472,-0.427917
1662588134,240408757,-0.14,-0.16,-1.29,0.371111,0.0433333,-0.03,0.543884,0.457153,0.557861,-0.428894
1662588134,250403511,0,0.49,-0.71,0.452222,-0.02,-0.0122222,0.542969,0.458496,0.556824,-0.430054
1662588134,260401173,0.14,0.54,0.22,0.225556,-0.00222222,0,0.542542,0.459106,0.556335,-0.430603
1662588134,270402760,-0.23,0.54,-0.05,0.0322222,-0.00888889,-0.00888889,0.542419,0.459167,0.556213,-0.430725
1662588134,280406107,0.03,-0.22,-0.26,0.0322222,-0.00888889,-0.00888889,0.542419,0.459167,0.556213,-0.430725
1662588134,290409305,-0.12,0.13,-1.35,0.0422222,0.0255556,0,0.54248,0.459167,0.556274,-0.430603
1662588134,300402208,-0.01,-0.4,-1.13,0.0944444,0.0111111,-0.0155556,0.542236,0.459473,0.556152,-0.430847
1662588134,310397258,-0.06,-0.28,-0.93,0.29,0.0111111,-0.00555556,0.541565,0.460205,0.555542,-0.431641
1662588134,320400772,0.03,0.63,-0.31,0.17,0.0611111,-0.0244444,0.541016,0.460571,0.555359,-0.432129
1662588134,330404248,0.16,0.55,0.31,0.111111,-0.0122222,-0.0322222,0.54071,0.460999,0.555176,-0.432312
1662588134,340405521,0.14,0.35,0.01,-0.106667,0.0477778,-0.0233333,0.540771,0.460693,0.555542,-0.432068
1662588134,350402071,-0.07,0.18,-0.19,-0.175556,0.03,-0.00666667,0.541077,0.460144,0.55603,-0.431702
1662588134,360401973,-0.09,0.31,-0.38,-0.222222,0.03,0.01,0.541443,0.459473,0.55658,-0.431213
1662588134,370401857,0.04,0.04,-0.34,-0.3,-0.00333333,0.0111111,0.542114,0.458618,0.557251,-0.43042
1662588134,380405111,-0.13,-0.05,-0.12,-0.225556,-0.00222222,0.0277778,0.542664,0.457947,0.557678,-0.429932
1662588134,390408902,0.15,-0.15,0.27,-0.0133333,-0.0277778,0.0422222,0.542847,0.457825,0.557556,-0.429932
1662588134,400398805,0.06,0.42,0.22,-0.0811111,0.0877778,0,0.542786,0.457458,0.557922,-0.429932
1662588134,410400670,-0.17,-0.5,0.04,-0.133333,0.0811111,-0.03,0.542786,0.45697,0.558533,-0.429688
1662588134,420400017,-0.1,0.5,-0.27,-0.01,-0.0188889,-0.00555556,0.542847,0.45697,0.558472,-0.429626
1662588134,430406549,-0.14,0.05,-0.75,-0.0566667,-0.0311111,0,0.54303,0.456909,0.558533,-0.429382
1662588134,440407266,-0.09,0.04,-0.03,-0.131111,-0.0166667,-0.00111111,0.543396,0.456604,0.558777,-0.429016
1662588134,450404205,-0.18,0.18,-0.15,-0.144444,-0.0288889,0,0.543762,0.456238,0.559021,-0.428528
1662588134,460400719,-0.06,0.08,-0.66,0.0155556,-0.0144444,0.00666667,0.543762,0.45636,0.55896,-0.428528
1662588134,470398195,-0.12,-0.11,-0.19,-0.00666667,-0.0288889,-0.00222222,0.543823,0.456421,0.558899,-0.428467
1662588134,480404468,0.15,0.05,0,0,-0.00555556,-0.0211111,0.543823,0.456482,0.558899,-0.428406
1662588134,490402574,-0.04,0,-0.5,0.00222222,0.0166667,-0.0233333,0.543762,0.456543,0.558899,-0.428345
1662588134,500401457,-0.18,0.01,-0.91,0.0611111,0.0255556,-0.0155556,0.543823,0.45697,0.558594,-0.428284
1662588134,510402082,0.07,0.28,-0.68,0.0466667,0.00444444,-0.0144444,0.543701,0.457153,0.558533,-0.428345
1662588134,520397947,-0.11,-0.12,-0.17,0.03,0.00222222,0.0177778,0.543701,0.457153,0.558411,-0.428467
1662588134,530406553,-0.04,0.16,-0.5,-0.166667,0.0111111,0.0122222,0.544006,0.456665,0.558777,-0.428101
1662588134,540407178,0.04,0.26,-0.85,-0.24,0.0144444,0.00888889,0.544495,0.455994,0.559387,-0.42749
1662588134,550403024,-0.06,-0.01,-1.49,-0.192222,-0.0444444,0.0144444,0.545044,0.455505,0.559631,-0.426941
1662588134,560400927,-0.05,0.17,-1.56,-0.0755556,0.00555556,0,0.545166,0.455322,0.559814,-0.426758
1662588134,570398459,-0.01,0.13,-1.29,0.06,0,0.00222222,0.545044,0.455444,0.559692,-0.42688
1662588134,580403009,-0.06,0.03,-0.77,0.0911111,-0.0111111,0.00666667,0.544922,0.45575,0.559448,-0.427124
1662588134,590407374,-0.01,0.03,0.21,-0.0288889,-0.0355556,0.00444444,0.545044,0.45575,0.559387,-0.426941
1662588134,600401592,-0.1,-0.04,-0.34,-0.0866667,-0.0266667,0.00555556,0.545349,0.455566,0.559509,-0.426636
1662588134,610401679,-0.03,0.1,-1.42,-0.0355556,-0.0255556,0.00777778,0.545471,0.455505,0.559509,-0.426514
1662588134,620397267,-0.13,0,-0.72,-0.111111,0.0155556,0.00333333,0.545654,0.4552,0.559814,-0.42627
1662588134,630401410,-0.01,0.15,-0.73,-0.0633333,-0.0133333,0.0111111,0.545837,0.455017,0.559875,-0.426086
1662588134,640406923,-0.06,0.05,-0.16,-0.0633333,-0.00666667,0.0111111,0.546021,0.454773,0.559998,-0.425964
1662588134,650402196,-0.04,0.09,-0.12,-0.0444444,-0.0177778,0.0111111,0.546204,0.454651,0.560059,-0.425781
1662588134,660400394,-0.01,0.06,-0.18,-0.0388889,-0.00444444,0.00666667,0.546265,0.45459,0.56012,-0.42572
1662588134,670401889,-0.04,0.07,-0.11,-0.03,0.00777778,0,0.546326,0.454468,0.560181,-0.425598
1662588134,680405069,-0.03,0.06,-0.16,-0.02,0.01,-0.00222222,0.542786,0.458679,0.556946,-0.429993
1662588134,690402916,-0.03,0.09,-0.18,-0.0255556,0.0322222,-0.00666667,0.542725,0.458557,0.557068,-0.429993
1662588134,700392226,-0.08,0.1,-0.09,-0.0411111,0.0377778,-0.01,0.542664,0.458374,0.557251,-0.429932
1662588134,710394610,-0.03,0.08,-0.14,-0.0377778,0.02,-0.00666667,0.542725,0.458252,0.557434,-0.42981
1662588134,720393567,-0.04,0.08,-0.12,-0.0344444,0.0122222,-0.00333333,0.542786,0.45813,0.557495,-0.429749
1662588134,730396525,-0.03,0.08,-0.13,-0.03,0.00555556,-0.00444444,0.539185,0.462402,0.554138,-0.434021
1662588134,740397353,-0.05,0.09,-0.11,-0.0244444,0.00222222,-0.00555556,0.539246,0.462341,0.554199,-0.43396
1662588134,750395793,-0.04,0.08,-0.13,-0.0188889,0,-0.00666667,0.539307,0.462341,0.554199,-0.433838
1662588134,760393288,-0.05,0.11,-0.13,-0.0233333,0.00444444,0,0.539368,0.46228,0.55426,-0.433777
1662588134,770395820,-0.04,0.1,-0.1,-0.0322222,0.00111111,0,0.539429,0.462219,0.554321,-0.433655
1662588134,780395759,-0.04,0.1,-0.13,-0.0344444,-0.00333333,0.00888889,0.536133,0.466125,0.551208,-0.437561
1662588134,790396846,-0.02,0.1,-0.15,-0.0355556,0,0.00888889,0.536194,0.466064,0.55127,-0.437439
1662588134,800395971,-0.02,0.1,-0.14,-0.0422222,0.00333333,0.00888889,0.536316,0.466003,0.551392,-0.437256
1662588134,810395540,-0.05,0.11,-0.16,-0.0488889,0.00222222,0.00666667,0.536438,0.465881,0.551453,-0.437134
1662588134,820394183,0,0.08,-0.14,-0.0511111,0.00666667,0,0.53656,0.46582,0.551575,-0.436951
1662588134,830395141,0,0.08,-0.13,-0.0511111,0.0122222,-0.00444444,0.533142,0.469666,0.548462,-0.440857
1662588134,840393673,-0.05,0.1,-0.15,-0.0566667,0.0177778,-0.00555556,0.533264,0.469482,0.548645,-0.440735
1662588134,850393409,-0.04,0.11,-0.16,-0.07,0.0155556,-0.00111111,0.533325,0.469299,0.548828,-0.440552
1662588134,860393829,-0.05,0.21,-0.27,-0.106667,0.0133333,0,0.533569,0.469055,0.549072,-0.440247
1662588134,870395361,-0.05,0.23,-0.27,-0.184444,0.00222222,0.00777778,0.533997,0.468689,0.5495,-0.439636
1662588134,880393615,-0.06,0.15,-0.17,-0.247778,-0.01,0.0111111,0.531799,0.471252,0.547363,-0.442139
1662588134,890396295,-0.04,-0.01,0,-0.238889,-0.00888889,0.0122222,0.532349,0.470642,0.547852,-0.441528
1662588134,900394994,-0.05,0.05,-0.05,-0.191111,-0.00666667,0.01,0.532776,0.470093,0.548279,-0.44104
1662588134,910393156,-0.05,0.14,-0.07,-0.215556,-0.0155556,0.0122222,0.533325,0.469543,0.548706,-0.44043
1662588134,920393743,-0.08,0.16,-0.1,-0.373333,-0.03,0.02,0.534241,0.468628,0.549438,-0.439453
1662588134,930392923,-0.01,0.04,-0.07,-0.467778,-0.0666667,0.0333333,0.532776,0.47052,0.547668,-0.441345
1662588134,940393418,-0.03,0.21,-0.19,-0.514444,-0.0711111,0.0377778,0.53418,0.469238,0.548584,-0.43988
1662588134,950392413,0,-0.05,-0.09,-0.551111,-0.0477778,0.0322222,0.535522,0.467834,0.549622,-0.438416
1662588134,960394093,-0.01,0.18,-0.09,-0.481111,-0.01,0.02,0.536621,0.466553,0.550659,-0.437195
1662588134,970394903,-0.05,-0.21,-0.11,-0.503333,0,0.0133333,0.53772,0.465149,0.551758,-0.435913
1662588134,980393750,-0.01,-0.13,-0.22,-0.341111,0.0155556,0.00444444,0.536072,0.46698,0.550293,-0.437866
1662588134,990393707,-0.05,-0.09,-0.11,-0.183333,0.0244444,0,0.536438,0.466492,0.55072,-0.437439
1662588135,398276,-0.05,-0.04,-0.13,-0.0888889,0.0233333,-0.00444444,0.53656,0.466187,0.550964,-0.437256
1662588135,10394716,-0.06,0,-0.13,-0.0422222,0.00888889,-0.00777778,0.536682,0.466064,0.551025,-0.437134
1662588135,20393729,-0.01,0,-0.14,-0.0233333,-0.00111111,-0.00666667,0.536743,0.466064,0.551086,-0.437073
1662588135,30394890,-0.02,0.02,-0.13,-0.0155556,0.00111111,-0.00777778,0.534851,0.468262,0.549255,-0.439331
1662588135,40394496,0,0.01,-0.18,-0.0244444,0.02,-0.0122222,0.534851,0.468201,0.549377,-0.43927
1662588135,50395399,-0.04,0.05,-0.18,-0.0288889,0.0388889,-0.0255556,0.534729,0.46814,0.549561,-0.439148
1662588135,60394153,-0.07,0.08,-0.07,-0.0266667,0.0522222,-0.0233333,0.534607,0.468018,0.549805,-0.439148
1662588135,70395277,-0.04,0.05,-0.11,-0.0155556,0.03,-0.01,0.534546,0.467957,0.549927,-0.439087
1662588135,80395105,-0.05,0.06,-0.11,-0.0133333,0.0188889,-0.00111111,0.532837,0.469849,0.548401,-0.441101
1662588135,90397230,-0.02,0.04,-0.12,-0.00777778,0.0122222,0,0.532837,0.469849,0.548462,-0.441101
1662588135,100394336,-0.05,0.02,-0.11,-0.0111111,0.0111111,0.00111111,0.532837,0.469788,0.548462,-0.441101
1662588135,110394497,-0.05,0.04,-0.1,-0.00666667,0,0.00111111,0.532837,0.469788,0.548462,-0.441101
1662588135,120395159,-0.02,0.03,-0.1,-0.00444444,-0.00444444,0,0.532837,0.469788,0.548462,-0.44104
1662588135,130395487,-0.04,0.04,-0.12,-0.00222222,-0.00666667,0,0.530823,0.472107,0.54657,-0.44342
1662588135,140392093,-0.02,0.04,-0.13,0,-0.00666667,0,0.530823,0.472168,0.546509,-0.44342
1662588135,150396773,-0.02,0.05,-0.15,0,0,0.00111111,0.530823,0.472168,0.546509,-0.44342
1662588135,160393842,-0.03,0.04,-0.13,-0.00333333,0,0,0.530823,0.472168,0.546509,-0.443359
1662588135,170392022,-0.02,0.05,-0.14,-0.00111111,0.00333333,-0.00111111,0.530823,0.472229,0.546509,-0.443359
1662588135,180393424,-0.02,0,-0.09,0,0.00333333,-0.00222222,0.528748,0.474548,0.544556,-0.44574
1662588135,190393234,-0.04,0.03,-0.12,0,0.00555556,-0.00333333,0.528748,0.474548,0.544495,-0.44574
1662588135,200394729,-0.03,0.01,-0.15,0,0.01,-0.00666667,0.528748,0.474548,0.544556,-0.44574
1662588135,210395798,-0.04,0.04,-0.15,-0.00222222,0.0111111,-0.00888889,0.528748,0.474548,0.544556,-0.44574
1662588135,220393811,-0.04,0.04,-0.13,-0.00111111,0.0122222,-0.00888889,0.528687,0.474548,0.544556,-0.44574
1662588135,230396195,-0.05,0.06,-0.08,-0.00222222,0.00777778,-0.00666667,0.526917,0.476562,0.542847,-0.447815
1662588135,240394412,-0.04,0.06,-0.1,0,0,-0.00222222,0.526917,0.476624,0.542847,-0.447815
1662588135,250394388,-0.04,0.08,-0.13,0,-0.00555556,0,0.526917,0.476624,0.542847,-0.447815
1662588135,260391920,-0.02,0.06,-0.11,0.00222222,-0.0111111,0.00333333,0.526978,0.476685,0.542786,-0.447754
1662588135,270390359,-0.03,0.04,-0.12,0,-0.0133333,0.00555556,0.526978,0.476746,0.542786,-0.447693
1662588135,280396002,-0.04,0.01,-0.12,0.00222222,-0.00888889,0.00444444,0.525635,0.47821,0.541504,-0.449219
1662588135,290395775,-0.04,0.02,-0.13,0.00222222,-0.00444444,0,0.525696,0.47821,0.541504,-0.449158
1662588135,300394511,-0.04,0.02,-0.12,0,-0.00555556,0.00444444,0.525696,0.47821,0.541443,-0.449158
1662588135,310394839,-0.05,0.05,-0.12,0.00222222,-0.00888889,0.00444444,0.525696,0.478271,0.541443,-0.449158
1662588135,320393685,-0.05,0.04,-0.11,0.00222222,-0.0133333,0.00888889,0.525757,0.478333,0.541443,-0.449097
1662588135,330395180,-0.03,0.03,-0.11,0.00333333,-0.0222222,0.00888889,0.524109,0.480225,0.539734,-0.450928
1662588135,340394879,-0.03,0.04,-0.1,0.00111111,-0.0333333,0.0155556,0.524231,0.480286,0.539612,-0.450928
1662588135,350396633,0,0.01,-0.17,0.00111111,-0.0466667,0.0177778,0.524414,0.480347,0.539429,-0.450806
1662588135,360393091,-0.01,0.01,-0.19,0,-0.0355556,0.0122222,0.524536,0.480408,0.539307,-0.450745
1662588135,370397123,-0.03,0.01,-0.14,0.00222222,-0.0188889,0.00444444,0.524597,0.480469,0.539246,-0.450684
1662588135,380395303,-0.05,0.02,-0.13,0.00222222,-0.00111111,0,0.522888,0.482422,0.537598,-0.452637
1662588135,390397297,-0.02,0.01,-0.13,0.00111111,0.00111111,0,0.522888,0.482422,0.537598,-0.452637
1662588135,400394885,-0.03,0.04,-0.14,0,0.00333333,0.00222222,0.522888,0.482422,0.537537,-0.452637
1662588135,410415824,-0.03,0.02,-0.12,0,0.00111111,0.00222222,0.522888,0.482422,0.537537,-0.452576
1662588135,420414615,-0.04,0.01,-0.09,0,0.00444444,0.00555556,0.522949,0.482483,0.537537,-0.452576
1662588135,430414369,-0.04,0.02,-0.09,0,0,0.00777778,0.521729,0.483765,0.536377,-0.453918
1662588135,440412512,-0.05,0,-0.07,0,-0.0144444,0.00888889,0.52179,0.483826,0.536377,-0.453857
1662588135,450411766,-0.03,0.01,-0.13,-0.00222222,-0.0277778,0.00666667,0.521851,0.483887,0.536255,-0.453796
1662588135,460412224,-0.02,0,-0.12,0,-0.0233333,0.00111111,0.521912,0.483948,0.536194,-0.453735
1662588135,470411719,-0.03,-0.01,-0.14,0,-0.00777778,0,0.521912,0.483948,0.536194,-0.453735
1662588135,480409418,-0.03,0.01,-0.08,0,0.00888889,-0.00222222,0.52063,0.485352,0.534973,-0.455139
1662588135,490417005,-0.04,0.02,-0.13,-0.00222222,0.0133333,-0.00111111,0.52063,0.485352,0.534973,-0.4552
1662588135,500518091,-0.03,0,-0.16,-0.00444444,0.0211111,-0.00444444,0.520569,0.485291,0.535034,-0.4552
1662588135,510409384,-0.03,0.01,-0.14,-0.00555556,0.0277778,-0.0111111,0.520508,0.485291,0.535095,-0.455261
1662588135,520410249,-0.04,0.01,-0.1,-0.00444444,0.04,-0.0155556,0.520325,0.485229,0.535217,-0.455261
1662588135,530408725,-0.04,0.02,-0.09,-0.00333333,0.0411111,-0.0177778,0.519165,0.486328,0.534424,-0.456482
1662588135,540409461,-0.04,0.01,-0.09,-0.00111111,0.0288889,-0.0133333,0.519043,0.486328,0.534485,-0.456482
1662588135,550410844,-0.04,0.04,-0.1,-0.00333333,0.0188889,-0.00555556,0.519043,0.486267,0.534546,-0.456482
1662588135,560407432,-0.03,0.01,-0.14,0,0.00555556,-0.00111111,0.519043,0.486267,0.534546,-0.456482
1662588135,570410945,-0.05,0.02,-0.1,-0.00222222,0.00555556,0,0.519043,0.486328,0.534546,-0.456482
1662588135,580410144,-0.04,0.02,-0.09,0,0.00333333,-0.00111111,0.518005,0.487427,0.533508,-0.457642
1662588135,590414139,-0.03,0.03,-0.11,0,0,0,0.518005,0.487427,0.533508,-0.457642
1662588135,600411930,-0.04,0.03,-0.13,-0.00111111,0.00111111,-0.00111111,0.518005,0.487488,0.533508,-0.457642
1662588135,610415387,-0.03,0.02,-0.12,-0.00111111,0.00222222,-0.00222222,0.518005,0.487488,0.533508,-0.457581
1662588135,620416382,-0.03,0,-0.1,-0.00111111,0.00555556,0,0.518005,0.487488,0.533508,-0.457581
1662588135,630415785,-0.05,0.02,-0.1,0,0.00333333,0,0.517822,0.487671,0.533325,-0.457764
1662588135,640413835,-0.03,0.03,-0.08,0,0.00333333,-0.00111111,0.517883,0.487671,0.533325,-0.457764
1662588135,650416367,-0.03,0.04,-0.11,0,0.00222222,0,0.517883,0.487732,0.533325,-0.457764
1662588135,660414714,-0.04,0.02,-0.1,0.00111111,-0.00222222,0,0.517883,0.487732,0.533325,-0.457764
1662588135,670414301,-0.04,0.03,-0.1,0,0,0,0.517883,0.487732,0.533325,-0.457703
1662588135,680414111,-0.03,0.05,-0.09,0,-0.00555556,0,0.51709,0.488586,0.532532,-0.458557
1662588135,690412439,-0.02,0.01,-0.12,0,-0.00111111,0.00111111,0.51709,0.488586,0.532532,-0.458557
1662588135,700416008,-0.03,0.01,-0.15,0,-0.00333333,0.00222222,0.51709,0.488647,0.532532,-0.458557
1662588135,710411040,-0.04,0.03,-0.07,0,-0.00555556,0.00555556,0.51709,0.488647,0.532532,-0.458557
1662588135,720408498,-0.03,0.03,-0.11,0.00222222,-0.0166667,0.00333333,0.517151,0.488708,0.532471,-0.458496
1662588135,730409659,-0.03,0,-0.09,0.00111111,-0.02,0.00555556,0.516418,0.489563,0.531677,-0.45929
1662588135,740409858,-0.02,0.02,-0.12,0.00111111,-0.0122222,0.00111111,0.516479,0.489624,0.531616,-0.459229
1662588135,750406149,-0.01,0.01,-0.15,0,-0.00222222,0,0.516479,0.489624,0.531616,-0.459229
1662588135,760407088,-0.04,0.02,-0.12,0,0.00222222,-0.00333333,0.516479,0.489624,0.531616,-0.459229
1662588135,770409398,-0.07,0.02,-0.1,0.00111111,0.00555556,-0.00333333,0.516479,0.489624,0.531616,-0.459229
1662588135,780408856,-0.03,0.02,-0.08,0,0.00777778,-0.00111111,0.515442,0.490784,0.530579,-0.460388
1662588135,790409980,-0.09,0.02,-0.06,0.00111111,0,0,0.515442,0.490784,0.530579,-0.460388
1662588135,800411086,-0.01,0,-0.12,0,-0.00888889,0.00444444,0.515442,0.490784,0.530579,-0.460327
1662588135,810411340,-0.08,0.03,-0.07,0,-0.0211111,0.00555556,0.515503,0.490845,0.530518,-0.460266
1662588135,820415816,0.01,-0.01,-0.09,0,-0.0222222,0.00777778,0.515564,0.490906,0.530457,-0.460205
1662588135,830412089,-0.05,0.01,-0.11,0,-0.0266667,0.0122222,0.514404,0.49231,0.529114,-0.461609
1662588135,840415250,-0.05,0.01,-0.1,0.00111111,-0.0222222,0.0122222,0.514465,0.492371,0.529053,-0.461548
1662588135,850411912,-0.01,0.01,-0.14,0,-0.0122222,0.01,0.514526,0.492371,0.528931,-0.461548
1662588135,860412314,-0.03,0,-0.12,0,-0.00111111,0.00333333,0.514587,0.492371,0.528931,-0.461548
1662588135,870414642,-0.03,0,-0.09,0,-0.00111111,0.00333333,0.514587,0.492371,0.528931,-0.461548
1662588135,880416971,-0.05,-0.02,-0.1,0,-0.00222222,0,0.513672,0.493347,0.528076,-0.462524
1662588135,890416373,-0.02,0.01,-0.12,0,-0.00222222,-0.00222222,0.513672,0.493347,0.528076,-0.462524
1662588135,900415368,-0.01,0.01,-0.13,0.00222222,0.00444444,-0.00444444,0.513672,0.493347,0.528076,-0.462524
1662588135,910410474,-0.03,0,-0.1,0.00111111,0.00111111,-0.00111111,0.513672,0.493347,0.528076,-0.462524
1662588135,920412876,-0.01,0.02,-0.11,0,0.00555556,0,0.513672,0.493347,0.528076,-0.462524
1662588135,930409704,-0.08,0.02,-0.1,-0.00111111,0.00555556,0,0.512878,0.494141,0.527344,-0.463318
1662588135,940408866,-0.04,0.02,-0.09,0,0.00222222,0,0.512878,0.494141,0.527344,-0.463318
1662588135,950410879,-0.05,0.02,-0.09,0,0.00555556,0,0.512878,0.494141,0.527344,-0.463318
1662588135,960408096,0,0.03,-0.09,0,0,0,0.512878,0.494141,0.527344,-0.463318
1662588135,970410998,-0.05,0.02,-0.08,0.00111111,-0.00555556,0,0.512878,0.494141,0.527344,-0.463318
1662588135,980408401,0,0.01,-0.13,0,-0.00555556,0,0.512756,0.494263,0.527283,-0.46344
1662588135,990414618,-0.05,0,-0.08,0,-0.00111111,0,0.512756,0.494263,0.527283,-0.46344
