1661871481,138835727,-0.05,-0.08,0.05,0,0.00111111,0,-0.630554,0.324219,-0.30896,0.633911
1661871481,148831205,-0.05,-0.08,0.05,0,-0.00333333,-0.00222222,-0.630554,0.324219,-0.30896,0.633911
1661871481,158829960,-0.03,-0.06,0.02,0,-0.00222222,0,-0.630554,0.324219,-0.30896,0.633911
1661871481,168833438,-0.04,-0.07,0,0,-0.00222222,0,-0.630554,0.324219,-0.30896,0.633911
1661871481,178831175,-0.04,-0.06,0.02,0,0,0.00111111,-0.630554,0.324219,-0.30896,0.633911
1661871481,188834171,-0.03,-0.08,0.05,-0.00222222,-0.00222222,0.00111111,-0.630554,0.324219,-0.30896,0.633911
1661871481,198828945,-0.04,-0.1,0.04,-0.00333333,-0.00333333,0,-0.630554,0.324219,-0.30896,0.633911
1661871481,208829349,-0.03,-0.09,0.03,0,0,0,-0.630554,0.324219,-0.30896,0.633911
1661871481,218830900,-0.06,-0.04,0.01,0,0,0,-0.630554,0.324219,-0.30896,0.633911
1661871481,228835266,-0.04,-0.05,0.03,0.00333333,0,0.00222222,-0.630554,0.324219,-0.30896,0.633911
1661871481,238829004,-0.06,-0.07,0.02,0.00555556,0.00222222,0,-0.630554,0.324219,-0.30896,0.633911
1661871481,248834166,-0.06,-0.07,0.02,0.00333333,-0.00222222,0,-0.630554,0.324219,-0.30896,0.633911
1661871481,258831237,-0.04,-0.08,0.04,0,0,0,-0.630554,0.324219,-0.30896,0.633911
1661871481,268831770,-0.03,-0.08,0.02,0,0,0,-0.630554,0.324219,-0.30896,0.633911
1661871481,278829766,-0.03,-0.05,0.01,0,-0.00111111,0,-0.630554,0.324219,-0.30896,0.633911
1661871481,288832373,-0.03,-0.09,0.04,0,0.00111111,0,-0.630554,0.324219,-0.30896,0.633911
1661871481,298827666,-0.03,-0.09,0.04,0,-0.00111111,0,-0.630554,0.324219,-0.30896,0.633911
1661871481,308829107,-0.06,-0.08,0.01,0,-0.00222222,0.00111111,-0.630554,0.324219,-0.30896,0.633911
1661871481,318832140,-0.05,-0.08,0.01,0,0,0,-0.630554,0.324219,-0.30896,0.633911
1661871481,328834358,-0.03,-0.09,0.01,0.00222222,0,0,-0.630554,0.324219,-0.30896,0.633911
1661871481,338829447,-0.06,-0.09,0.02,0.00333333,0,0,-0.630554,0.324219,-0.30896,0.633911
1661871481,348831814,-0.06,-0.09,0.02,0.00666667,0,0,-0.630554,0.324219,-0.30896,0.633911
1661871481,358831088,-0.05,-0.06,0.04,0.0122222,0.00222222,0,-0.630493,0.324158,-0.309021,0.633972
1661871481,368834195,-0.04,-0.08,0,0.0122222,0.00222222,0,-0.630493,0.324158,-0.309021,0.633972
1661871481,378830228,-0.02,-0.06,0.04,0.00888889,0.00111111,0,-0.630493,0.324158,-0.309021,0.633972
1661871481,388833521,-0.03,-0.11,0.04,0.00555556,0.00111111,0,-0.630493,0.324158,-0.309021,0.633972
1661871481,398828221,-0.05,-0.07,0.04,0.00666667,0,0.00111111,-0.630493,0.324158,-0.309021,0.633972
1661871481,408829143,-0.03,-0.09,0.03,0.0111111,0,0.00111111,-0.630371,0.324158,-0.309082,0.634033
1661871481,418831917,-0.04,-0.05,0.02,0.0144444,0.00111111,0,-0.63031,0.324097,-0.309082,0.634094
1661871481,428834616,-0.06,-0.03,0.02,0.0211111,0.00111111,0,-0.630249,0.324036,-0.309143,0.634216
1661871481,438828632,-0.05,-0.05,0.04,0.0255556,0.00333333,0.00111111,-0.630127,0.324036,-0.309204,0.634277
1661871481,448834109,-0.05,-0.05,0.04,0.03,0.00333333,0,-0.630127,0.324036,-0.309204,0.634277
1661871481,458831587,-0.05,-0.08,0.06,0.0211111,0,0,-0.630005,0.323975,-0.309265,0.634399
1661871481,468834083,-0.03,-0.1,0.02,0.0211111,0,0,-0.629944,0.323914,-0.309265,0.634521
1661871481,478833079,-0.05,-0.08,0.01,0.0211111,0,-0.00111111,-0.629883,0.323853,-0.309326,0.634583
1661871481,488832538,-0.02,-0.07,0.03,0.0233333,0,0,-0.629822,0.323853,-0.309387,0.634644
1661871481,498829294,-0.02,-0.07,0.03,0.0244444,0.00555556,0,-0.629822,0.323853,-0.309387,0.634644
1661871481,508827883,-0.04,-0.03,0.03,0.0288889,0.00333333,-0.00111111,-0.6297,0.323792,-0.309387,0.634705
1661871481,518831508,-0.03,-0.04,0.04,0.0222222,0.00555556,0,-0.629639,0.323792,-0.309448,0.634827
1661871481,528834208,-0.04,-0.06,0.03,0.0122222,0.00222222,0,-0.629578,0.32373,-0.309448,0.634827
1661871481,538829408,-0.05,-0.07,0.03,0.00333333,0,0.00111111,-0.629578,0.32373,-0.309448,0.634827
1661871481,548833534,-0.05,-0.07,0.03,-0.00222222,0,0,-0.629578,0.32373,-0.309448,0.634827
1661871481,558831308,-0.04,-0.08,0.03,0,0,0,-0.629578,0.32373,-0.309448,0.634827
1661871481,568833674,-0.04,-0.07,0,0,0,0,-0.629578,0.32373,-0.309448,0.634827
1661871481,578830763,-0.03,-0.08,0.03,0,0,0,-0.629578,0.32373,-0.309448,0.634827
1661871481,588829389,-0.05,-0.04,0.03,0.00333333,0,0,-0.629578,0.32373,-0.309448,0.634827
1661871481,598829145,-0.05,-0.04,0.03,0.00222222,0,0,-0.629578,0.32373,-0.309448,0.634827
1661871481,608828752,-0.05,-0.04,0.06,0.00111111,0,-0.00111111,-0.629578,0.32373,-0.309448,0.634827
1661871481,618831563,-0.05,-0.07,0.02,0,0,0,-0.629578,0.32373,-0.309448,0.634827
1661871481,628834522,-0.05,-0.1,0.03,0.00111111,-0.00333333,0,-0.629578,0.32373,-0.309448,0.634827
1661871481,638829018,-0.03,-0.05,0.05,0.00111111,0,0,-0.629578,0.32373,-0.309448,0.634827
1661871481,648907194,-0.03,-0.05,0.05,0.00333333,0,0,-0.629578,0.32373,-0.309448,0.634827
1661871481,658848398,-0.05,-0.05,0.03,0.00111111,-0.00111111,0,-0.629578,0.32373,-0.309448,0.634827
1661871481,668854135,-0.04,-0.08,0.03,-0.00111111,0,-0.00111111,-0.629578,0.32373,-0.309448,0.634827
1661871481,678848502,-0.05,-0.09,0.04,-0.00333333,-0.00111111,0.00111111,-0.629578,0.32373,-0.309448,0.634827
1661871481,688854942,-0.05,-0.09,0.03,-0.00777778,-0.00111111,0,-0.629578,0.32373,-0.309448,0.634827
1661871481,698846772,-0.05,-0.09,0.03,-0.00777778,-0.00333333,0,-0.629578,0.32373,-0.309448,0.634827
1661871481,708845157,-0.02,-0.08,0.05,-0.00777778,-0.00444444,0,-0.629578,0.32373,-0.309448,0.634827
1661871481,718849746,-0.03,-0.08,0.03,-0.00444444,-0.00111111,0,-0.629578,0.32373,-0.309448,0.634827
1661871481,728853742,-0.03,-0.04,0.05,0,0,0,-0.629578,0.32373,-0.309448,0.634827
1661871481,738847498,-0.04,-0.07,0.06,0.00111111,-0.00111111,0.00222222,-0.629578,0.32373,-0.309448,0.634827
1661871481,748963764,-0.04,-0.07,0.06,0.00444444,-0.00111111,0.00111111,-0.629578,0.32373,-0.309448,0.634827
1661871481,758841102,-0.03,-0.07,0.04,0,-0.00444444,0,-0.629578,0.32373,-0.309448,0.634827
1661871481,768844505,-0.06,-0.05,0.01,0,-0.01,0,-0.629639,0.32373,-0.309448,0.634888
1661871481,778840576,-0.03,-0.04,0.03,-0.00666667,-0.00555556,-0.00222222,-0.629639,0.32373,-0.309448,0.634888
1661871481,788844294,-0.03,-0.05,0.06,-0.00888889,-0.01,0.00111111,-0.629639,0.323669,-0.309387,0.634888
1661871481,798839587,-0.03,-0.05,0.06,-0.0133333,-0.00666667,0,-0.6297,0.323669,-0.309387,0.634827
1661871481,808837731,-0.04,-0.08,0.05,-0.0133333,-0.0111111,0,-0.629761,0.323669,-0.309326,0.634827
1661871481,818839579,-0.03,-0.1,0.02,-0.0122222,-0.00777778,0,-0.629761,0.32373,-0.309265,0.634766
1661871481,828845575,-0.04,-0.07,0.04,-0.0111111,-0.00444444,0,-0.629822,0.32373,-0.309265,0.634705
1661871481,838840053,-0.07,-0.09,0.05,-0.00666667,-0.00111111,0.00111111,-0.629822,0.32373,-0.309265,0.634705
1661871481,848866677,-0.07,-0.09,0.05,0,0,0.00111111,-0.629822,0.32373,-0.309265,0.634705
1661871481,858840582,-0.04,-0.08,0.06,0.00555556,0,0,-0.629822,0.32373,-0.309265,0.634705
1661871481,868847856,-0.05,-0.08,0.01,0.00111111,-0.00222222,0,-0.629822,0.32373,-0.309265,0.634705
1661871481,878855259,-0.06,-0.08,0.03,0,0,0,-0.629822,0.32373,-0.309265,0.634705
1661871481,888841385,-0.04,-0.06,0.05,-0.00111111,0,0.00111111,-0.629822,0.32373,-0.309265,0.634705
1661871481,898839067,-0.04,-0.06,0.05,0.00111111,0,0,-0.629822,0.32373,-0.309265,0.634705
1661871481,908837452,-0.04,-0.06,0.03,0,0,0,-0.629822,0.32373,-0.309265,0.634705
1661871481,918840819,-0.06,-0.06,0.01,0,-0.00222222,0,-0.629822,0.32373,-0.309265,0.634705
1661871481,928845055,-0.05,-0.07,0.05,-0.00111111,0,-0.00111111,-0.629822,0.32373,-0.309265,0.634705
1661871481,938838144,-0.05,-0.09,0.04,0,0,0,-0.629822,0.32373,-0.309265,0.634705
1661871481,948864583,-0.05,-0.09,0.04,-0.00222222,0,0,-0.629822,0.32373,-0.309265,0.634705
1661871481,958840655,-0.04,-0.11,0.04,0,-0.00111111,0,-0.629822,0.32373,-0.309265,0.634705
1661871481,968844503,-0.03,-0.1,0.02,0.00555556,0,0,-0.629822,0.32373,-0.309265,0.634705
1661871481,978856554,-0.04,-0.08,0.05,0.0122222,0.00222222,0.00111111,-0.629761,0.323669,-0.309326,0.634766
1661871481,988843977,-0.05,-0.06,0.06,0.0211111,0.00111111,0.00111111,-0.6297,0.323669,-0.309326,0.634827
1661871481,998837918,-0.05,-0.06,0.06,0.0311111,0.00444444,0,-0.629639,0.323608,-0.309387,0.634949
1661871482,8839100,-0.05,-0.08,0.06,0.0233333,0.00444444,0.00222222,-0.629517,0.323608,-0.309448,0.63501
1661871482,18841152,-0.02,-0.08,0.06,0.0266667,0.00444444,0,-0.629456,0.323547,-0.309448,0.635071
1661871482,28843298,0,-0.09,0.01,0.0311111,0.00333333,0,-0.629333,0.323486,-0.309509,0.635193
1661871482,38840054,0.09,-0.08,0.06,0.0322222,0.00444444,-0.00111111,-0.629272,0.323425,-0.30957,0.635315
1661871482,48868698,0.09,-0.08,0.06,0.0355556,0.00888889,0,-0.62915,0.323364,-0.309631,0.635376
1661871482,58841437,0.37,0,0.02,0.04,0.00444444,-0.00111111,-0.629028,0.323303,-0.309692,0.635498
1661871482,68840638,0.56,0.03,0.03,0.0322222,0.00444444,-0.00111111,-0.628906,0.323303,-0.309753,0.63562
1661871482,78842283,0.69,0.06,0.03,0.0166667,-0.00111111,0.00111111,-0.628845,0.323242,-0.309753,0.635681
1661871482,88844354,0.49,-0.16,-0.01,-0.00444444,-0.0122222,0.00222222,-0.628906,0.323242,-0.309692,0.635681
1661871482,98838685,0.49,-0.16,-0.01,-0.0255556,-0.0133333,0.00777778,-0.628967,0.323181,-0.309631,0.63562
1661871482,108838664,0.69,0,-0.03,-0.0477778,-0.0133333,0,-0.62915,0.323242,-0.309509,0.635498
1661871482,118844642,0.48,0.03,0.09,-0.0377778,-0.0233333,-0.01,-0.629333,0.323181,-0.309448,0.635437
1661871482,128844547,0.23,-0.01,0.02,-0.0477778,-0.03,-0.0144444,-0.629517,0.32312,-0.309326,0.635315
1661871482,138848784,0.38,-0.15,0.02,-0.0333333,-0.0266667,-0.00222222,-0.629761,0.322937,-0.309326,0.635193
1661871482,148866095,0.38,-0.15,0.02,-0.0166667,-0.0188889,-0.00444444,-0.629883,0.322754,-0.309387,0.635071
1661871482,158840150,0.57,0.08,0,-0.00888889,-0.0211111,0.00777778,-0.630005,0.32251,-0.309509,0.635071
1661871482,168846257,0.36,0.07,0.07,-0.0233333,-0.0188889,-0.00444444,-0.630188,0.322205,-0.309631,0.634949
1661871482,178841681,0.32,-0.26,0.15,-0.0622222,-0.0166667,0.00333333,-0.630493,0.322083,-0.309692,0.634705
1661871482,188843659,0.25,-0.18,-0.06,-0.0922222,-0.0177778,-0.0133333,-0.630859,0.321899,-0.309753,0.634399
1661871482,198838175,0.25,-0.18,-0.06,-0.0977778,-0.02,0.0111111,-0.631226,0.321899,-0.309631,0.634094
1661871482,208821414,0.45,-0.19,0.01,-0.0822222,-0.0122222,0.00888889,-0.631531,0.321838,-0.309631,0.633789
1661871482,218847706,0.46,-0.11,0,-0.0466667,-0.0111111,0.0255556,-0.631775,0.321716,-0.309631,0.633667
1661871482,228846129,0.4,0,0.01,-0.0166667,-0.00888889,0.00555556,-0.631958,0.321533,-0.309814,0.633484
1661871482,238836109,0.44,-0.16,-0.04,0.0155556,-0.00222222,-0.00666667,-0.631958,0.321289,-0.310059,0.633423
1661871482,248945709,0.44,-0.16,-0.04,0.0211111,0,0,-0.632019,0.321045,-0.310303,0.633362
1661871482,258843269,0.48,-0.24,-0.01,0.0233333,-0.00444444,0.00777778,-0.63208,0.320801,-0.310547,0.633362
1661871482,268843618,0,-0.32,0.01,0.0188889,0,-0.0233333,-0.63208,0.320618,-0.31073,0.633301
1661871482,278844337,0.49,-0.28,0.21,0.0644444,0.0122222,-0.0133333,-0.631958,0.320435,-0.311035,0.633423
1661871482,288868611,0.6,-0.18,-0.01,0.0922222,0.00888889,0.0188889,-0.631653,0.32019,-0.311279,0.633728
1661871482,298845906,0.6,-0.18,-0.01,0.0877778,0.00444444,-0.0266667,-0.631531,0.319702,-0.311768,0.63385
1661871482,308848551,0.11,0.16,0.07,0.0922222,0.01,-0.0122222,-0.631287,0.319397,-0.312134,0.634033
1661871482,318848548,0.52,-0.09,0,0.0666667,-0.0111111,-0.00333333,-0.631226,0.319092,-0.312378,0.634216
1661871482,328848897,0.02,-0.17,0.05,0.00777778,-0.01,0,-0.631287,0.318909,-0.312439,0.634155
1661871482,338840487,0.33,-0.1,-0.07,-0.00222222,0.00444444,0,-0.631287,0.318909,-0.312439,0.634155
1661871482,348874704,0.33,-0.1,-0.07,-0.00777778,0.00111111,-0.0122222,-0.631287,0.318909,-0.3125,0.634155
1661871482,358842204,-0.04,-0.03,-0.15,-0.02,-0.0144444,0.00444444,-0.631409,0.318909,-0.312439,0.634094
1661871482,368843108,0.15,-0.12,0.08,-0.0333333,0.00222222,0.0211111,-0.63147,0.31897,-0.312317,0.633972
1661871482,378844976,0.06,-0.35,0,-0.0333333,-0.0344444,0.0122222,-0.631592,0.31897,-0.312134,0.633972
1661871482,388847324,-0.13,-0.37,0.03,-0.0166667,-0.04,0.0222222,-0.631714,0.318909,-0.31189,0.633972
1661871482,398844581,-0.13,-0.37,0.03,0.0355556,-0.0188889,0.0122222,-0.631592,0.318848,-0.31189,0.634155
1661871482,408848559,-0.28,0.18,0.01,0.0877778,-0.0155556,0.00111111,-0.631348,0.318665,-0.311951,0.63446
1661871482,418842372,-0.13,-0.52,0,0.1,-0.00222222,-0.00666667,-0.631042,0.318542,-0.312073,0.634766
1661871482,428846961,0.49,0.11,0.22,0.0955556,0.00111111,0.00444444,-0.630737,0.318359,-0.312256,0.635071
1661871482,438839663,0.33,-0.14,-0.14,0.0988889,0.0155556,0.0744444,-0.63031,0.318481,-0.312195,0.635437
1661871482,448960429,0.33,-0.14,-0.14,0.0355556,0.0322222,-0.02,-0.630188,0.318481,-0.312439,0.635498
1661871482,458841638,-0.29,-0.62,0.21,-0.0322222,0.00666667,0.0155556,-0.630249,0.318604,-0.312317,0.635437
1661871482,468838654,-0.63,0.36,-0.07,-0.0544444,-0.0566667,0.00444444,-0.630493,0.318481,-0.312073,0.635315
1661871482,478841392,-0.03,-0.11,0.08,-0.00666667,0.02,-0.0166667,-0.630493,0.318481,-0.312195,0.635254
1661871482,488844981,0,-0.09,0.05,0.03,-0.00111111,0.0222222,-0.630371,0.318542,-0.312195,0.635376
1661871482,498840405,0,-0.09,0.05,0.0666667,0.02,-0.0455556,-0.630188,0.318359,-0.3125,0.635498
1661871482,508845513,-0.84,-0.02,-0.17,0.0511111,0.0522222,0,-0.629944,0.31842,-0.312744,0.635559
1661871482,518842306,0.33,0.17,-0.01,0.0466667,0.0133333,0.00888889,-0.629761,0.31842,-0.312805,0.635681
1661871482,528841007,-0.11,0.07,0.05,0.0144444,-0.00555556,-0.00777778,-0.629761,0.318359,-0.312866,0.635742
1661871482,538837801,0.46,-0.07,0.09,0.00888889,-0.00666667,0.0111111,-0.6297,0.31842,-0.312805,0.635742
1661871482,548839668,0.46,-0.07,0.09,0.0144444,-0.0188889,0.0144444,-0.6297,0.318359,-0.312744,0.635864
1661871482,558841980,0.59,0.2,0.12,0.01,-0.0144444,0.00555556,-0.6297,0.318298,-0.312683,0.635925
1661871482,568839329,0.36,-0.09,0.03,0.00888889,-0.0111111,-0.00666667,-0.6297,0.318298,-0.312683,0.635925
1661871482,578841289,0.08,-0.88,0,-0.0322222,-0.0111111,-0.00333333,-0.629822,0.318298,-0.312561,0.635864
1661871482,588844508,-0.31,0.23,-0.17,-0.0866667,-0.0111111,-0.01,-0.630127,0.318359,-0.312439,0.63562
1661871482,598840209,-0.31,0.23,-0.17,-0.0588889,0,-0.0244444,-0.63031,0.318359,-0.312439,0.635376
1661871482,608844725,-0.54,-0.24,-0.09,0.0244444,0.0122222,0.0144444,-0.630188,0.31842,-0.312439,0.635437
1661871482,618842315,0.46,0.13,0.17,0.0477778,-0.01,0.0188889,-0.630066,0.318359,-0.312439,0.635681
1661871482,628844571,0.76,-0.06,-0.1,0.11,0.00444444,-0.00555556,-0.6297,0.318237,-0.312622,0.635986
1661871482,638837772,0.03,-0.03,0.12,0.0566667,0.00333333,-0.0266667,-0.629578,0.318054,-0.312805,0.636108
1661871482,648842714,0.03,-0.03,0.12,0.0211111,-0.01,0,-0.629517,0.317993,-0.312805,0.63623
1661871482,658841377,0.1,-0.23,0.05,-0.0277778,0.00666667,-0.0233333,-0.629639,0.317932,-0.312805,0.636108
1661871482,668838967,0.23,-0.08,0.1,-0.0622222,-0.00888889,-0.00222222,-0.629822,0.318054,-0.312744,0.635864
1661871482,678841205,-0.01,0.08,-0.05,-0.0711111,-0.0111111,-0.00777778,-0.630066,0.318115,-0.312561,0.635681
1661871482,688843480,-0.48,-0.13,-0.09,-0.0655556,-0.00222222,-0.00777778,-0.63031,0.318176,-0.3125,0.635498
1661871482,698840496,-0.48,-0.13,-0.09,-0.0433333,-0.01,0.0144444,-0.630432,0.318298,-0.312317,0.635376
1661871482,708850844,-0.06,-0.2,0,-0.04,0.0122222,0.0288889,-0.630493,0.318481,-0.312195,0.635315
1661871482,718840712,-0.34,-0.38,0.09,-0.0122222,0.01,0.0144444,-0.630493,0.318604,-0.312195,0.635254
1661871482,728844839,-0.05,0.04,-0.02,-0.00666667,-0.0144444,-0.0155556,-0.630493,0.318481,-0.312195,0.635254
1661871482,738839262,-0.56,-0.11,-0.02,-0.00888889,-0.0177778,0.0255556,-0.630493,0.318481,-0.312012,0.635315
1661871482,748843944,-0.85,-0.27,0.06,0,-0.01,0.0122222,-0.630493,0.318481,-0.311951,0.635376
1661871482,758846867,-0.35,-0.42,0.09,0.0355556,-0.00444444,0.0122222,-0.630371,0.318481,-0.311951,0.635498
1661871482,768849660,-0.45,-0.07,0.14,0.0544444,-0.00333333,0.0333333,-0.630127,0.318542,-0.311951,0.635742
1661871482,778848565,-0.04,0.14,0.08,0.1,-0.00777778,0.0555556,-0.629761,0.318542,-0.311951,0.636108
1661871482,788851081,0.09,0.3,0.05,0.0288889,0.0133333,0.0722222,-0.629517,0.318787,-0.311829,0.636292
1661871482,798849856,0.01,0.15,0.02,0.0711111,-0.00333333,0.0311111,-0.629272,0.318726,-0.311829,0.636536
1661871482,808853371,0.19,0.02,-0.07,0.0266667,-0.00666667,-0.0333333,-0.629211,0.318604,-0.311951,0.636597
1661871482,818848942,-0.3,0.04,0.14,0.0166667,0,-0.0811111,-0.629333,0.318298,-0.312256,0.636536
1661871482,828854569,-0.17,-0.4,-0.02,0.0455556,0,-0.13,-0.629333,0.317871,-0.312744,0.636475
1661871482,838846085,-0.53,-0.07,0.09,0.0533333,0.00777778,-0.0311111,-0.629272,0.317688,-0.312927,0.636597
1661871482,848853341,-0.48,0.06,0.02,0.0911111,-0.0122222,-0.0111111,-0.629028,0.317444,-0.313049,0.636841
1661871482,858843283,-0.45,-0.44,0.08,0.0822222,0.0111111,-0.00777778,-0.628723,0.317383,-0.313232,0.637085
1661871482,868843725,-0.25,-0.15,0.02,0.0822222,0,0.00444444,-0.628479,0.317261,-0.313354,0.637329
1661871482,878841241,-0.22,0.03,0.08,0.144444,0,0.0288889,-0.627991,0.317139,-0.313477,0.637817
1661871482,888844164,-0.17,-0.59,0.01,0.137778,0.0111111,0,-0.627563,0.316956,-0.313721,0.638245
1661871482,898840272,0,0.16,0.1,0.117778,0.0177778,0.00222222,-0.627136,0.316833,-0.313965,0.63855
1661871482,908843713,0.37,0.25,0.22,0.116667,0.0344444,-0.00777778,-0.626709,0.316772,-0.314209,0.638855
1661871482,918843007,0.86,0.19,-0.13,0.0477778,0.0222222,-0.0244444,-0.626587,0.31665,-0.314453,0.638916
1661871482,928846837,0.02,-0.41,0.22,0.0155556,-0.0244444,0.00666667,-0.626587,0.316589,-0.314392,0.639038
1661871482,938838168,0,0.24,0.01,0.00777778,0.0133333,0.0144444,-0.626526,0.31665,-0.314392,0.639038
1661871482,948846887,0.62,-0.11,0.36,-0.0244444,0.0477778,-0.0166667,-0.626526,0.316772,-0.314575,0.638855
1661871482,958841292,0.07,-0.68,0.22,-0.02,0.0277778,0.0266667,-0.626526,0.317017,-0.314514,0.638794
1661871482,968840882,0.25,0.21,0.21,-0.0433333,-0.0144444,-0.0233333,-0.626709,0.316956,-0.314514,0.638611
1661871482,978840731,0.1,0.02,0.08,-0.0588889,-0.00333333,-0.0411111,-0.626953,0.316895,-0.314514,0.638367
1661871482,988843746,-0.46,-0.67,0.13,-0.0544444,-0.00444444,-0.0277778,-0.627197,0.316895,-0.314514,0.638184
1661871482,998840540,0,0.27,0.01,-0.0733333,-0.00555556,0.00222222,-0.627441,0.317017,-0.314453,0.637939
1661871483,8845370,-0.68,0.3,0,-0.0777778,-0.0288889,-0.00222222,-0.627686,0.317078,-0.314209,0.637756
1661871483,18840887,-0.36,-0.32,0.21,-0.132222,-0.00888889,0.0155556,-0.628113,0.317322,-0.313965,0.63739
1661871483,28844626,-0.33,0.59,-0.13,-0.143333,-0.00777778,0.0277778,-0.628479,0.317627,-0.31366,0.636963
1661871483,38838643,-0.14,-0.2,0.09,-0.146667,-0.02,0.0155556,-0.628967,0.31781,-0.313293,0.636597
1661871483,48844659,-0.41,0.38,0.03,-0.156667,-0.0311111,0.05,-0.629395,0.318115,-0.312805,0.63623
1661871483,58840491,0.28,-0.03,-0.17,-0.131111,-0.0155556,0.00666667,-0.629822,0.318237,-0.312561,0.635864
1661871483,68842619,-0.84,-1.09,0.11,-0.141111,0,0.0333333,-0.630249,0.318604,-0.312256,0.635498
1661871483,78840932,-0.5,-0.2,-0.06,-0.0822222,0.0122222,-0.0311111,-0.630493,0.318665,-0.312256,0.635132
1661871483,88844689,-0.66,-0.09,-0.09,-0.00333333,0.0155556,0.0188889,-0.630432,0.318787,-0.312256,0.635193
1661871483,98840743,-0.76,-0.12,0.12,0.0466667,-0.00888889,0.0166667,-0.630249,0.318726,-0.312256,0.635315
1661871483,108845870,-0.15,0.14,-0.04,0.0588889,0.00222222,0.00111111,-0.630066,0.318665,-0.312317,0.635498
1661871483,118842313,-0.25,-0.09,0.11,0.0555556,-0.0144444,0.00555556,-0.629944,0.318542,-0.312378,0.635742
1661871483,128846107,-0.3,-0.32,0.1,0.0211111,-0.0244444,-0.0166667,-0.629944,0.318359,-0.312378,0.635803
1661871483,138838754,-0.32,0.48,0.09,-0.0155556,-0.00777778,0.00888889,-0.630005,0.318359,-0.312378,0.635742
1661871483,148844566,-0.96,-0.15,0.02,-0.0422222,0.00666667,-0.0155556,-0.630127,0.31842,-0.312378,0.635559
1661871483,158842731,-0.61,-0.27,-0.03,-0.0311111,0.00666667,-0.03,-0.63031,0.318359,-0.312378,0.635437
1661871483,168844933,-0.54,-0.36,0.07,-0.00555556,-0.0277778,0.00777778,-0.63031,0.318237,-0.312317,0.635498
1661871483,178843709,-0.3,0.34,-0.12,0.0344444,-0.0166667,-0.00555556,-0.630249,0.318176,-0.312317,0.63562
1661871483,188844059,-0.14,0,0.23,0.0466667,-0.00555556,-0.00555556,-0.630127,0.318054,-0.312378,0.635742
1661871483,198843279,0.24,0.05,0.2,0.0211111,-0.00777778,0.00777778,-0.630066,0.318054,-0.312439,0.635803
1661871483,208850184,-0.16,-0.04,0.05,-0.0277778,-0.00555556,0.00555556,-0.630127,0.318115,-0.312378,0.635742
1661871483,218844349,-0.24,0.07,0.11,-0.09,0,-0.01,-0.630432,0.318176,-0.312256,0.635437
1661871483,228848440,-0.76,0.17,-0.12,-0.136667,0.0111111,-0.0277778,-0.630859,0.318359,-0.312195,0.634949
1661871483,238840901,-0.55,-0.87,0.1,-0.175556,0.0177778,-0.0144444,-0.631409,0.318604,-0.312012,0.634399
1661871483,248848640,-0.87,0.1,-0.16,-0.147778,0.00111111,0.00666667,-0.631897,0.318848,-0.311768,0.633911
1661871483,258844064,-0.99,-0.99,0.04,-0.0955556,0.0444444,-0.00888889,-0.63208,0.319153,-0.311768,0.633545
1661871483,268845932,-0.57,-0.26,0,-0.05,0.0155556,0.0133333,-0.632202,0.319336,-0.311707,0.633423
1661871483,278848856,-0.33,-0.25,0.05,0.00222222,-0.0144444,-0.0122222,-0.632263,0.319214,-0.311707,0.633423
1661871483,288847854,-0.58,0.43,0.04,0.00333333,-0.0144444,0,-0.632263,0.319153,-0.311646,0.633423
1661871483,298844686,-0.62,-0.42,0.29,-0.0277778,-0.02,-0.0244444,-0.632446,0.319092,-0.311646,0.633362
1661871483,308848943,-1.24,-0.04,0.02,-0.07,0.00888889,0.0233333,-0.632629,0.319275,-0.311462,0.633179
1661871483,318844645,-1.79,-0.55,-0.15,-0.0811111,0.0388889,0.0177778,-0.632751,0.31958,-0.311401,0.632874
1661871483,328848828,-1.16,-0.27,-0.18,-0.0611111,0.0411111,-0.01,-0.632935,0.319763,-0.311462,0.632629
1661871483,338842956,-0.33,0.06,0.14,0.0188889,0,0,-0.632874,0.319702,-0.311462,0.63269
1661871483,348842880,-0.35,0.25,0.04,0.0666667,-0.01,-0.0566667,-0.632751,0.319397,-0.311707,0.632812
1661871483,358843508,0.19,0.25,0.22,0.0366667,-0.0133333,-0.00444444,-0.632629,0.319275,-0.311707,0.632935
1661871483,368844969,-0.8,-0.14,0.03,-0.0255556,-0.00444444,0.00333333,-0.632751,0.319336,-0.311707,0.632874
1661871483,378844541,-0.79,-0.4,0.02,-0.0844444,0,0.0288889,-0.632935,0.31958,-0.311462,0.632629
1661871483,388848576,0.01,0.35,-0.17,-0.0644444,-0.00333333,0.137778,-0.632935,0.320068,-0.310974,0.632629
1661871483,398844945,-0.36,0.24,0.26,-0.0122222,-0.00222222,0.131111,-0.632751,0.320496,-0.310547,0.632812
1661871483,408847683,-0.13,0.21,0.02,-0.0233333,0,-0.0188889,-0.632874,0.320496,-0.310547,0.63269
1661871483,418844256,-0.03,0.2,0.1,-0.0944444,-0.00222222,-0.0977778,-0.633301,0.320312,-0.310669,0.632263
1661871483,428846365,-1.1,-0.27,0.12,-0.156667,0.00333333,-0.112222,-0.633972,0.32019,-0.310791,0.631592
1661871483,438841826,-0.68,0.09,0.01,-0.234444,0.00333333,0.0255556,-0.634644,0.320679,-0.310364,0.63092
1661871483,448848509,-0.66,-0.26,-0.08,-0.271111,-0.02,0.0555556,-0.635437,0.321167,-0.309692,0.630249
1661871483,458844767,-0.55,-0.38,-0.03,-0.256667,-0.0288889,0.0144444,-0.63623,0.321533,-0.309143,0.629517
1661871483,468845598,-0.2,-0.11,-0.07,-0.225556,-0.0111111,0.05,-0.636841,0.32196,-0.308594,0.628906
1661871483,478844448,-0.37,-0.11,0.12,-0.164444,-0.0122222,-0.0155556,-0.63739,0.322144,-0.30835,0.628357
1661871483,488848594,-0.5,-0.61,-0.02,-0.13,-0.00111111,-0.121111,-0.638,0.32196,-0.308533,0.627808
1661871483,498844204,-0.26,-0.15,0.06,-0.152222,-0.00333333,-0.0422222,-0.63855,0.322021,-0.308411,0.627258
1661871483,508847905,-0.6,0.17,0.11,-0.12,-0.00111111,0.0177778,-0.638855,0.322266,-0.308167,0.626892
1661871483,518844200,-0.55,-0.44,0.08,-0.135556,-0.00333333,0.0322222,-0.639038,0.322815,-0.307617,0.626709
1661871483,528845661,-0.38,-0.16,-0.12,-0.184444,0,0.0522222,-0.639404,0.323486,-0.306946,0.626343
1661871483,538841863,-0.44,-0.05,0.07,-0.174444,-0.00111111,0.125556,-0.639587,0.324341,-0.306091,0.626099
1661871483,548849749,-0.54,-0.04,0.02,-0.153333,-0.00111111,0.125556,-0.639709,0.325195,-0.305237,0.625977
1661871483,558848340,-0.64,-0.24,-0.07,-0.161111,0.00111111,0.0855556,-0.639893,0.325989,-0.304382,0.625793
1661871483,568850264,-0.59,-0.33,0,-0.14,-0.00666667,0.0522222,-0.640076,0.326721,-0.30365,0.62561
1661871483,578849984,-0.33,-0.19,-0.01,-0.0811111,-0.00555556,0.0488889,-0.640137,0.327209,-0.303162,0.625549
1661871483,588853445,-0.02,0.02,0,-0.0233333,-0.00666667,0.05,-0.640076,0.327454,-0.302856,0.625549
1661871483,598849629,-0.19,0.22,0.04,-0.00888889,-0.00666667,0.0677778,-0.639954,0.327637,-0.302673,0.625671
1661871483,608847794,-0.43,-0.2,0.09,-0.0322222,-0.00888889,0.0488889,-0.640015,0.327881,-0.30249,0.625671
1661871483,618847551,-0.3,-0.54,-0.07,-0.0744444,-0.00888889,-0.0477778,-0.64032,0.32782,-0.30249,0.625366
1661871483,628852586,-0.18,0.16,-0.07,-0.0844444,-0.0166667,0.00333333,-0.640564,0.328003,-0.302246,0.625122
1661871483,638860102,0.08,0.15,0.03,-0.0433333,-0.0111111,0.0188889,-0.640686,0.328064,-0.302063,0.625061
1661871483,648852212,-0.15,-0.12,0,-0.0522222,-0.00222222,-0.0477778,-0.640869,0.328003,-0.302063,0.624817
1661871483,658844710,0.1,-0.1,0,-0.0688889,0,-0.108889,-0.641296,0.327759,-0.302307,0.624451
1661871483,668847264,-0.48,-0.25,0.1,-0.0511111,-0.00111111,-0.144444,-0.641663,0.327393,-0.302673,0.624084
1661871483,678845669,-0.5,-0.5,-0.05,-0.0311111,0.00666667,-0.152222,-0.641968,0.326965,-0.303101,0.623779
1661871483,688847575,-0.6,-0.37,0,-0.00111111,0.0188889,-0.0566667,-0.642029,0.326843,-0.303284,0.623657
1661871483,698844906,-0.3,-0.2,-0.05,0.0466667,0.0222222,0.0744444,-0.641785,0.327087,-0.303223,0.62384
1661871483,708847997,0.54,0.29,0.17,0.0711111,0,0.15,-0.641296,0.327454,-0.302856,0.624329
1661871483,718843069,0.58,0.19,0.01,0.0711111,-0.03,0.0766667,-0.640991,0.327515,-0.302673,0.624695
1661871483,728844438,0.25,-0.03,0.04,0.0277778,0,-0.03,-0.640991,0.327332,-0.302795,0.624756
1661871483,738844769,-0.04,-0.18,-0.04,0.0155556,0.00222222,-0.11,-0.641113,0.326965,-0.303162,0.624634
1661871483,748844045,0.09,-0.22,0.1,-0.00888889,0.00444444,-0.0777778,-0.641235,0.326721,-0.303406,0.624512
1661871483,758847024,0.23,0.18,0.05,-0.0122222,-0.0133333,-0.00333333,-0.641296,0.326721,-0.303345,0.624512
1661871483,768850078,0.1,0.04,0.11,-0.0333333,-0.0111111,0.0244444,-0.641357,0.326782,-0.303223,0.624451
1661871483,778847891,-0.45,-0.16,-0.04,-0.07,0,-0.00888889,-0.641541,0.326904,-0.303101,0.624268
1661871483,788852518,-0.53,-0.36,0.01,-0.0788889,0.00888889,-0.0388889,-0.641846,0.326904,-0.303101,0.623962
1661871483,798850813,-0.46,-0.17,-0.03,-0.0533333,0.00777778,-0.0333333,-0.64209,0.326843,-0.303101,0.623718
1661871483,808850163,-0.88,-0.33,0.02,-0.00333333,0,-0.0322222,-0.642151,0.326782,-0.303162,0.623657
1661871483,818849217,-0.73,-0.32,-0.04,0.0111111,0,-0.0166667,-0.642151,0.326721,-0.303284,0.623657
1661871483,828853714,-0.35,-0.16,0,0.04,-0.0111111,0.03,-0.641968,0.326721,-0.303223,0.62384
1661871483,838847954,-0.52,-0.14,0.02,0.08,-0.00333333,0.0311111,-0.641663,0.32666,-0.303223,0.624146
1661871483,848852377,-0.3,-0.15,0,0.0888889,0.0188889,0.0288889,-0.641235,0.326904,-0.303162,0.624573
1661871483,858844580,-0.11,0.05,0.11,0.107778,0.00555556,0.0177778,-0.640869,0.326782,-0.303223,0.624939
1661871483,868847429,-0.2,0.01,0.04,0.106667,0.01,0.00111111,-0.640564,0.32666,-0.303467,0.625244
1661871483,878845761,-0.16,-0.08,0.07,0.0833333,-0.00111111,-0.0233333,-0.64032,0.326477,-0.30365,0.625427
1661871483,888848870,-0.28,-0.13,0.02,0.0611111,0.00111111,-0.0166667,-0.640198,0.326355,-0.303833,0.62561
1661871483,898843868,-0.73,-0.21,0.02,0.0488889,0,0.0188889,-0.640015,0.326294,-0.303833,0.625793
1661871483,908849144,-0.1,0.06,0.08,0.05,0.00777778,0.0533333,-0.639709,0.326477,-0.30365,0.626099
1661871483,918844087,-0.43,0.07,0.07,0.0755556,-0.00222222,0.0411111,-0.639282,0.32666,-0.303528,0.626526
1661871483,928850122,-0.35,0.01,0.01,0.0533333,0.01,0.0188889,-0.638977,0.326782,-0.303406,0.62677
1661871483,938845509,-0.16,-0.05,0.04,0.0377778,-0.00222222,-0.0166667,-0.638855,0.326721,-0.303467,0.626892
1661871483,948847914,-0.12,-0.03,0.05,0.0166667,0,-0.0233333,-0.638794,0.32666,-0.303528,0.626953
1661871483,958847949,-0.07,-0.09,0.02,0,0.00222222,-0.0144444,-0.638794,0.32666,-0.303528,0.626953
1661871483,968850133,-0.09,-0.11,0,-0.0122222,0.00222222,-0.00333333,-0.638855,0.326721,-0.303528,0.626953
1661871483,978848094,-0.1,-0.15,0,-0.01,0.00222222,-0.00555556,-0.638855,0.326721,-0.303467,0.626892
1661871483,988848703,-0.07,-0.1,0.02,-0.00444444,0,-0.00444444,-0.638855,0.326721,-0.303467,0.626892
1661871483,998845683,0,-0.07,0.04,0.00888889,-0.00222222,0,-0.638855,0.326721,-0.303467,0.626892
1661871484,8854366,-0.25,-0.12,0,0.01,0.00333333,-0.00111111,-0.638794,0.326721,-0.303467,0.626953
1661871484,18848384,-0.1,-0.05,0.06,0.00777778,0.0244444,-0.00777778,-0.638733,0.326843,-0.303528,0.626953
1661871484,28848587,-0.06,0,0.04,0.00444444,0,0.00111111,-0.638733,0.326843,-0.303528,0.626953
1661871484,38848567,-0.07,-0.07,0.03,-0.00777778,0.00222222,0.00222222,-0.638733,0.326843,-0.303528,0.626953
1661871484,48849270,-0.09,-0.1,0.02,-0.00111111,0.00111111,0.00111111,-0.638733,0.326843,-0.303528,0.626953
1661871484,58848510,-0.05,-0.14,0.02,-0.00333333,0,0.00333333,-0.638733,0.326843,-0.303528,0.626953
1661871484,68848953,-0.01,-0.22,-0.01,0,0,0.0133333,-0.638672,0.326904,-0.303467,0.626953
1661871484,78850063,0.01,-0.12,0.02,0.00111111,-0.00444444,0.0544444,-0.638611,0.327087,-0.303284,0.627075
1661871484,88854062,-0.04,-0.14,0,0.0188889,-0.00222222,0.0777778,-0.638428,0.327271,-0.303101,0.627258
1661871484,98846839,-0.03,-0.14,0,0.0366667,-0.00444444,0.0744444,-0.638184,0.327454,-0.302917,0.627441
1661871484,108848153,-0.16,-0.1,0,0.06,-0.00888889,0.0588889,-0.637939,0.327576,-0.302856,0.627747
1661871484,118847541,-0.23,-0.1,0,0.08,-0.0111111,0.0377778,-0.637634,0.327576,-0.302795,0.628052
1661871484,128847577,-0.19,-0.09,0.01,0.0966667,-0.0233333,0.0133333,-0.637329,0.327393,-0.302795,0.628479
1661871484,138849539,-0.01,0.09,0.11,0.108889,-0.0322222,-0.0122222,-0.637024,0.327087,-0.302856,0.628845
1661871484,148853001,-0.05,0.05,0.09,0.101111,-0.02,-0.0144444,-0.63678,0.326843,-0.30304,0.62915
1661871484,158848408,-0.03,0.05,0.05,0.0577778,-0.00666667,-0.00666667,-0.636597,0.326782,-0.303101,0.629333
1661871484,168849388,0.01,0.02,0.04,0.0133333,0.00111111,-0.00333333,-0.636536,0.326782,-0.303162,0.629395
1661871484,178848924,-0.04,-0.01,0.03,-0.0266667,0.0144444,0.00333333,-0.636597,0.326843,-0.303162,0.629272
1661871484,188852275,-0.04,-0.04,0.04,-0.0622222,0.0288889,0.01,-0.636719,0.327087,-0.303101,0.629089
1661871484,198847274,-0.22,-0.27,-0.05,-0.0766667,0.0344444,0.01,-0.636902,0.327332,-0.30304,0.628784
1661871484,208847181,-0.09,0.18,0.07,-0.0555556,0.00888889,0.00444444,-0.637024,0.327454,-0.302917,0.628662
1661871484,218847495,-0.11,-0.02,0.02,-0.0566667,0,-0.01,-0.637207,0.327515,-0.302856,0.628479
1661871484,228848808,-0.09,-0.23,-0.05,-0.0733333,0.00444444,-0.0655556,-0.637573,0.327393,-0.302917,0.628174
1661871484,238848104,-0.03,-0.24,-0.02,-0.0411111,0.00555556,-0.115556,-0.637878,0.327087,-0.303223,0.627869
1661871484,248853806,-0.02,-0.19,0,-0.0233333,0.00111111,-0.09,-0.638062,0.326904,-0.303467,0.627625
1661871484,258844102,-0.02,-0.1,0.02,-0.00111111,0,-0.0477778,-0.638123,0.326721,-0.303589,0.627563
1661871484,268848101,-0.04,-0.14,0.02,0.00111111,-0.00111111,-0.0111111,-0.638184,0.32666,-0.30365,0.627563
1661871484,278844526,-0.05,-0.22,-0.02,0.00555556,-0.00333333,0.00111111,-0.638184,0.326721,-0.30365,0.627563
1661871484,288848932,-0.03,-0.23,-0.01,0.0177778,0,0.00333333,-0.638123,0.32666,-0.30365,0.627625
1661871484,298844358,-0.09,0.04,0.08,0.0511111,-0.00111111,0.0133333,-0.637939,0.32666,-0.303711,0.627808
1661871484,308847819,-0.07,-0.02,0.04,0.0588889,-0.00111111,0.0155556,-0.637695,0.326599,-0.303711,0.627991
1661871484,318844467,-0.09,-0.09,0.01,0.0388889,-0.00333333,0,-0.637573,0.326538,-0.303772,0.628174
1661871484,328848503,-0.08,-0.07,0.01,0.0366667,-0.00555556,-0.00666667,-0.637451,0.326477,-0.303833,0.628235
1661871484,338844280,-0.06,0,0.03,0.0377778,-0.00888889,-0.0144444,-0.63739,0.326416,-0.303955,0.628357
1661871484,348848445,-0.05,-0.07,0.01,0.03,-0.0133333,-0.0288889,-0.637329,0.326233,-0.304016,0.628418
1661871484,358846963,-0.01,-0.18,0.04,0.0211111,-0.01,-0.0511111,-0.63739,0.325989,-0.304199,0.628479
1661871484,368852221,-0.01,0,0.03,0.0177778,-0.00555556,-0.0188889,-0.637329,0.325928,-0.30426,0.628479
1661871484,378848868,0,0,0.03,0.01,-0.00333333,0,-0.637329,0.325928,-0.304321,0.62854
1661871484,388849886,-0.05,-0.06,0.03,-0.0144444,0.00444444,0.00333333,-0.637329,0.325928,-0.30426,0.628479
1661871484,398849589,-0.05,-0.06,0.02,-0.0322222,0.0155556,0.00888889,-0.637451,0.32605,-0.30426,0.628357
1661871484,408852939,-0.14,-0.17,0,-0.0366667,0.0188889,0.00666667,-0.637512,0.326172,-0.30426,0.628235
1661871484,418847994,-0.07,-0.06,0.01,-0.04,0.0144444,0.00444444,-0.637573,0.326233,-0.30426,0.628052
1661871484,428849308,-0.04,0.08,0.08,-0.0288889,0.00555556,0.00333333,-0.637695,0.326294,-0.304199,0.627991
1661871484,438847085,-0.08,-0.22,-0.03,-0.06,0,0.00666667,-0.637878,0.326416,-0.304077,0.627808
1661871484,448847936,-0.05,-0.17,0,-0.06,0,0.00444444,-0.638062,0.326477,-0.304016,0.627625
1661871484,458847787,-0.07,-0.03,0,-0.0311111,-0.00111111,0,-0.638123,0.326538,-0.303955,0.627502
1661871484,468851730,-0.04,-0.15,0,-0.0166667,0.00222222,-0.00888889,-0.638184,0.326599,-0.303894,0.627441
1661871484,478848470,-0.06,-0.07,0,-0.00444444,-0.00111111,-0.00777778,-0.638184,0.326599,-0.303894,0.627441
1661871484,488851654,-0.06,-0.1,0,0.00666667,-0.00555556,-0.00222222,-0.638184,0.326599,-0.303894,0.627441
1661871484,498847524,-0.05,-0.05,0.02,0.00333333,-0.00333333,-0.00555556,-0.638184,0.326599,-0.303894,0.627502
1661871484,508849597,-0.04,-0.1,0.02,0.00555556,0,-0.00111111,-0.638184,0.326599,-0.303894,0.627502
1661871484,518849318,-0.07,-0.09,0.03,0.00777778,0,0,-0.638184,0.326599,-0.303894,0.627502
1661871484,528852817,-0.04,-0.08,0.05,0.00777778,0,0.00111111,-0.638184,0.326599,-0.303894,0.627502
1661871484,538848538,-0.06,-0.14,0,0.00888889,0,0.00111111,-0.638184,0.326599,-0.303894,0.627502
1661871484,548852963,-0.06,-0.12,0.02,0.0144444,0,0.00333333,-0.638123,0.326599,-0.303894,0.627563
1661871484,558844666,-0.06,-0.09,0.03,0.0266667,0,0,-0.638,0.326538,-0.303955,0.627625
1661871484,568849258,-0.07,-0.08,0.03,0.0311111,-0.00222222,-0.00444444,-0.637939,0.326477,-0.304016,0.627747
1661871484,578844035,-0.08,-0.04,0.04,0.0366667,0,-0.0144444,-0.637817,0.326416,-0.304077,0.627808
1661871484,588843682,-0.06,-0.09,0.01,0.0366667,-0.00222222,-0.0311111,-0.637756,0.326233,-0.30426,0.62793
1661871484,598843755,-0.04,-0.1,0.02,0.0322222,0,-0.0366667,-0.637695,0.326111,-0.304382,0.62793
1661871484,608846032,-0.05,-0.06,0.02,0.04,-0.00111111,-0.0133333,-0.637634,0.325989,-0.304504,0.628052
1661871484,618846198,-0.06,-0.09,0.01,0.0333333,-0.00222222,0,-0.637512,0.325928,-0.304565,0.628174
1661871484,628848159,-0.02,-0.22,0,0.0233333,0,0.0122222,-0.63739,0.325928,-0.304565,0.628296
1661871484,638845270,-0.07,-0.05,0.01,0.03,-0.00222222,0.0388889,-0.637268,0.32605,-0.304504,0.628418
1661871484,648847898,-0.08,0.01,0.03,0.0444444,-0.00222222,0.0566667,-0.637024,0.326111,-0.304382,0.628662
1661871484,658847471,-0.09,-0.1,0,0.0377778,-0.00444444,0.0377778,-0.636841,0.326233,-0.304321,0.628845
1661871484,668848545,-0.04,-0.11,0.02,0.0411111,-0.00444444,0.00888889,-0.636719,0.326172,-0.304382,0.628967
