1661854851,776950025,0.02,0.03,0.02,-0.00666667,-0.00333333,-0.00333333,-0.0355225,0.0552368,-0.890991,0.44928
1661854851,786963485,0.05,0.06,0.03,-0.00222222,0.00111111,0.00222222,-0.0355225,0.0552368,-0.890991,0.44928
1661854851,796946076,0.03,0.06,-0.04,0.00111111,0.0111111,0.00666667,-0.0354614,0.0552979,-0.890991,0.44928
1661854851,806945037,0.04,0.07,-0.02,0,0.0177778,0.01,-0.0354004,0.0552979,-0.89093,0.449341
1661854851,816944369,0.02,0.13,-0.05,0.00222222,0.0211111,0.0111111,-0.0352783,0.0553589,-0.89093,0.449402
1661854851,826946756,0.03,0.14,-0.08,0.00111111,0.0222222,0.00888889,-0.0352173,0.0554199,-0.89093,0.449402
1661854851,836950920,0.02,0.1,-0.08,0,0.0144444,0.00555556,-0.0351562,0.055481,-0.89093,0.449402
1661854851,847053120,0.07,0.13,-0.01,-0.00111111,0.00111111,-0.00333333,-0.0351562,0.055481,-0.89093,0.449402
1661854851,856946453,0.03,0.17,-0.09,-0.00111111,0,-0.00777778,-0.0351562,0.055481,-0.89093,0.449402
1661854851,866946377,0.01,0.1,-0.04,0,-0.00666667,-0.0155556,-0.0351562,0.0554199,-0.890991,0.44928
1661854851,876947486,0,0.02,-0.01,-0.00444444,-0.0144444,-0.0255556,-0.0352173,0.0554199,-0.890991,0.449219
1661854851,886955855,0.05,0.03,0.05,-0.00111111,-0.0233333,-0.0255556,-0.0353394,0.0553589,-0.891052,0.449097
1661854851,896948131,0.05,0.03,0,0,-0.0122222,-0.0133333,-0.0354004,0.0552979,-0.891113,0.449036
1661854851,906943592,0.07,0.06,0.04,0.00888889,-0.00888889,-0.00222222,-0.0354004,0.0552979,-0.891113,0.449036
1661854851,916946516,0.06,0.13,0,0.0111111,0.00222222,0.00666667,-0.0353394,0.0552979,-0.891113,0.449036
1661854851,926946680,0.04,0.17,-0.06,0.0111111,0.0177778,0.00666667,-0.0352783,0.0552368,-0.891113,0.449036
1661854851,936948104,0,0.12,-0.07,0.00222222,0.0211111,0.00222222,-0.0351562,0.0552979,-0.891113,0.449036
1661854851,946966972,0.02,0.07,-0.04,-0.00333333,0.0155556,-0.00333333,-0.0350952,0.0553589,-0.891113,0.449036
1661854851,956946619,0.02,0.04,-0.01,-0.00555556,0.00777778,-0.00777778,-0.0350952,0.0553589,-0.891113,0.449036
1661854851,966945320,0.02,0.08,-0.02,0,0.00444444,-0.00555556,-0.0350952,0.0553589,-0.891113,0.449036
1661854851,976945281,0.02,0.08,-0.01,0.00444444,0.00444444,-0.00111111,-0.0350952,0.0553589,-0.891113,0.449036
1661854851,986944131,0.04,0.1,-0.03,0,0.00222222,0.00444444,-0.0350952,0.0553589,-0.891113,0.449036
1661854851,996946259,0,0.12,-0.12,0,0.00555556,0.01,-0.0350952,0.0553589,-0.891113,0.449036
1661854852,6948016,0.03,0.12,-0.06,-0.00444444,0,0.00111111,-0.0350952,0.0553589,-0.891113,0.449036
1661854852,16946774,0.02,0.12,-0.05,-0.00666667,-0.00555556,-0.00222222,-0.0350952,0.0553589,-0.891113,0.449036
1661854852,26946790,0.01,0.06,0,-0.00777778,-0.01,-0.00555556,-0.0351562,0.0552979,-0.891113,0.449097
1661854852,36943437,0.04,0.04,0,-0.00666667,-0.0122222,-0.00666667,-0.0351562,0.0552979,-0.891113,0.449097
1661854852,46943657,0.03,0.05,-0.03,0,-0.0111111,-0.00222222,-0.0352173,0.0552368,-0.891113,0.449097
1661854852,56950044,0.03,0.08,0,0,0,0.00222222,-0.0352173,0.0552368,-0.891113,0.449097
1661854852,66951449,0.01,0.1,-0.05,0.00444444,0.00666667,0.00555556,-0.0352173,0.0552368,-0.891113,0.449097
1661854852,76950929,0.02,0.12,-0.09,0,0.0133333,0.00444444,-0.0351562,0.0552979,-0.891113,0.449097
1661854852,86947260,-0.04,0.12,-0.1,-0.00111111,0.00666667,0.00444444,-0.0351562,0.0552979,-0.891113,0.449097
1661854852,96952944,0,0.12,-0.09,-0.00777778,-0.00222222,0.00111111,-0.0351562,0.0552979,-0.891113,0.449097
1661854852,106950201,0.01,0.11,-0.05,-0.00888889,-0.0166667,-0.00111111,-0.0352783,0.0552368,-0.891113,0.449097
1661854852,116950792,0.05,0.1,-0.02,-0.00888889,-0.0222222,-0.00666667,-0.0353394,0.0552368,-0.891052,0.449097
1661854852,126949197,0.02,0.05,-0.01,-0.00555556,-0.0255556,-0.00888889,-0.0354614,0.0551758,-0.891052,0.449097
1661854852,136951029,0.06,0.05,0.02,-0.00777778,-0.02,-0.00666667,-0.0355835,0.0551147,-0.891052,0.449097
1661854852,147017896,0.02,0.09,-0.03,-0.00333333,-0.0166667,-0.00111111,-0.0356445,0.0550537,-0.891052,0.449097
1661854852,156949470,0.03,0.15,-0.07,-0.00444444,-0.0122222,0.00222222,-0.0357056,0.0550537,-0.891052,0.449097
1661854852,166947523,0.04,0.1,-0.02,-0.00888889,-0.0177778,-0.00222222,-0.0357666,0.0549927,-0.891052,0.449097
1661854852,176947762,0.03,0.06,0.01,-0.0144444,-0.0188889,-0.00777778,-0.0358887,0.0549927,-0.891052,0.449097
1661854852,186943816,0.04,0.03,0.02,-0.00888889,-0.0122222,-0.00555556,-0.0359497,0.0549927,-0.891052,0.449097
1661854852,196947221,0.04,0.05,0,-0.00222222,-0.00555556,-0.00222222,-0.0359497,0.0549927,-0.891052,0.449097
1661854852,206947071,0.08,0.08,0.03,0.00111111,0.00333333,0,-0.0359497,0.0549927,-0.891052,0.449097
1661854852,216947107,0.04,0.04,0.01,0.00555556,0.0144444,0.00555556,-0.0358887,0.0550537,-0.891052,0.449097
1661854852,226942901,0.03,0.12,-0.03,0.01,0.0277778,0.00777778,-0.0357056,0.0550537,-0.891052,0.449097
1661854852,236947307,0.02,0.14,-0.04,0.0122222,0.0366667,0.00777778,-0.0355225,0.0550537,-0.891052,0.449097
1661854852,246945842,0.03,0.12,-0.14,0.0133333,0.0288889,0.00333333,-0.0354004,0.0550537,-0.891113,0.449097
1661854852,256947636,0,0.16,-0.12,0.01,0.0255556,-0.00555556,-0.0352173,0.0550537,-0.891113,0.449097
1661854852,266950023,-0.01,0.16,-0.16,0.00333333,0.0122222,-0.0111111,-0.0352173,0.0551147,-0.891113,0.449036
1661854852,276952058,0,0.17,-0.15,-0.00222222,-0.00888889,-0.0222222,-0.0352173,0.0551147,-0.891174,0.448914
1661854852,286947464,-0.02,0.15,-0.15,-0.0111111,-0.03,-0.03,-0.0353394,0.0550537,-0.891235,0.448792
1661854852,296950943,0.03,0.07,-0.02,-0.0233333,-0.0466667,-0.04,-0.0356445,0.0550537,-0.891296,0.448608
1661854852,306950590,0.04,0.04,-0.01,-0.0266667,-0.0577778,-0.0377778,-0.0359497,0.0550537,-0.891357,0.448486
1661854852,316950440,0.05,0.11,0,-0.0233333,-0.0588889,-0.0288889,-0.0362549,0.0550537,-0.891418,0.448364
1661854852,326948845,0.07,0.04,0,-0.0244444,-0.05,-0.0255556,-0.0365601,0.0550537,-0.891479,0.448242
1661854852,336950658,0.09,0.09,0.07,-0.0244444,-0.04,-0.0277778,-0.0368042,0.0550537,-0.891479,0.44812
1661854852,346949693,0.06,0.11,0,-0.0166667,-0.0311111,-0.0288889,-0.0369873,0.0550537,-0.891541,0.447998
1661854852,356950284,0.02,0.06,-0.03,-0.00888889,-0.02,-0.03,-0.0370483,0.0549927,-0.891602,0.447876
1661854852,366946449,-0.01,0.04,-0.09,-0.00888889,-0.0211111,-0.0277778,-0.0371704,0.0549316,-0.891663,0.447754
1661854852,376950706,-0.03,0.06,-0.16,-0.00888889,-0.0211111,-0.0211111,-0.0372925,0.0548706,-0.891724,0.447693
1661854852,386950464,-0.02,0.14,-0.17,-0.0111111,-0.0366667,-0.0166667,-0.0374756,0.0548706,-0.891785,0.447632
1661854852,396950351,0.01,0.02,-0.04,-0.0188889,-0.0577778,-0.0144444,-0.0377808,0.0548096,-0.891785,0.447571
1661854852,406950478,0.04,-0.03,0.03,-0.0255556,-0.0755556,-0.0177778,-0.038147,0.0547485,-0.891785,0.44751
1661854852,416950791,0.04,0,0.06,-0.0177778,-0.0688889,-0.00888889,-0.0385132,0.0546875,-0.891785,0.44751
1661854852,426949938,0.15,0.17,0.09,-0.00666667,-0.0533333,0.00888889,-0.0387573,0.0545654,-0.891785,0.44751
1661854852,436950306,0.08,0.18,-0.03,-0.00111111,-0.02,0.0144444,-0.0388184,0.0545044,-0.891724,0.447571
1661854852,446951064,0.03,0.11,-0.06,-0.00666667,-0.00222222,0.00333333,-0.0388184,0.0545044,-0.891724,0.447571
1661854852,456948599,0,0.08,-0.05,-0.01,0,-0.00555556,-0.0388184,0.0545654,-0.891724,0.447571
1661854852,466944912,-0.01,0.08,-0.11,-0.00666667,-0.00666667,-0.0111111,-0.0388184,0.0545654,-0.891724,0.447571
1661854852,476947169,0.01,0.13,-0.09,-0.00444444,-0.0188889,-0.00888889,-0.0389404,0.0545044,-0.891724,0.447571
1661854852,486946297,0.03,0.13,-0.07,-0.01,-0.0277778,-0.01,-0.0390625,0.0545044,-0.891785,0.44751
1661854852,496947906,-0.01,0.08,-0.08,-0.0222222,-0.0322222,-0.01,-0.0392456,0.0545654,-0.891785,0.447449
1661854852,506948497,0,0.04,-0.07,-0.0277778,-0.0388889,-0.0122222,-0.0394897,0.0545654,-0.891785,0.447388
1661854852,516947310,0.04,0.06,-0.02,-0.0233333,-0.0488889,-0.00666667,-0.0397949,0.0545654,-0.891785,0.447449
1661854852,526948808,0.07,0.13,-0.02,-0.0177778,-0.0511111,-0.00222222,-0.0400391,0.0545654,-0.891785,0.447449
1661854852,536947676,0.09,0.12,0.05,-0.0155556,-0.0466667,-0.00888889,-0.0402832,0.0545044,-0.891724,0.447449
1661854852,546942360,0.13,0.02,0.11,-0.0211111,-0.0333333,-0.0111111,-0.0404663,0.0545044,-0.891785,0.447388
1661854852,556951339,0.12,0.02,0.15,-0.0111111,-0.00111111,-0.01,-0.0405273,0.0545654,-0.891785,0.447327
1661854852,566951245,0.08,0.03,0.06,0.00333333,0.0366667,-0.00333333,-0.0403442,0.0546875,-0.891785,0.447327
1661854852,576951669,0.02,0.08,-0.02,0.0211111,0.0711111,0,-0.039978,0.0547485,-0.891785,0.447327
1661854852,586951315,-0.03,0.15,-0.2,0.0333333,0.0788889,0.00333333,-0.0395508,0.0547485,-0.891846,0.447327
1661854852,596952332,-0.03,0.12,-0.2,0.03,0.0666667,0.00444444,-0.0392456,0.0547485,-0.891846,0.447266
1661854852,606950997,-0.04,0.07,-0.16,0.0211111,0.0411111,-0.00111111,-0.0390015,0.0547485,-0.891846,0.447266
1661854852,616950698,-0.02,0.11,-0.12,0.0211111,0.0133333,-0.00222222,-0.0388794,0.0546875,-0.891846,0.447266
1661854852,626949382,-0.03,0.02,-0.06,0.0188889,-0.0111111,-0.00555556,-0.0388794,0.0545654,-0.891846,0.447266
1661854852,636950361,0,0.09,-0.11,0.0355556,-0.0366667,-0.0122222,-0.0390015,0.0543213,-0.891907,0.447266
1661854852,646949693,-0.03,0.1,-0.19,0.0488889,-0.0533333,-0.0122222,-0.0391235,0.0540161,-0.891907,0.447205
1661854852,656948210,-0.43,0.03,0.03,0.0555556,-0.08,-0.0177778,-0.0393066,0.0535889,-0.891968,0.447144
1661854852,666944652,0.12,0.2,-0.01,0.0733333,-0.0811111,-0.0422222,-0.0395508,0.0531006,-0.89209,0.447021
1661854852,676947224,0.01,0.14,-0.08,0.0744444,-0.105556,-0.0255556,-0.039856,0.0525513,-0.892151,0.44696
1661854852,686946260,0.09,0.16,0.02,0.0455556,-0.0955556,-0.0144444,-0.0401611,0.052124,-0.892151,0.446899
1661854852,696947665,0.09,0.16,0.02,0.0288889,-0.0933333,-0.00888889,-0.0404663,0.0517578,-0.892151,0.44696
1661854852,706944163,0.09,0.16,0,0.00333333,-0.07,0,-0.0407715,0.0516357,-0.892151,0.44696
1661854852,716947495,0.04,0.09,-0.01,-0.0177778,-0.05,0.00111111,-0.0410767,0.0515747,-0.89209,0.44696
1661854852,726948363,0.1,0.09,0.02,-0.02,-0.0411111,0.00111111,-0.0412598,0.0515747,-0.89209,0.44696
1661854852,736947843,0.09,0.09,0.05,-0.02,-0.0277778,0,-0.0414429,0.0516357,-0.89209,0.44696
1661854852,746948619,0.08,0.06,0.02,-0.02,-0.0111111,0,-0.0415649,0.0516968,-0.89209,0.44696
1661854852,756950154,0.07,0.13,-0.01,-0.0133333,0.00444444,0,-0.0415649,0.0517578,-0.89209,0.44696
1661854852,766948782,0.06,0.14,0,-0.0155556,0.0166667,0.00222222,-0.0415649,0.0518799,-0.89209,0.44696
1661854852,776965687,0.1,0.17,0.01,-0.0255556,0.0322222,0.00222222,-0.0414429,0.052063,-0.89209,0.44696
1661854852,786949907,0.01,0.09,-0.04,-0.0366667,0.0455556,-0.00333333,-0.0413208,0.0523071,-0.89209,0.44696
1661854852,796951128,0,0.13,-0.15,-0.0411111,0.0455556,-0.00444444,-0.0411987,0.0526123,-0.89209,0.446899
1661854852,806949496,-0.01,0.18,-0.15,-0.0433333,0.0377778,-0.01,-0.0411377,0.0528564,-0.89209,0.446838
1661854852,816951531,0,0.22,-0.16,-0.05,0.0188889,-0.0166667,-0.0411987,0.0531006,-0.892151,0.446777
1661854852,826949900,0.01,0.15,-0.1,-0.0688889,-0.00111111,-0.0266667,-0.0413208,0.0534058,-0.892151,0.446594
1661854852,836950694,0.03,0.03,-0.02,-0.09,-0.0122222,-0.0377778,-0.041626,0.053772,-0.892212,0.446411
1661854852,846950711,0.05,-0.09,0.05,-0.0866667,-0.0177778,-0.0433333,-0.0418701,0.0540771,-0.892273,0.446228
1661854852,856949302,0.07,-0.05,0.14,-0.0433333,-0.0166667,-0.0377778,-0.0420532,0.0542603,-0.892334,0.446045
1661854852,866949411,0.11,0.02,0.11,0.00333333,0.00222222,-0.0177778,-0.0420532,0.0542603,-0.892395,0.445984
1661854852,876950854,0.1,0.14,0.03,0.0333333,0.03,-0.00444444,-0.0418701,0.0541382,-0.892395,0.445984
1661854852,886950296,0.06,0.29,-0.14,0.0377778,0.0488889,-0.0111111,-0.0415649,0.0540771,-0.892456,0.445923
1661854852,896950276,0.01,0.14,-0.09,0.01,0.05,-0.0288889,-0.0413208,0.0541382,-0.892517,0.445801
1661854852,906950033,0.03,0.05,-0.02,-0.0111111,0.0433333,-0.0477778,-0.0411987,0.0542603,-0.892639,0.445557
1661854852,916950365,0.01,0.02,-0.01,-0.00555556,0.0433333,-0.0511111,-0.0410156,0.0543823,-0.892761,0.445312
1661854852,926949937,0.02,0.07,-0.01,0.00333333,0.0455556,-0.0455556,-0.0408325,0.0544434,-0.892883,0.445129
1661854852,936950472,0,0.14,-0.12,0.0144444,0.0422222,-0.0388889,-0.0405884,0.0545044,-0.893005,0.444946
1661854852,946951118,0,0.19,-0.15,0.0133333,0.0377778,-0.0422222,-0.0404053,0.0545044,-0.893066,0.444763
1661854852,956946024,-0.03,0.1,-0.12,0.00111111,0.0233333,-0.0522222,-0.0403442,0.0545654,-0.893188,0.444519
1661854852,966944467,-0.03,0.06,-0.09,-0.00444444,0.00555556,-0.0633333,-0.0403442,0.0545044,-0.893311,0.444214
1661854852,976946705,0.01,0.03,-0.03,-0.00666667,-0.0122222,-0.0588889,-0.0404053,0.0545044,-0.893494,0.44397
1661854852,986943018,0.05,0.05,0,-0.00222222,-0.0155556,-0.0522222,-0.0405273,0.0544434,-0.893555,0.443787
1661854852,996947683,0.1,0.07,0.01,0,-0.0144444,-0.0444444,-0.0405884,0.0543823,-0.893677,0.443542
1661854853,6948089,0.13,0.06,0.07,0.00777778,-0.00666667,-0.0388889,-0.0405884,0.0543823,-0.893738,0.44342
1661854853,16946883,0.11,0.18,0,0.0177778,0.0122222,-0.0377778,-0.0405273,0.0543213,-0.89386,0.443237
1661854853,26946881,0.04,0.2,-0.08,0.02,0.0344444,-0.0422222,-0.0403442,0.0543213,-0.893921,0.443054
1661854853,36943102,0.05,0.24,-0.1,0.01,0.0455556,-0.0522222,-0.0401001,0.0543213,-0.894043,0.44281
1661854853,46947878,0,0.15,-0.13,-0.00222222,0.0444444,-0.0666667,-0.039917,0.0544434,-0.894226,0.442505
1661854853,56950080,0,0.04,-0.06,-0.0155556,0.0333333,-0.0755556,-0.039856,0.0545654,-0.894409,0.442139
1661854853,66949448,0.03,0.09,-0.03,-0.00777778,0.0244444,-0.0755556,-0.0397339,0.0546265,-0.894531,0.441833
1661854853,76951854,0.08,0.12,0.02,0,0.0144444,-0.0755556,-0.0397339,0.0546265,-0.894714,0.441467
1661854853,86948723,0.16,0.13,0.13,0.00333333,0.0211111,-0.0777778,-0.0396118,0.0546265,-0.894897,0.441162
1661854853,96951332,0.15,0.2,0.1,0.0133333,0.0466667,-0.0877778,-0.0394287,0.0546265,-0.895081,0.440735
1661854853,106950404,0.17,0.17,0.06,0.0188889,0.0822222,-0.0977778,-0.0390625,0.0546265,-0.895325,0.440308
1661854853,116951643,0.15,0.44,-0.01,0.0155556,0.114444,-0.12,-0.0385742,0.0545654,-0.89563,0.439758
1661854853,126950123,0.11,0.49,-0.13,0.00555556,0.134444,-0.143333,-0.0380249,0.0548096,-0.895935,0.439087
1661854853,136950714,0.05,0.38,-0.13,-0.0455556,0.15,-0.183333,-0.0375366,0.0552979,-0.896362,0.438232
1661854853,146950027,-0.1,0.3,-0.09,-0.0877778,0.144444,-0.218889,-0.0371704,0.0559692,-0.896851,0.437256
1661854853,156948359,-0.75,0.59,0.01,-0.0688889,0.115556,-0.192222,-0.0368652,0.0564575,-0.897217,0.43634
1661854853,166951135,-0.21,0.96,-0.29,0.123333,0.0222222,-0.0422222,-0.036499,0.0559692,-0.8974,0.436218
1661854853,176947966,0.21,0.93,-0.12,0.238889,-0.0777778,0.0511111,-0.0363159,0.0547485,-0.897339,0.436462
1661854853,186943039,0.07,0.53,0.17,0.167778,-0.09,0.0111111,-0.036377,0.053833,-0.897339,0.436584
1661854853,196949833,0.48,0.08,-0.07,0.106667,-0.0611111,-0.0555556,-0.036438,0.0532227,-0.897461,0.436401
1661854853,206949091,0.02,0.02,0.57,0.0766667,-0.0222222,-0.123333,-0.036377,0.0528564,-0.897705,0.435852
1661854853,216943404,0.15,0.93,-0.25,0.117778,0.0366667,-0.0888889,-0.0360107,0.0523682,-0.897949,0.435486
1661854853,226944865,0.41,0.81,0.01,0.263333,0.0155556,-0.0177778,-0.0353394,0.0512695,-0.898071,0.435425
1661854853,236946141,0.27,1.03,0.04,0.156667,0.0477778,-0.04,-0.0348511,0.0506592,-0.898193,0.435303
1661854853,246943565,-0.32,1.22,-0.07,0.0633333,0.0788889,-0.1,-0.0343628,0.0505371,-0.898438,0.434814
1661854853,256952100,-0.11,1.35,-0.17,-0.03,0.0988889,-0.0811111,-0.0340576,0.0509033,-0.898621,0.434448
1661854853,266951895,-0.24,0.59,0.33,-0.0433333,0.0522222,-0.0788889,-0.0339355,0.0512085,-0.898804,0.434082
1661854853,276951486,-0.24,0.61,-0.03,-0.0866667,0.0677778,-0.0277778,-0.0338135,0.0516968,-0.898804,0.433899
1661854853,286950225,-0.69,0.66,0.23,0.0255556,0.0188889,0.0555556,-0.0336304,0.0516357,-0.898743,0.434143
1661854853,296952834,0.28,0.7,-0.01,0.0488889,0.00777778,0.157778,-0.0335083,0.0514526,-0.898376,0.434875
1661854853,306950147,0.03,0.83,0.13,0.157778,-0.0255556,0.273333,-0.0332031,0.0507202,-0.897827,0.436096
1661854853,316949016,0.32,0.78,-0.06,0.167778,-0.0233333,0.32,-0.0328979,0.0499878,-0.897217,0.4375
1661854853,326948718,-0.34,0.94,-0.11,0.0833333,0,0.282222,-0.0326538,0.0496826,-0.896667,0.438782
1661854853,336950605,0.42,0.85,-0.07,-0.00222222,0.00888889,0.228889,-0.0325928,0.0497437,-0.896179,0.439758
1661854853,346950010,-0.04,0.41,-0.06,-0.0733333,0.00666667,0.221111,-0.0327148,0.0501099,-0.895691,0.440674
1661854853,356951009,0.15,0.1,0.01,-0.0833333,-0.0188889,0.225556,-0.0328979,0.050415,-0.895142,0.44165
1661854853,366948822,0.28,-0.09,-0.12,-0.102222,-0.00888889,0.231111,-0.0330811,0.0509033,-0.894653,0.442627
1661854853,376950246,0,-0.19,0,-0.116667,0.01,0.187778,-0.0332031,0.0514526,-0.894226,0.44342
1661854853,386949689,0.75,-0.31,-0.26,-0.105556,0.0188889,0.106667,-0.0333252,0.052002,-0.893982,0.443909
1661854853,396952465,-0.11,0.2,0.3,-0.0211111,0.03,0.0733333,-0.0332642,0.0521851,-0.893799,0.444214
1661854853,406950796,-0.2,0.21,0.73,0.0233333,0.0422222,0.0577778,-0.032959,0.0521851,-0.893677,0.444458
1661854853,416949943,-0.13,1.19,-0.3,0.203333,0.07,0.174444,-0.0322266,0.0514526,-0.893372,0.44519
1661854853,426949793,0.38,1.13,-0.21,0.321111,-0.00444444,0.282222,-0.0314331,0.0501099,-0.892822,0.446472
1661854853,436945847,0.9,1.01,-0.32,0.215556,-0.0266667,0.283333,-0.0310059,0.0491943,-0.892273,0.447754
1661854853,446948993,-0.85,-0.33,0.44,0.0622222,-0.00444444,0.114444,-0.0308838,0.0489502,-0.892029,0.448242
1661854853,456949232,-0.39,0.02,0.58,-0.232222,0.0477778,-0.00555556,-0.0311279,0.0500488,-0.891968,0.448181
1661854853,466948082,0.71,0.79,-0.55,-0.0122222,0.0155556,0.185556,-0.0310669,0.0501709,-0.891602,0.448975
1661854853,476948451,0.1,-0.97,0.46,0.0733333,-0.0133333,0.14,-0.0309448,0.0498047,-0.891296,0.449646
1661854853,486949597,-0.21,-0.49,0.63,-0.204444,0.07,-0.00333333,-0.0310669,0.0508423,-0.891235,0.449585
1661854853,496948966,-0.15,-0.09,-0.18,-0.113333,0.152222,-0.0144444,-0.0306396,0.0516968,-0.891296,0.449463
1661854853,506955834,-0.16,-0.35,0.2,0.0188889,0.168889,0.00222222,-0.0299072,0.0519409,-0.891296,0.449402
1661854853,516950943,0.16,-0.46,0.19,0.0444444,0.186667,0.0533333,-0.0289917,0.0521851,-0.891235,0.449585
1661854853,526949071,-0.03,-0.51,0.3,0.0444444,0.186667,0.0533333,-0.02771,0.0524292,-0.891296,0.449524
1661854853,536949533,0.12,0.14,0.01,0.0733333,0.258889,0.00777778,-0.026123,0.0527954,-0.891296,0.449585
1661854853,546949938,-0.82,0.04,0.16,0.0877778,0.326667,0.0277778,-0.024353,0.0528564,-0.891296,0.449707
1661854853,556948566,0.18,0.94,-0.21,0.148889,0.324444,0.0333333,-0.0230103,0.0529785,-0.891174,0.450012
1661854853,566948713,0.02,1.15,-1.45,0.102222,0.258889,0.0866667,-0.0219727,0.0523071,-0.89093,0.450562
1661854853,576950229,-0.53,0.22,0.19,0.225556,0.124444,0.132222,-0.0214844,0.0527344,-0.890808,0.450806
1661854853,586947839,-0.76,0.7,-0.14,-0.03,0.123333,0.0555556,-0.0211182,0.0541382,-0.890747,0.450806
1661854853,596950078,-0.01,0.53,-0.42,-0.233333,0.198889,0.0233333,-0.0210571,0.0548096,-0.890503,0.451172
1661854853,606949520,-0.18,0.14,0.18,-0.12,0.0688889,0.0911111,-0.0213623,0.055481,-0.890137,0.451782
1661854853,616950352,-0.15,0.12,0.17,-0.151111,-0.00777778,0.152222,-0.0216675,0.0562134,-0.889709,0.452576
1661854853,626949369,0.63,-0.01,-0.32,-0.164444,-0.00333333,0.178889,-0.0218506,0.0568848,-0.889221,0.45343
1661854853,636948756,0.1,-0.14,0.21,-0.132222,0.0122222,0.203333,-0.0219727,0.0574951,-0.888794,0.454163
1661854853,646946513,0.5,-0.29,0,-0.135556,0.0188889,0.171111,-0.0220947,0.0581665,-0.88855,0.45459
1661854853,656948049,-0.46,-0.5,0.46,-0.134444,0.04,0.111111,-0.0219727,0.0586548,-0.888367,0.454895
1661854853,666948565,-0.98,0.51,0.46,-0.0788889,0.0611111,0.0688889,-0.0216675,0.05896,-0.888245,0.455078
1661854853,676949619,0.5,0.85,-0.51,-0.0255556,0.0855556,0.0611111,-0.0211792,0.0584717,-0.887756,0.456055
1661854853,686947895,0.76,0.73,-0.47,0.138889,0.03,0.217778,-0.0212402,0.0576172,-0.887207,0.457275
1661854853,696948264,0.76,0.73,-0.44,0.146667,-0.116667,0.28,-0.0215454,0.057312,-0.886719,0.458191
1661854853,706946466,0.56,0.68,-0.34,0.0244444,-0.0955556,0.203333,-0.0219116,0.0576782,-0.886597,0.458435
1661854853,716949612,-0.16,0.31,-0.01,-0.1,-0.0355556,0.0544444,-0.0222168,0.0585938,-0.886658,0.458191
1661854853,726950110,-0.58,0.24,0.15,-0.204444,0.03,-0.0566667,-0.022644,0.0596924,-0.88678,0.457825
1661854853,736948479,0.17,0.04,0.11,-0.228889,0.0366667,-0.0733333,-0.0228271,0.0601196,-0.886719,0.457825
1661854853,746949422,0.15,-0.2,0.19,-0.102222,-0.00111111,0.00333333,-0.0233765,0.0601807,-0.886658,0.457886
1661854853,756949475,-0.16,0.2,0.1,-0.0677778,-0.0866667,0.02,-0.0237427,0.0604248,-0.886658,0.457825
1661854853,766944826,0.02,0.08,0.06,-0.0711111,-0.0488889,-0.0144444,-0.0239258,0.0605469,-0.886658,0.457825
1661854853,776944342,0.55,-0.04,-0.3,-0.0377778,-0.0166667,-0.0111111,-0.0239258,0.0605469,-0.886658,0.457825
1661854853,786942544,0.21,-0.41,-0.05,-0.0188889,0.00222222,-0.0222222,-0.0239258,0.0606079,-0.886719,0.457703
1661854853,796943432,0.24,-1.13,0.19,-0.0111111,0.0122222,-0.134444,-0.0241089,0.0612183,-0.887573,0.455933
1661854853,806942134,-1.05,-0.19,0.44,-0.108889,0.04,-0.265556,-0.0239868,0.0615845,-0.888184,0.454712
1661854853,816941891,-0.14,0.19,-0.21,-0.0544444,0.0733333,-0.281111,-0.0233154,0.0608521,-0.888428,0.454346
1661854853,826943519,0.33,0.33,-0.23,0.2,0.0566667,-0.0811111,-0.0233154,0.0608521,-0.888428,0.454346
1661854853,836945924,0.39,0.47,-0.31,0.412222,-0.00444444,0.105556,-0.0223999,0.059082,-0.888306,0.454834
1661854853,846946034,-0.18,0.36,-0.16,0.39,-0.0344444,0.0988889,-0.0211182,0.0561523,-0.888245,0.455444
1661854853,856945236,0.21,0.06,-0.1,0.267778,-0.0122222,0.0211111,-0.0209351,0.0553589,-0.888367,0.455383
1661854853,866945901,-0.03,0.48,-0.08,0.164444,-0.0366667,-0.0277778,-0.020874,0.0546875,-0.888489,0.4552
1661854853,876946473,-0.03,0.48,-0.08,0.124444,-0.0488889,-0.0488889,-0.020874,0.0546875,-0.888489,0.4552
1661854853,886944286,-0.15,0.24,-0.04,0.0688889,-0.0577778,-0.0555556,-0.0209961,0.0542603,-0.888611,0.454956
1661854853,896946562,-0.22,0.15,-0.07,0.0366667,-0.0788889,-0.0611111,-0.0216675,0.0534058,-0.888916,0.454468
1661854853,906944634,-0.33,0.16,0.06,0.0344444,-0.117778,-0.0733333,-0.0221558,0.0531006,-0.889099,0.454102
1661854853,916946484,-0.25,0.57,0.29,-0.00111111,-0.135556,-0.0844444,-0.022583,0.0523071,-0.889221,0.453918
1661854853,926945094,-0.21,0.75,-0.21,0.0511111,-0.173333,-0.0644444,-0.022583,0.0523071,-0.889221,0.453918
1661854853,936944722,0.54,0.75,-0.36,0.12,-0.182222,0.00333333,-0.0230713,0.0513916,-0.889221,0.453979
1661854853,946946942,0.41,0.39,-0.16,0.19,-0.231111,0.0611111,-0.0245361,0.0491943,-0.889221,0.454102
1661854853,956943922,-0.42,-0.06,-0.1,0.0811111,-0.241111,-0.0555556,-0.0256348,0.0491333,-0.889587,0.453369
1661854853,966944217,-0.8,-0.37,0.44,-0.0944444,-0.203333,-0.188889,-0.0269165,0.0491943,-0.890015,0.452515
1661854853,976946252,-0.26,-0.33,0.28,-0.124444,-0.214444,-0.207778,-0.0269165,0.0491943,-0.890015,0.452515
1661854853,986942083,-0.26,-0.33,0.28,-0.07,-0.198889,-0.116667,-0.0279541,0.0490112,-0.890198,0.452026
1661854853,996944896,0.23,-0.71,0.02,0.0566667,-0.172222,-0.00777778,-0.0288086,0.0476074,-0.890076,0.452393
1661854854,6945135,-0.17,-0.72,-0.08,0.121111,-0.127778,0.0622222,-0.0289917,0.0470581,-0.889954,0.452759
1661854854,16943356,0.09,-0.65,-0.01,0.0811111,-0.0833333,0.0722222,-0.0291138,0.046875,-0.889893,0.45282
1661854854,26943336,0.09,-0.65,-0.01,0.0277778,-0.0488889,0.02,-0.0291138,0.046875,-0.889893,0.45282
1661854854,36945408,-0.01,-0.73,0.03,0.0244444,-0.0311111,0,-0.0292358,0.0466919,-0.889893,0.452881
1661854854,46958462,-0.34,0.46,0.36,0.0766667,-0.0222222,0,-0.0288086,0.0454712,-0.889954,0.45282
1661854854,56949646,-0.59,0.7,-0.23,0.182222,-0.01,-0.0144444,-0.0280762,0.0439453,-0.889771,0.453369
1661854854,66946329,0.77,0.52,-0.28,0.353333,-0.0222222,0.111111,-0.0272827,0.0412598,-0.889465,0.454285
1661854854,76945124,-1.24,0.74,-0.33,0.57,-0.105556,0.193333,-0.0272827,0.0412598,-0.889465,0.454285
1661854854,86946567,-0.51,0.68,-0.64,0.518889,-0.114444,0.145556,-0.0266113,0.0388184,-0.889221,0.455017
1661854854,96948732,0.77,0.71,-0.93,0.507778,-0.148889,0.198889,-0.0259399,0.0333862,-0.888184,0.45752
1661854854,106947452,0.9,-0.05,-1.18,0.547778,-0.257778,0.328889,-0.0265503,0.0310669,-0.887512,0.458923
1661854854,116945080,-0.45,-1.12,-0.08,0.373333,-0.348889,0.314444,-0.0285645,0.0306396,-0.887146,0.459534
1661854854,126946597,-0.45,-1.12,-0.08,-0.115556,-0.415556,0.128889,-0.0285645,0.0306396,-0.887146,0.459534
1661854854,136947262,0.46,-1.69,0.58,-0.304444,-0.463333,-0.0277778,-0.03125,0.0309448,-0.887085,0.459473
1661854854,146948668,0.67,-1.38,0.28,-0.217778,-0.442222,-0.0677778,-0.0354004,0.0307617,-0.887268,0.458862
1661854854,156946833,0.45,-1.89,0.51,-0.147778,-0.332222,-0.0844444,-0.0367432,0.0310669,-0.88739,0.458435
1661854854,166945294,0.35,-1.74,0.1,-0.186667,-0.216667,-0.09,-0.0375366,0.0319214,-0.887634,0.457886
1661854854,176942848,0.35,-1.74,0.1,-0.231111,-0.0611111,-0.123333,-0.0375366,0.0319214,-0.887634,0.457886
1661854854,186944995,0.07,-1.04,-0.3,-0.166667,0.00111111,-0.176667,-0.0379639,0.0325928,-0.888,0.457092
1661854854,196947604,-0.12,-1.07,0.32,-0.204444,0.0122222,-0.201111,-0.0387573,0.0343018,-0.888855,0.455261
1661854854,206946658,0.04,0.38,-0.83,-0.192222,0.0155556,-0.214444,-0.0388184,0.0344849,-0.889282,0.454468
1661854854,216946694,0.18,0.08,-0.38,-0.0477778,0.0233333,-0.182222,-0.0390015,0.0349121,-0.889709,0.453552
1661854854,226945025,0.18,0.08,-0.38,-0.09,0.0111111,-0.204444,-0.0390015,0.0349121,-0.889709,0.453552
1661854854,236945061,0.03,0,0,-0.267778,-0.0222222,-0.254444,-0.0397339,0.0359497,-0.890198,0.452393
1661854854,246946281,-0.46,-0.13,0.09,-0.318889,-0.0233333,-0.274444,-0.0413818,0.038269,-0.891113,0.450195
1661854854,256946150,0.06,-0.63,0.22,-0.271111,-0.0477778,-0.205556,-0.0421753,0.0390015,-0.891235,0.44989
1661854854,266944760,0.6,-0.84,0.13,-0.213333,-0.07,-0.0677778,-0.0427246,0.0394897,-0.891113,0.449951
1661854854,276945295,0.6,-0.84,0.13,-0.142222,-0.0488889,0.0233333,-0.0427246,0.0394897,-0.891113,0.449951
1661854854,286945830,0.27,-0.69,0.05,-0.128889,0.0122222,-0.0211111,-0.0429077,0.0401001,-0.891174,0.449829
1661854854,296947051,-0.04,-0.37,0.03,-0.195556,0.0811111,-0.111111,-0.0429077,0.0419312,-0.891724,0.448608
1661854854,306947401,0.1,0.12,0,-0.143333,0.114444,-0.157778,-0.0426025,0.0424805,-0.891968,0.448059
1661854854,316945548,0.11,0.46,-0.68,-0.0777778,0.113333,-0.111111,-0.0422363,0.0422363,-0.891968,0.44812
1661854854,326945342,0.11,0.46,-0.68,0.0833333,0.0444444,0.0133333,-0.0422363,0.0422363,-0.891968,0.44812
1661854854,336944748,-0.17,0.32,-0.65,0.0566667,0.00555556,-0.00555556,-0.0421143,0.0419922,-0.891968,0.44812
1661854854,346946524,0.34,-0.54,0.44,-0.122222,-0.0488889,-0.0377778,-0.043457,0.0429688,-0.89209,0.447693
1661854854,356944800,-0.07,-0.91,0.34,-0.184444,-0.106667,-0.0577778,-0.0441284,0.0437012,-0.892151,0.44751
1661854854,366944762,0.31,-0.28,0.26,-0.205556,-0.0555556,-0.0377778,-0.0443115,0.0440063,-0.89209,0.447449
1661854854,376944556,0.31,-0.28,0.26,-0.0722222,-0.00444444,-0.00222222,-0.0443115,0.0440063,-0.89209,0.447449
1661854854,386944832,0.05,0.26,-0.15,0.00222222,0.0377778,0.0144444,-0.0441284,0.0441284,-0.89209,0.44751
1661854854,396945979,-0.01,0.15,-0.17,-0.0377778,0.0511111,0.0233333,-0.0440063,0.0449219,-0.891968,0.447754
1661854854,406944959,0.01,-0.03,-0.11,-0.0977778,0.0488889,0.0366667,-0.0440674,0.0455322,-0.891846,0.447876
1661854854,416944587,-0.01,-0.26,0.04,-0.116667,0.0344444,0.0411111,-0.0442505,0.0461426,-0.891785,0.447998
1661854854,426944011,-0.01,-0.26,0.04,-0.13,0.0166667,0.0233333,-0.0442505,0.0461426,-0.891785,0.447998
1661854854,436943824,0.05,-0.24,0,-0.0788889,0.00111111,0.0133333,-0.0444336,0.0464478,-0.891724,0.447998
1661854854,446945730,0,-0.06,-0.04,-0.0255556,-0.00777778,0.00222222,-0.0446167,0.0466309,-0.891724,0.447998
1661854854,456946006,-0.04,0,-0.09,-0.0133333,-0.0133333,0.00444444,-0.0446777,0.0466309,-0.891663,0.448059
1661854854,466942616,-0.04,0.09,-0.09,-0.0111111,-0.0122222,0.0144444,-0.0447998,0.0466919,-0.891602,0.448242
1661854854,476944003,-0.04,0.09,-0.09,-0.0144444,-0.0177778,0.03,-0.0447998,0.0466919,-0.891602,0.448242
1661854854,486945723,0.11,0.07,0.05,-0.0222222,-0.0244444,0.0422222,-0.0449219,0.0467529,-0.891479,0.448425
1661854854,496949759,0.16,0.07,0.1,-0.0188889,-0.0222222,0.0411111,-0.0450439,0.0467529,-0.891357,0.448608
1661854854,506953220,0.24,0.27,0.07,-0.00666667,-0.00111111,0.0322222,-0.0449829,0.0466919,-0.891296,0.448792
1661854854,516948292,0.12,0.34,-0.05,0.00111111,0.0244444,0.0122222,-0.0447998,0.0466309,-0.891296,0.44873
1661854854,526942921,0.12,0.34,-0.05,0,0.0466667,-0.00888889,-0.0447998,0.0466309,-0.891296,0.44873
1661854854,536946067,0.08,0.42,-0.15,-0.0233333,0.0677778,-0.0266667,-0.0445557,0.046875,-0.891357,0.448608
1661854854,546948288,-0.06,0,-0.12,-0.0755556,0.0655556,-0.0455556,-0.0446167,0.0479126,-0.891541,0.448181
1661854854,556944471,-0.1,-0.17,-0.18,-0.118889,0.0344444,-0.0411111,-0.0448608,0.0484009,-0.891602,0.448059
1661854854,566945081,0.11,0.04,0.1,-0.117778,-0.00777778,-0.0244444,-0.0452271,0.048584,-0.891602,0.447937
1661854854,576944801,0.11,0.04,0.1,-0.0644444,-0.0511111,-0.0222222,-0.0452271,0.048584,-0.891602,0.447937
1661854854,586944966,0.08,-0.02,0.08,-0.0166667,-0.0655556,-0.02,-0.0455322,0.0485229,-0.891602,0.447876
1661854854,596947779,0.09,0.12,-0.01,-0.00666667,-0.0477778,-0.00333333,-0.0457764,0.0484009,-0.891602,0.447876
1661854854,606945759,0.09,0.06,0.08,-0.00444444,-0.0244444,0.00111111,-0.0459595,0.0482788,-0.891602,0.447876
1661854854,616946702,0.11,0.06,0.12,-0.00222222,-0.0144444,-0.00222222,-0.0459595,0.0482788,-0.891602,0.447876
1661854854,626946904,0.11,0.06,0.12,-0.00111111,0.00111111,-0.00222222,-0.0459595,0.0482788,-0.891602,0.447876
1661854854,636948162,0.07,0.05,0.03,0.00111111,0.0266667,0.0111111,-0.0458374,0.0482788,-0.891602,0.447937
1661854854,646948253,-0.02,0.05,-0.08,0.00333333,0.0488889,0.0166667,-0.0456543,0.0484009,-0.891541,0.447998
1661854854,656947325,-0.01,0.05,-0.11,0.00444444,0.0611111,0.0266667,-0.045105,0.048645,-0.891479,0.448181
1661854854,666946694,-0.07,0.15,-0.2,0.00777778,0.06,0.03,-0.0448608,0.0487671,-0.891418,0.448303
1661854854,676944989,-0.07,0.15,-0.2,0.00555556,0.0511111,0.0266667,-0.0448608,0.0487671,-0.891418,0.448303
1661854854,686945691,0.03,0.17,-0.11,0,0.0244444,0.0144444,-0.0447388,0.0488281,-0.891418,0.448364
1661854854,696946430,0.03,0.15,-0.05,-0.00444444,0,0.00444444,-0.0447388,0.0487671,-0.891418,0.448364
1661854854,706943669,0,0.09,-0.07,-0.00333333,-0.00222222,-0.00111111,-0.0447998,0.0487061,-0.891418,0.448364
1661854854,716946371,0.06,0.04,0.02,0,-0.0166667,-0.00555556,-0.0448608,0.048645,-0.891418,0.448364
1661854854,726944740,0.06,0.04,0.02,-0.00333333,-0.0255556,-0.00777778,-0.0448608,0.048645,-0.891418,0.448364
1661854854,736945405,0.11,0.06,0.02,-0.00333333,-0.0155556,-0.00222222,-0.0449829,0.048584,-0.891418,0.448364
1661854854,746948533,0.08,0.07,0,-0.00333333,-0.00444444,0.00666667,-0.0449829,0.0485229,-0.891418,0.448364
1661854854,756946494,0.07,0.43,-0.25,-0.00333333,0.00444444,0.00777778,-0.0448608,0.048584,-0.891357,0.448425
1661854854,766946603,-0.03,0.06,-0.09,-0.0111111,0.0255556,0.0122222,-0.0448608,0.0489502,-0.891357,0.448425
1661854854,776946954,-0.03,0.06,-0.09,-0.0833333,0.0344444,0.00777778,-0.0448608,0.0489502,-0.891357,0.448425
1661854854,786946248,0.03,0.12,-0.05,-0.134444,0.01,-0.0155556,-0.045105,0.0494995,-0.891357,0.448303
1661854854,796950358,-0.03,-0.23,0.11,-0.118889,-0.00777778,-0.0244444,-0.0454102,0.0500488,-0.891418,0.448181
1661854854,806947189,-0.02,0.09,-0.11,-0.0655556,-0.00666667,-0.0155556,-0.0455322,0.050293,-0.891418,0.448059
1661854854,816943021,0,0.12,-0.13,-0.00333333,0,0,-0.0455322,0.050293,-0.891418,0.448059
1661854854,826944520,0,0.12,-0.13,0.00222222,0.00444444,0.00333333,-0.0455322,0.050293,-0.891418,0.448059
1661854854,836944888,0.06,0.1,0.01,0,-0.01,0,-0.0455933,0.050293,-0.891418,0.448059
1661854854,846945664,0.07,0.13,-0.05,-0.00333333,-0.0177778,-0.00666667,-0.0456543,0.0502319,-0.891418,0.448059
1661854854,856943903,0.05,0.16,-0.06,-0.00666667,-0.0188889,-0.01,-0.0457764,0.0501709,-0.891418,0.448059
1661854854,866944568,0.01,0.07,-0.08,-0.00111111,-0.0122222,-0.0133333,-0.0458374,0.0501099,-0.891479,0.447998
1661854854,876945234,0.01,0.07,-0.08,-0.0122222,-0.01,-0.0211111,-0.0458984,0.0501099,-0.891479,0.447876
1661854854,886943824,0.06,0.23,-0.07,-0.0288889,-0.00777778,-0.0188889,-0.0459595,0.0501709,-0.891541,0.447815
1661854854,896949489,0.02,0.36,-0.21,-0.0477778,-0.0122222,-0.0222222,-0.0460815,0.0502319,-0.891602,0.447693
1661854854,906944136,0.07,0.1,0,-0.105556,-0.0155556,-0.0244444,-0.0463867,0.0505371,-0.891602,0.447571
1661854854,916945745,0.09,-0.36,0.3,-0.154444,-0.0533333,-0.0488889,-0.046936,0.0510254,-0.891663,0.447327
1661854854,926947596,0.09,-0.36,0.3,-0.184444,-0.0711111,-0.0611111,-0.0476685,0.0516968,-0.891724,0.447021
1661854854,936945057,0.11,-0.57,0.43,-0.135556,-0.04,-0.0466667,-0.0481567,0.0521851,-0.891785,0.446777
1661854854,946946333,0.07,-0.08,0.14,-0.0266667,0.0111111,-0.00333333,-0.0481567,0.0523071,-0.891785,0.446777
1661854854,956941480,0,0.2,-0.15,0.0411111,0.0488889,0.0366667,-0.0478516,0.0522461,-0.891724,0.44696
1661854854,966944089,-0.05,0.22,-0.29,0.0588889,0.0622222,0.05,-0.0474243,0.052124,-0.891663,0.447144
1661854854,976944458,-0.05,0.22,-0.29,0.0477778,0.0511111,0.0422222,-0.0470581,0.052063,-0.891602,0.447327
1661854854,986942456,-0.02,0.24,-0.24,0.0255556,0.0177778,0.0222222,-0.046936,0.052002,-0.891541,0.447449
1661854854,996946695,0.06,0.12,-0.05,-0.00555556,-0.0144444,0.00555556,-0.0469971,0.0519409,-0.891541,0.447449
1661854855,6946897,0.09,0.14,-0.02,-0.0244444,-0.0455556,-0.00222222,-0.0472412,0.0519409,-0.891541,0.447449
1661854855,16946377,0.11,0.13,0.02,-0.0277778,-0.05,-0.00222222,-0.0475464,0.0519409,-0.891541,0.447449
1661854855,26942302,0.11,0.13,0.02,-0.0355556,-0.0466667,-0.00555556,-0.0478516,0.052002,-0.891479,0.447449
1661854855,36944189,0.11,0.24,-0.01,-0.0522222,-0.0322222,-0.00777778,-0.0480957,0.052063,-0.891479,0.447449
1661854855,46945799,0.12,0.08,0.06,-0.0933333,-0.00666667,-0.00444444,-0.0482788,0.0524292,-0.891479,0.447449
1661854855,56942890,0.05,-0.07,0.06,-0.115556,0.0144444,-0.00777778,-0.0484619,0.0529175,-0.891418,0.447388
1661854855,66945333,-0.06,-0.14,-0.03,-0.0977778,0.0333333,-0.0111111,-0.048584,0.0534058,-0.891479,0.447327
1661854855,76944627,-0.06,-0.14,-0.03,-0.0644444,0.0455556,-0.00444444,-0.0485229,0.053772,-0.891418,0.447327
1661854855,86944274,-0.1,-0.08,-0.1,-0.0144444,0.0455556,0.00888889,-0.0483398,0.0539551,-0.891479,0.447266
1661854855,96945661,-0.1,0.08,-0.22,0.0233333,0.03,0.0222222,-0.0481567,0.053894,-0.891418,0.447388
1661854855,106944641,0.04,0.21,-0.13,0.0244444,-0.00555556,0.0344444,-0.0480347,0.053772,-0.891357,0.447571
1661854855,116944158,0.13,0.08,0.06,0.00666667,-0.0466667,0.0188889,-0.0482178,0.0536499,-0.891296,0.447632
1661854855,126944342,0.13,0.08,0.06,-0.01,-0.07,-0.00888889,-0.048584,0.0534668,-0.891296,0.447632
1661854855,136944229,0.18,-0.05,0.22,-0.0122222,-0.0588889,-0.0188889,-0.0488892,0.0534058,-0.891296,0.447571
1661854855,146945302,0.11,-0.02,0.12,0.00111111,-0.0133333,-0.00777778,-0.0489502,0.0533447,-0.891296,0.447571
1661854855,156972022,0.07,0.06,-0.01,0.0177778,0.0233333,0.00111111,-0.0487671,0.0533447,-0.891296,0.447571
1661854855,166944151,0,0.13,-0.12,0.0388889,0.0455556,0.00555556,-0.0485229,0.0532837,-0.891357,0.447571
1661854855,176943723,0,0.13,-0.12,0.0433333,0.0566667,0.00666667,-0.0481567,0.0531616,-0.891357,0.447571
1661854855,186944351,-0.04,0.12,-0.13,0.0333333,0.0477778,0.00777778,-0.0479126,0.0531616,-0.891357,0.447571
1661854855,196946202,-0.03,0.14,-0.16,0.0166667,0.0311111,0.0122222,-0.0476685,0.0531006,-0.891357,0.447632
1661854855,206945293,0.01,0.07,-0.1,0.00111111,0.01,0.01,-0.0476074,0.0531006,-0.891357,0.447693
1661854855,216945106,0.02,0.09,-0.06,-0.00777778,-0.0188889,0,-0.0477295,0.0530396,-0.891357,0.447693
1661854855,226944753,0.02,0.09,-0.06,-0.0111111,-0.0355556,-0.00333333,-0.0479126,0.0530396,-0.891357,0.447693
1661854855,236944288,0.07,0.05,0.02,-0.00888889,-0.0444444,-0.00888889,-0.0480957,0.0529175,-0.891296,0.447693
1661854855,246945361,0.1,0.02,0.1,-0.00777778,-0.0477778,-0.00888889,-0.0482788,0.0527954,-0.891296,0.447693
1661854855,256970692,0.09,0.07,0,-0.00444444,-0.0288889,-0.00111111,-0.0484619,0.0527344,-0.891296,0.447693
1661854855,266945969,0.05,0.05,0.01,0,-0.00333333,0.00444444,-0.0484619,0.0527344,-0.891296,0.447693
1661854855,276944727,0.05,0.05,0.01,0,0.01,0.00666667,-0.0484009,0.0527344,-0.891296,0.447693
1661854855,286944225,0.01,0.04,-0.02,0,0.0233333,0.0155556,-0.0482788,0.0527954,-0.891296,0.447754
1661854855,296946390,0.02,0.09,-0.07,0,0.0311111,0.0222222,-0.0481567,0.0528564,-0.891235,0.447876
1661854855,306950351,-0.06,0.18,-0.23,0,0.03,0.0244444,-0.0480347,0.0529175,-0.891174,0.447937
1661854855,316946943,-0.06,0.18,-0.23,-0.00555556,0.0133333,0.0188889,-0.0479126,0.0529175,-0.891174,0.448059
1661854855,326944626,-0.02,0.36,-0.36,-0.0277778,-0.00888889,0.0166667,-0.0479736,0.0529785,-0.891113,0.44812
1661854855,336944866,-0.01,-0.01,-0.08,-0.102222,-0.0333333,0.0166667,-0.0482788,0.0533447,-0.891052,0.448181
1661854855,346947697,0.08,-0.04,0.09,-0.111111,-0.0611111,0,-0.0488281,0.0536499,-0.890991,0.448181
1661854855,356974047,0.1,-0.07,0.14,-0.0611111,-0.0788889,-0.0122222,-0.0493164,0.053772,-0.890991,0.44812
1661854855,366946861,0.12,0.09,0.01,-0.0166667,-0.0566667,0.00666667,-0.0495605,0.0537109,-0.890991,0.44812
1661854855,376946396,0.12,0.09,0.01,0,-0.0244444,0.0277778,-0.0496826,0.0536499,-0.89093,0.448242
1661854855,386945543,0.13,0.12,0.02,0.00333333,-0.00777778,0.0222222,-0.0496826,0.0536499,-0.890869,0.448364
1661854855,396946597,0.06,0.14,-0.03,0.00555556,0.00444444,0.0144444,-0.0496826,0.0536499,-0.890808,0.448425
1661854855,406947410,-0.02,0.12,-0.11,0.00222222,0.01,0.00333333,-0.0496216,0.0536499,-0.890808,0.448425
1661854855,416947001,-0.02,0.12,-0.11,-0.00111111,0.00333333,-0.00888889,-0.0496216,0.0536499,-0.890808,0.448425
1661854855,426945944,0.03,0.07,-0.11,-0.00555556,-0.0111111,-0.0211111,-0.0496826,0.0535889,-0.890869,0.448303
1661854855,436944776,0.04,0.09,-0.04,-0.00888889,-0.0211111,-0.0222222,-0.0498047,0.0535278,-0.89093,0.448242
1661854855,446943904,0.12,0.02,0.04,-0.00666667,-0.03,-0.0255556,-0.0499268,0.0534058,-0.890991,0.44812
1661854855,456943995,0.11,0.04,0.06,-0.00444444,-0.0177778,-0.0222222,-0.0499878,0.0533447,-0.891052,0.448059
1661854855,466942494,0.11,0.04,0.06,0,0,-0.0266667,-0.0500488,0.0533447,-0.891052,0.447937
1661854855,476944900,0.02,0.06,0,0,0.0244444,-0.0233333,-0.0499268,0.0533447,-0.891113,0.447815
1661854855,486945657,-0.07,0,-0.09,0.00222222,0.0311111,-0.02,-0.0498047,0.0534058,-0.891174,0.447693
1661854855,496946100,-0.05,0,-0.12,0.00222222,0.0322222,-0.0111111,-0.0496826,0.0535278,-0.891235,0.447632
1661854855,506951117,0.02,0.06,-0.08,0.00444444,0.0155556,-0.00111111,-0.0496216,0.0535278,-0.891235,0.447632
1661854855,516946931,0.02,0.06,-0.08,0,0,0,-0.0496216,0.0535278,-0.891235,0.447632
1661854855,526956670,0.02,0.07,-0.06,-0.00333333,-0.01,0,-0.0496216,0.0535278,-0.891235,0.447632
1661854855,536946057,0.09,0.09,-0.02,-0.00111111,-0.01,0,-0.0496826,0.0534668,-0.891235,0.447632
1661854855,546944241,0.06,0.09,-0.01,-0.00222222,-0.01,-0.00666667,-0.0497437,0.0534058,-0.891235,0.447632
1661854855,556944980,0.04,0.08,-0.08,-0.00111111,-0.00777778,-0.00777778,-0.0497437,0.0534058,-0.891235,0.447632
1661854855,566939275,0.06,0.05,-0.04,-0.00111111,-0.01,-0.0122222,-0.0498047,0.0533447,-0.891235,0.447571
1661854855,576942144,0,0.06,-0.02,-0.00111111,-0.00111111,-0.0144444,-0.0498047,0.0533447,-0.891296,0.44751
1661854855,586941938,0.06,0.04,0,-0.00222222,0.00222222,-0.01,-0.0498047,0.0533447,-0.891296,0.447449
1661854855,596943307,0.04,0.04,0,-0.00333333,0.00555556,-0.00444444,-0.0498047,0.0533447,-0.891296,0.447449
1661854855,606943084,0.01,0.02,-0.06,0,0.00666667,0,-0.0498047,0.0533447,-0.891296,0.447449
1661854855,616939101,0.02,0.02,-0.03,0,0.00666667,0.00222222,-0.0498047,0.0533447,-0.891296,0.447449
1661854855,626942932,0.03,0.06,-0.05,0,0.0111111,0.00666667,-0.0497437,0.0533447,-0.891296,0.447449
1661854855,636941616,0.02,0.13,-0.07,0,0.00666667,0.00555556,-0.0497437,0.0533447,-0.891296,0.447449
1661854855,646949003,0.01,0.11,-0.1,0,0.00222222,0.00111111,-0.0497437,0.0533447,-0.891296,0.447449
