1661871394,883081945,-0.03,0,-0.1,-0.00555556,-0.00777778,-0.00111111,-0.0012207,0.017395,-0.963989,0.26532
1661871394,893073369,-0.06,0,-0.09,-0.00666667,-0.0111111,-0.00111111,-0.00128174,0.017395,-0.963989,0.26532
1661871394,903068664,-0.05,0,-0.1,-0.00666667,-0.0166667,-0.00333333,-0.00140381,0.017395,-0.963989,0.26532
1661871394,913071403,-0.08,0,-0.12,-0.01,-0.0333333,-0.00444444,-0.00152588,0.017395,-0.963989,0.26532
1661871394,923069735,-0.03,-0.04,-0.08,-0.01,-0.0411111,-0.00555556,-0.00177002,0.017395,-0.963989,0.26532
1661871394,933073788,0,-0.04,0,-0.00444444,-0.0355556,-0.00555556,-0.00195312,0.017334,-0.963989,0.26532
1661871394,943068898,0,-0.02,-0.07,-0.00222222,-0.02,0,-0.00201416,0.017334,-0.963989,0.26532
1661871394,953071841,-0.04,-0.03,-0.08,-0.00222222,-0.00777778,0,-0.00201416,0.017334,-0.963989,0.26532
1661871394,963069876,-0.03,0,-0.06,0,-0.00555556,0,-0.00201416,0.017334,-0.963989,0.26532
1661871394,973068689,0.01,-0.03,0,0.00111111,0,0,-0.00201416,0.017334,-0.963989,0.26532
1661871394,983069521,-0.01,-0.01,-0.03,0,0.0133333,0.00222222,-0.00195312,0.017334,-0.963989,0.26532
1661871394,993070445,-0.05,0,-0.08,0,0.0244444,0,-0.00183105,0.017334,-0.963989,0.26532
1661871395,3071739,-0.05,-0.01,-0.13,-0.00111111,0.0211111,0.00111111,-0.00170898,0.017395,-0.963989,0.26532
1661871395,13072664,-0.08,0,-0.12,-0.00333333,0.00888889,0,-0.00170898,0.017395,-0.963989,0.26532
1661871395,23070386,-0.07,-0.01,-0.09,-0.0111111,0.00222222,-0.00111111,-0.00177002,0.0174561,-0.963989,0.26532
1661871395,33073626,-0.02,-0.02,-0.05,-0.00777778,-0.00333333,-0.00111111,-0.00177002,0.0174561,-0.963989,0.26532
1661871395,43068737,-0.02,-0.04,-0.01,-0.00111111,-0.00333333,0,-0.00177002,0.0174561,-0.963989,0.26532
1661871395,53072662,-0.04,-0.02,-0.09,0.00444444,0.00222222,0,-0.00177002,0.0174561,-0.963989,0.26532
1661871395,63069254,-0.04,-0.02,-0.07,0.00555556,0.00444444,0.00111111,-0.00177002,0.0174561,-0.963989,0.26532
1661871395,73070568,-0.02,-0.01,-0.05,0.00777778,0.00333333,0.00333333,-0.00177002,0.0174561,-0.963989,0.26532
1661871395,83070531,-0.02,-0.02,-0.02,0.0111111,0.00888889,0.00111111,-0.00170898,0.017395,-0.963989,0.26532
1661871395,93069567,-0.01,0.01,-0.07,0.01,0.0155556,0.00333333,-0.00164795,0.017334,-0.963989,0.26532
1661871395,103070974,-0.08,0.02,-0.16,0.00444444,0.0133333,0.00111111,-0.00158691,0.017395,-0.963989,0.26532
1661871395,113070362,-0.01,0,-0.06,0,0.00222222,0,-0.00158691,0.017395,-0.963989,0.26532
1661871395,123069732,-0.07,-0.01,-0.07,0,0.00222222,0,-0.00158691,0.017395,-0.963989,0.26532
1661871395,133073120,-0.07,-0.02,-0.11,0,0.00222222,-0.00333333,-0.00158691,0.017395,-0.963989,0.26532
1661871395,143068323,-0.05,-0.05,-0.09,0.00222222,-0.00555556,0,-0.00158691,0.017395,-0.963989,0.26532
1661871395,153072971,-0.03,-0.03,-0.04,0.00888889,-0.00444444,0,-0.00158691,0.017395,-0.963989,0.26532
1661871395,163069674,-0.02,0,-0.05,0.0177778,-0.00222222,0,-0.00152588,0.0172729,-0.963989,0.26532
1661871395,173073895,-0.1,0,-0.14,0.00555556,0,0.00111111,-0.00152588,0.0172729,-0.963989,0.26532
1661871395,183073006,-0.04,0,-0.09,0.00222222,-0.00666667,0,-0.00152588,0.0172729,-0.963989,0.26532
1661871395,193076283,-0.01,-0.02,-0.07,0,-0.01,0.00222222,-0.00158691,0.0172729,-0.963989,0.26532
1661871395,203071357,-0.01,0.03,-0.03,0,-0.00333333,0.00111111,-0.00158691,0.0172729,-0.963989,0.26532
1661871395,213073004,-0.04,0.01,-0.1,-0.00333333,0.00111111,0.00111111,-0.00158691,0.0172729,-0.963989,0.26532
1661871395,223070004,-0.06,0.01,-0.12,-0.00333333,-0.00444444,0.00111111,-0.00158691,0.0172729,-0.963989,0.26532
1661871395,233071762,-0.05,-0.02,-0.07,-0.00444444,-0.00777778,0,-0.00158691,0.0172729,-0.963989,0.26532
1661871395,243069317,-0.07,-0.02,-0.1,0,-0.00444444,-0.00222222,-0.00158691,0.0172729,-0.963989,0.26532
1661871395,253071428,-0.05,-0.01,-0.08,0,-0.00777778,-0.00333333,-0.00158691,0.0172729,-0.963989,0.26532
1661871395,263070353,-0.01,-0.03,-0.06,0.00111111,-0.00555556,-0.00222222,-0.00158691,0.0172729,-0.963989,0.26532
1661871395,273072630,-0.02,0,-0.05,0.00111111,0,-0.00444444,-0.00158691,0.0172729,-0.963989,0.26532
1661871395,283073685,-0.06,-0.01,-0.09,0.00111111,0.00111111,0,-0.00158691,0.0172729,-0.963989,0.26532
1661871395,293073425,-0.05,0,-0.14,0,-0.00333333,0,-0.00158691,0.0172729,-0.963989,0.26532
1661871395,303071239,-0.05,0.02,-0.13,-0.01,-0.0122222,-0.00555556,-0.00170898,0.017334,-0.963989,0.26532
1661871395,313072794,-0.02,0.03,-0.07,-0.0233333,-0.0244444,-0.00444444,-0.00183105,0.017395,-0.963989,0.26532
1661871395,323069868,-0.02,0.03,-0.09,-0.0355556,-0.0211111,-0.00888889,-0.00195312,0.0175171,-0.963989,0.26532
1661871395,333071793,-0.02,0.02,-0.04,-0.0333333,-0.0177778,-0.02,-0.00213623,0.0176392,-0.963989,0.265259
1661871395,343068996,0,0,-0.03,-0.0222222,-0.0166667,-0.0266667,-0.00219727,0.0177612,-0.96405,0.265137
1661871395,353072033,0,-0.05,0.01,-0.00555556,-0.00888889,-0.0355556,-0.0022583,0.0177612,-0.964111,0.264954
1661871395,363070717,-0.04,-0.04,-0.04,0.00777778,0,-0.0433333,-0.0022583,0.0177612,-0.964172,0.264771
1661871395,373072828,-0.07,-0.02,-0.12,0.0111111,0,-0.0455556,-0.00219727,0.0177002,-0.964233,0.264526
1661871395,383089566,-0.08,-0.03,-0.17,0.00444444,-0.00777778,-0.04,-0.00219727,0.0177002,-0.964294,0.264343
1661871395,393097473,-0.1,-0.03,-0.18,-0.00444444,-0.02,-0.03,-0.00231934,0.0176392,-0.964294,0.264221
1661871395,403092398,-0.1,-0.03,-0.17,-0.0166667,-0.0377778,-0.0177778,-0.00250244,0.0177002,-0.964355,0.264099
1661871395,413097694,-0.03,-0.01,-0.06,-0.0222222,-0.0511111,-0.00777778,-0.00280762,0.0177612,-0.964294,0.264099
1661871395,423092971,0.03,0.03,-0.02,-0.02,-0.0511111,-0.01,-0.00305176,0.0177612,-0.964355,0.264099
1661871395,433094267,0,0.02,-0.03,-0.0222222,-0.0422222,-0.0177778,-0.0032959,0.0178223,-0.964355,0.263977
1661871395,443092118,0.01,0.08,-0.08,-0.0288889,-0.0333333,-0.0166667,-0.003479,0.0179443,-0.964355,0.263916
1661871395,453092080,0.03,0.1,-0.06,-0.0388889,-0.0233333,-0.0255556,-0.00366211,0.0180664,-0.964417,0.263794
1661871395,463094765,0.05,0.22,-0.06,-0.0588889,-0.00888889,-0.0422222,-0.00372314,0.0183716,-0.964478,0.263611
1661871395,473094060,0,0.03,-0.03,-0.0744444,0.00444444,-0.0722222,-0.00384521,0.0186768,-0.964539,0.263245
1661871395,483085153,-0.05,-0.02,-0.05,-0.0744444,0.0155556,-0.0755556,-0.00384521,0.019043,-0.9646,0.262878
1661871395,493082708,-0.05,0,-0.12,-0.0711111,0.0166667,-0.0711111,-0.00390625,0.0194092,-0.964722,0.262573
1661871395,503084096,-0.56,0.4,-0.01,-0.0611111,0.0133333,-0.03,-0.00390625,0.0197144,-0.964722,0.26239
1661871395,513087540,0,0.7,0.05,-0.00666667,0,0.117778,-0.00390625,0.0197144,-0.9646,0.262939
1661871395,523082003,0.72,0.69,0.06,0.0533333,0.00222222,0.0588889,-0.00384521,0.0194702,-0.964539,0.263245
1661871395,533082928,-0.02,0.3,0.07,0.0855556,0.0233333,-0.0822222,-0.00360107,0.019104,-0.964661,0.262878
1661871395,543082631,0.13,0.57,-0.13,0.0922222,0.0388889,0.0511111,-0.0032959,0.0187378,-0.9646,0.263123
1661871395,553085019,0.17,0.54,-0.13,0.0622222,0.0466667,0.0355556,-0.00299072,0.0184937,-0.964539,0.263245
1661871395,563084611,-0.29,0.22,-0.08,0.0611111,0.04,0.01,-0.00274658,0.0182495,-0.964539,0.263306
1661871395,573087703,0.05,0.3,-0.15,0.0888889,0.0211111,0.04,-0.00250244,0.0178833,-0.964478,0.263489
1661871395,583087721,-0.23,0.2,-0.13,0.0744444,0.00555556,0.0211111,-0.00238037,0.0175171,-0.964478,0.263611
1661871395,593093923,-0.02,0.27,-0.2,0.0366667,0,0.0588889,-0.0022583,0.0172119,-0.964417,0.263855
1661871395,603091368,0.1,0.28,-0.14,-0.0111111,0.00222222,0.0777778,-0.0022583,0.0171509,-0.964294,0.264221
1661871395,613087423,-0.02,0.28,0,-0.0522222,0.00333333,0.0522222,-0.0022583,0.0172729,-0.964233,0.264465
1661871395,623087811,0.02,0.33,-0.06,-0.0811111,0.0166667,0.0533333,-0.0022583,0.0175171,-0.964172,0.264771
1661871395,633092421,-0.15,0.32,-0.08,-0.09,0.0188889,0.0644444,-0.00219727,0.0177612,-0.96405,0.265015
1661871395,643089310,0.01,0.39,-0.03,-0.0777778,0.0222222,0.107778,-0.0020752,0.0179443,-0.963928,0.265564
1661871395,653086735,0.22,0.12,0.05,-0.0455556,0.0233333,0.0488889,-0.00201416,0.0180664,-0.963867,0.265747
1661871395,663089475,-0.4,0.21,0,0.00111111,0.0244444,0.0644444,-0.00183105,0.0180054,-0.963806,0.266052
1661871395,673089604,-0.2,0.27,0.03,0.0533333,0.0211111,0.0355556,-0.00152588,0.0177002,-0.963745,0.266235
1661871395,683084808,0.05,0.19,-0.14,0.0944444,0.0111111,0.0288889,-0.00128174,0.0171509,-0.963684,0.266357
1661871395,693086807,-0.08,-0.06,-0.04,0.0977778,0.00222222,0,-0.00115967,0.0167236,-0.963745,0.266418
1661871395,703084714,0.08,-0.3,-0.11,0.06,0,0.0244444,-0.0010376,0.0164185,-0.963684,0.266479
1661871395,713087528,-0.34,-0.19,-0.34,0.00777778,-0.00777778,-0.0133333,-0.0010376,0.0164185,-0.963684,0.266418
1661871395,723082898,0.03,-0.32,-0.11,-0.0888889,-0.0111111,0.00333333,-0.0012207,0.0168457,-0.963684,0.266418
1661871395,733084212,0.07,-0.16,-0.16,-0.162222,0,0.0177778,-0.00146484,0.0175781,-0.963684,0.266541
1661871395,743084859,-0.13,-0.17,-0.17,-0.213333,-0.00111111,0.00333333,-0.00170898,0.0185547,-0.963623,0.266541
1661871395,753081433,0.01,-0.14,0.01,-0.238889,0.00333333,0.03,-0.00201416,0.0197144,-0.963562,0.266663
1661871395,763083210,0,0.04,0.02,-0.197778,0.00777778,0.00888889,-0.0022583,0.0206299,-0.963562,0.266663
1661871395,773087154,-0.04,0.02,-0.01,-0.124444,0,0.00555556,-0.00244141,0.0212402,-0.963562,0.266663
1661871395,783083357,-0.21,0.02,-0.08,-0.0511111,-0.0155556,0.0122222,-0.00256348,0.0214233,-0.963501,0.266724
1661871395,793086708,0.58,0.22,-0.08,-0.0366667,-0.02,-0.0255556,-0.00280762,0.0215454,-0.963562,0.266602
1661871395,803081115,0.31,0.25,-0.09,-0.0322222,-0.01,-0.00222222,-0.00286865,0.0216675,-0.963562,0.266602
1661871395,813087614,-0.28,0.14,0,-0.0744444,0.01,-0.01,-0.00292969,0.0220337,-0.963562,0.266541
1661871395,823085595,0.04,0.18,-0.11,-0.112222,0.0188889,0.00333333,-0.00299072,0.022583,-0.963562,0.266541
1661871395,833086150,-0.22,0.33,-0.05,-0.126667,0.0288889,-0.0133333,-0.00299072,0.0231934,-0.963562,0.266479
1661871395,843082465,0.06,0.28,-0.04,-0.127778,0.0311111,-0.0222222,-0.00299072,0.0238647,-0.963562,0.266357
1661871395,853080946,-0.14,0.28,-0.05,-0.123333,0.0422222,-0.0266667,-0.00299072,0.0244751,-0.963623,0.266235
1661871395,863083389,0.05,0.28,-0.07,-0.122222,0.0444444,-0.0133333,-0.00292969,0.0250854,-0.963623,0.266174
1661871395,873086574,-0.07,0.01,-0.03,-0.08,0.0311111,-0.00444444,-0.00286865,0.0254517,-0.963562,0.266174
1661871395,883086240,0.04,0.13,-0.05,-0.0377778,0.0177778,0.00555556,-0.00280762,0.0256348,-0.963562,0.266174
1661871395,893087406,-0.16,0.28,-0.06,-0.00777778,0.0144444,0.0166667,-0.00268555,0.0255737,-0.963562,0.266235
1661871395,903087794,-0.05,0.31,-0.08,0.03,0.00111111,-0.0133333,-0.00256348,0.0253296,-0.963562,0.266174
1661871395,913092700,0.28,0.39,-0.02,0.0644444,-0.0122222,-0.0655556,-0.00256348,0.0248413,-0.963684,0.265869
1661871395,923088311,-0.41,0.03,-0.06,0.0955556,-0.0155556,-0.0877778,-0.00244141,0.024292,-0.963806,0.265442
1661871395,933092292,0.12,0.34,-0.19,0.0611111,-0.0133333,-0.04,-0.00244141,0.0239258,-0.963867,0.265259
1661871395,943087143,-0.48,0.1,-0.05,-0.00555556,0.0122222,0.0211111,-0.0022583,0.0238647,-0.963867,0.265381
1661871395,953085402,0.01,0.12,-0.07,-0.0588889,0.0222222,0.0288889,-0.00213623,0.0241089,-0.963806,0.265503
1661871395,963087864,0.15,0.12,0.08,-0.0577778,0.0133333,0.00222222,-0.00213623,0.024353,-0.963806,0.265503
1661871395,973092789,-0.4,0.18,0.08,-0.0155556,0.0277778,-0.0211111,-0.00195312,0.0244751,-0.963806,0.265381
1661871395,983083104,-0.08,0.37,-0.13,0.0211111,0.0255556,0.0255556,-0.00170898,0.024292,-0.963806,0.265503
1661871395,993087770,-0.25,0.25,0.03,0.01,0.0322222,0.0622222,-0.00140381,0.0241699,-0.963745,0.265808
1661871396,3082714,-0.58,0.11,-0.12,-0.0344444,0.0544444,0.0444444,-0.00115967,0.0244141,-0.963684,0.265991
1661871396,13087344,0.4,0.11,-0.15,-0.0933333,0.06,0.102222,-0.000976562,0.0249023,-0.963501,0.266479
1661871396,23082752,-0.47,-0.24,0.03,-0.1,0.0644444,0.116667,-0.000793457,0.0254517,-0.963379,0.267029
1661871396,33086937,0.16,0.25,-0.28,-0.0777778,0.0766667,0.0288889,-0.000549316,0.0259399,-0.963318,0.267151
1661871396,43081790,-0.57,-0.15,-0.1,-0.0588889,0.0533333,0.0255556,-0.000366211,0.0262451,-0.963257,0.267273
1661871396,53081291,0.09,0,-0.29,-0.0466667,0.0177778,0.0355556,-0.000305176,0.0265503,-0.963196,0.267456
1661871396,63085402,-0.15,-0.23,-0.06,-0.0711111,0.00222222,0,-0.000366211,0.0269165,-0.963196,0.267456
1661871396,73087421,-0.04,0.03,-0.21,-0.101111,-0.00888889,-0.0266667,-0.000488281,0.0274048,-0.963196,0.267334
1661871396,83087977,0.11,0.24,-0.03,-0.161111,0.00111111,-0.0211111,-0.000732422,0.0281372,-0.963257,0.267212
1661871396,93092662,0.07,0.4,-0.17,-0.206667,0.0111111,-0.0433333,-0.000915527,0.0291138,-0.963257,0.267029
1661871396,103088385,-0.29,0.35,0.04,-0.222222,0.0155556,-0.0344444,-0.00115967,0.0301514,-0.963257,0.266846
1661871396,113087016,0.11,0.46,0.24,-0.196667,0.0355556,-0.00222222,-0.0012207,0.0311279,-0.963257,0.266846
1661871396,123086775,-0.16,0.67,0.04,-0.112222,0.0444444,0.00666667,-0.00115967,0.0317383,-0.963196,0.266846
1661871396,133088998,-0.19,0.4,-0.02,-0.0122222,0.0377778,-0.0522222,-0.0010376,0.0318604,-0.963318,0.266541
1661871396,143087443,-0.07,0.1,0.03,0.0722222,0.0266667,-0.0188889,-0.000793457,0.0315552,-0.963318,0.266479
1661871396,153085184,-0.09,0.2,0.07,0.106667,0.0377778,-0.0555556,-0.000427246,0.0309448,-0.96344,0.266235
1661871396,163087185,0.02,0,-0.35,0.0866667,0.0277778,-0.0322222,-0.000183105,0.0305786,-0.963501,0.266052
1661871396,173092240,-0.7,-0.41,-0.04,0.0866667,0.0277778,-0.0322222,-6.10352e-05,0.0304565,-0.963501,0.26593
1661871396,183084260,-0.35,-0.51,-0.21,0.0366667,0.01,-0.0244444,-0.00012207,0.0306396,-0.96344,0.266052
1661871396,193087946,0.88,-0.17,-0.27,-0.126667,0.0177778,0.0288889,-0.000183105,0.03125,-0.963379,0.266235
1661871396,203083521,1.4,-0.02,0,-0.155556,0.0277778,0.138889,-0.000244141,0.0320435,-0.963196,0.266846
1661871396,213087558,-0.09,0.37,-0.1,-0.0966667,0.0211111,0.0111111,-0.000244141,0.0325317,-0.963196,0.266907
1661871396,223087558,-0.21,-0.38,0.18,-0.0966667,0.0211111,0.0111111,-0.000183105,0.0327759,-0.963074,0.267151
1661871396,233083226,0.36,0.29,-0.18,-0.0455556,0.0277778,0.0533333,0,0.0327759,-0.963074,0.267151
1661871396,243082263,0.02,-0.05,-0.25,-0.0155556,0.0355556,-0.0777778,0.00012207,0.032959,-0.963196,0.266785
1661871396,253081005,-0.58,-0.16,-0.2,-0.0466667,0.0166667,-0.0722222,0.00012207,0.0331421,-0.963257,0.266418
1661871396,263088042,1.18,0.06,-0.07,-0.114444,0.00111111,0.0911111,0,0.0336914,-0.963135,0.266846
1661871396,273087042,-0.06,-0.19,-0.15,-0.114444,0.00111111,0.0911111,-0.000183105,0.0343018,-0.963135,0.266785
1661871396,283085450,-0.85,-0.9,0.1,-0.131111,-0.00111111,-0.0177778,-0.000366211,0.0349731,-0.963074,0.266907
1661871396,293091691,0.25,0.11,-0.13,-0.118889,0.00111111,0.0733333,-0.000488281,0.0355225,-0.962952,0.267273
1661871396,303087285,-0.32,-0.26,-0.1,-0.106667,-0.0222222,0.0733333,-0.000732422,0.0360107,-0.96283,0.267639
1661871396,313091581,0.06,0.12,-0.08,-0.123333,-0.0233333,0.0611111,-0.000976562,0.0365601,-0.962769,0.267883
1661871396,323091230,0.21,-0.17,-0.03,-0.123333,-0.0233333,0.0611111,-0.0012207,0.0371704,-0.962769,0.2677
1661871396,333087045,-0.35,-0.05,0.05,-0.14,-0.01,-0.0377778,-0.00146484,0.0379639,-0.962708,0.267822
1661871396,343086676,-0.04,0.05,-0.09,-0.203333,0.00111111,0.00222222,-0.00170898,0.0389404,-0.962708,0.267822
1661871396,353084547,-1.06,-0.04,0,-0.23,0.01,0.108889,-0.00195312,0.0400391,-0.962463,0.268311
1661871396,363088362,-1.09,-0.01,0.2,-0.235556,0.0211111,-0.0966667,-0.00213623,0.0411377,-0.962585,0.267883
1661871396,373092066,-0.12,-0.22,-0.14,-0.235556,0.0211111,-0.0966667,-0.00231934,0.0419922,-0.962646,0.267517
1661871396,383083252,0.26,0.09,0.02,-0.177778,0.0144444,-0.07,-0.00250244,0.0425415,-0.962646,0.267334
1661871396,393082364,0.9,0.37,-0.39,-0.0777778,-0.0111111,-0.00555556,-0.00262451,0.0429077,-0.962646,0.267334
1661871396,403083901,-0.69,0.24,0.01,-0.0888889,-0.0166667,-0.0344444,-0.00286865,0.0432739,-0.962646,0.267212
1661871396,413087438,0.21,0.43,-0.11,-0.104444,-0.0344444,-0.0311111,-0.00317383,0.0437012,-0.962708,0.267029
1661871396,423082884,-0.89,-0.02,0.13,-0.104444,-0.0344444,-0.0311111,-0.00341797,0.0441895,-0.962646,0.26709
1661871396,433083866,-0.5,0.28,0.03,-0.104444,-0.0322222,0.0111111,-0.00378418,0.0446777,-0.962524,0.267456
1661871396,443081959,0.61,0.41,-0.03,-0.0911111,-0.0488889,0.0744444,-0.00415039,0.0450439,-0.962402,0.267822
1661871396,453079719,-0.49,0.5,0.18,-0.0133333,-0.0488889,-0.00777778,-0.00439453,0.0450439,-0.962402,0.267822
1661871396,463086885,-0.06,0.06,0.07,0.0477778,-0.0555556,0.00333333,-0.00457764,0.0447388,-0.962402,0.267822
1661871396,473081498,-0.44,0.04,-0.2,0.0477778,-0.0555556,0.00333333,-0.00469971,0.0441895,-0.962402,0.268005
1661871396,483087886,0.2,-0.22,-0.24,0.0955556,-0.0588889,0.0288889,-0.00500488,0.0437012,-0.962402,0.268127
1661871396,493085906,0.19,0.1,-0.11,0.0833333,-0.0922222,0.0244444,-0.00549316,0.0435791,-0.96228,0.268494
1661871396,503081777,-0.7,0.02,-0.12,0.00666667,-0.0977778,0.0711111,-0.00579834,0.0437622,-0.962158,0.268921
1661871396,513105720,0.13,0.06,-0.1,-0.0555556,-0.0622222,0.0866667,-0.00634766,0.0441284,-0.961914,0.269592
1661871396,523086944,0.39,0.08,0.05,-0.106667,-0.0933333,0.147778,-0.00634766,0.0441284,-0.961914,0.269592
1661871396,533083593,0.01,-0.32,-0.56,-0.183333,-0.05,0.114444,-0.00683594,0.0449219,-0.961731,0.270142
1661871396,543083316,-0.5,-0.06,-0.35,-0.277778,-0.0266667,0.0522222,-0.00732422,0.0462036,-0.961609,0.270386
1661871396,553079668,-0.12,0.35,-0.14,-0.381111,-0.0577778,0.0711111,-0.00872803,0.0496216,-0.961243,0.271057
1661871396,563086817,0.72,0.49,0.08,-0.381111,-0.0577778,0.0711111,-0.00964355,0.0513916,-0.960938,0.271851
1661871396,573087261,0.05,0.28,0.13,-0.435556,-0.0722222,0.172222,-0.00964355,0.0513916,-0.960938,0.271851
1661871396,583082818,-0.45,0.3,0.15,-0.32,-0.0833333,0.16,-0.010437,0.0527344,-0.960632,0.272644
1661871396,593086448,0.19,-0.28,-0.29,-0.32,-0.0833333,0.16,-0.0119019,0.0547485,-0.960022,0.27417
1661871396,603085837,-0.3,-0.22,-0.31,-0.165556,-0.111111,0.173333,-0.0125122,0.0548706,-0.959961,0.274475
1661871396,613087152,-0.2,-0.19,-0.39,-0.0544444,-0.116667,0.0477778,-0.0131226,0.0549316,-0.959961,0.274414
1661871396,623087505,0,-0.25,-0.34,-0.0488889,-0.123333,-0.0188889,-0.0131226,0.0549316,-0.959961,0.274414
1661871396,633083395,-0.36,-0.45,-0.13,-0.205556,-0.175556,-0.0188889,-0.0142212,0.0556641,-0.9599,0.274353
1661871396,643083339,0.05,-0.78,0.02,-0.205556,-0.175556,-0.0188889,-0.0165405,0.0576172,-0.959778,0.274292
1661871396,653091710,-0.39,-0.28,0.01,-0.317778,-0.17,0,-0.0176392,0.059082,-0.959595,0.274658
1661871396,663084859,-0.53,-0.58,-0.21,-0.351111,-0.133333,0.0722222,-0.0186768,0.0605469,-0.959229,0.27533
1661871396,673088748,-0.09,-0.2,-0.19,-0.347778,-0.13,0.152222,-0.0197754,0.0618896,-0.95874,0.276733
1661871396,683083101,0,-0.49,0.09,-0.324444,-0.163333,0.287778,-0.020874,0.0631714,-0.958252,0.278076
1661871396,693086471,-0.13,-0.99,-0.01,-0.324444,-0.163333,0.287778,-0.0219727,0.0643311,-0.957825,0.279297
1661871396,703083954,0.21,-0.57,0.27,-0.288889,-0.17,0.254444,-0.0231323,0.0651245,-0.957397,0.280457
1661871396,713086750,0.48,-1.09,0.02,-0.231111,-0.194444,0.241111,-0.0238037,0.0655518,-0.957153,0.281128
1661871396,723085714,0.33,-0.99,-0.5,-0.121111,-0.115556,0.141111,-0.024292,0.065979,-0.95697,0.281555
1661871396,733082863,0.18,-0.99,-0.63,-0.108889,-0.09,0.0966667,-0.024292,0.065979,-0.95697,0.281555
1661871396,743080845,0.11,-1.14,-0.49,-0.108889,-0.09,0.0966667,-0.0256348,0.0669556,-0.956726,0.281921
1661871396,753082364,0.27,-1.07,-0.29,-0.166667,-0.116667,-0.0255556,-0.0266724,0.0686646,-0.956848,0.281006
1661871396,763083105,-0.16,-0.63,0.07,-0.4,-0.0977778,-0.195556,-0.02771,0.0708008,-0.956909,0.280273
1661871396,773087438,-0.22,-0.24,0.19,-0.484444,-0.0666667,-0.151111,-0.02771,0.0708008,-0.956909,0.280273
1661871396,783085624,0.01,-0.14,0.15,-0.438889,-0.0455556,-0.115556,-0.0285645,0.0727539,-0.956909,0.279663
1661871396,793091032,0.13,-0.46,0.26,-0.438889,-0.0455556,-0.115556,-0.0301514,0.0759277,-0.95697,0.278442
1661871396,803083940,0.05,-0.67,0.11,-0.286667,-0.07,-0.136667,-0.0307007,0.0761719,-0.957214,0.277588
1661871396,813090570,-0.11,-0.51,-0.32,-0.0788889,-0.0711111,-0.194444,-0.0309448,0.0756226,-0.95752,0.27655
1661871396,823091941,-0.12,-0.59,-0.22,0.0866667,-0.0677778,-0.226667,-0.0309448,0.0756226,-0.95752,0.27655
1661871396,833086997,-0.19,-0.25,0.05,0.05,-0.0677778,-0.274444,-0.031311,0.0752563,-0.957886,0.27533
1661871396,843087461,0.07,0.18,0.24,0.05,-0.0677778,-0.274444,-0.0319824,0.0757446,-0.958435,0.273193
1661871396,853092516,-0.03,0.36,0.29,-0.121111,-0.0211111,-0.19,-0.0318604,0.0767822,-0.958435,0.272888
1661871396,863092758,-0.23,0,0.3,-0.21,0.0866667,-0.0444444,-0.0315552,0.0772095,-0.958435,0.272888
1661871396,873091480,-0.17,-0.13,0.04,-0.06,0.0855556,0.00555556,-0.0315552,0.0772095,-0.958435,0.272888
1661871396,883082000,-0.36,-0.07,-0.14,0.104444,0.0711111,0.0555556,-0.0310669,0.0768433,-0.958435,0.273132
1661871396,893082945,-0.17,-0.45,-0.35,0.104444,0.0711111,0.0555556,-0.0301514,0.0756836,-0.958374,0.273743
1661871396,903082427,0.11,-0.61,-0.6,0.171111,0.0377778,0.0755556,-0.0298462,0.0751953,-0.958374,0.273865
1661871396,913087631,-0.08,-0.63,-0.37,0.113333,0.03,0.0233333,-0.0297241,0.0753784,-0.958374,0.273804
1661871396,923088057,0.1,-0.36,-0.15,-0.0222222,0.0366667,0.00222222,-0.0297241,0.0753784,-0.958374,0.273804
1661871396,933082558,-0.15,-0.26,-0.17,-0.251111,0.0277778,-0.00555556,-0.0299072,0.0765991,-0.958252,0.273804
1661871396,943082299,-0.36,-0.24,-0.2,-0.251111,0.0277778,-0.00555556,-0.0303955,0.0789795,-0.95813,0.273499
1661871396,953086281,-0.37,-0.42,-0.31,-0.25,0.0155556,-0.0377778,-0.0306396,0.0801392,-0.958069,0.273376
1661871396,963080856,-0.34,-0.52,-0.31,-0.196667,-0.0166667,-0.0255556,-0.03125,0.0806274,-0.95813,0.272949
1661871396,973086078,-0.34,-0.52,-0.31,-0.124444,-0.0866667,-0.0933333,-0.03125,0.0806274,-0.95813,0.272949
1661871396,983082283,-0.04,-0.53,-0.21,-0.113333,-0.166667,-0.0622222,-0.0321655,0.0809326,-0.95813,0.272705
1661871396,993086450,0.02,-0.5,-0.2,-0.113333,-0.166667,-0.0622222,-0.0340576,0.081543,-0.95813,0.272339
1661871397,3082654,0.16,-0.43,-0.35,-0.117778,-0.163333,-0.0355556,-0.0349121,0.0820312,-0.958008,0.272522
1661871397,13081878,-0.24,-0.37,-0.27,-0.147778,-0.14,0.0277778,-0.0358276,0.0827026,-0.957886,0.272705
1661871397,23081287,-0.26,-0.53,-0.13,-0.177778,-0.147778,0.04,-0.0358276,0.0827026,-0.957886,0.272705
1661871397,33081956,0.05,-0.35,-0.13,-0.276667,-0.163333,0.0488889,-0.0369263,0.0837402,-0.957642,0.272949
1661871397,43078383,0.25,-0.45,-0.03,-0.276667,-0.163333,0.0488889,-0.0380249,0.085144,-0.957397,0.273254
1661871397,53081589,-0.14,0.02,0.36,-0.317778,-0.154444,0.116667,-0.0403442,0.0878906,-0.956848,0.274109
1661871397,63080053,0.28,0.21,0.34,-0.298889,-0.156667,0.0677778,-0.0413818,0.0888672,-0.956604,0.274536
1661871397,73085684,0.28,0.21,0.34,-0.245556,-0.152222,0.0866667,-0.0413818,0.0888672,-0.956604,0.274536
1661871397,83081149,0.08,-0.14,0.03,-0.00777778,-0.115556,0.07,-0.0418701,0.0887451,-0.956482,0.274902
1661871397,93086687,0.53,-0.23,0.23,-0.00777778,-0.115556,0.07,-0.0427246,0.0879517,-0.95636,0.27533
1661871397,103083911,0.12,-0.23,0.02,0.0988889,-0.105556,0.00222222,-0.0429077,0.0870361,-0.956482,0.275269
1661871397,113080950,-0.11,-0.29,-0.19,0.175556,-0.0855556,-0.0255556,-0.0427856,0.0861816,-0.956604,0.275024
1661871397,123081285,-0.11,-0.29,-0.19,0.176667,-0.02,-0.0666667,-0.0427856,0.0861816,-0.956604,0.275024
1661871397,133088527,-0.01,-0.36,-0.3,0.0411111,0.00111111,-0.0155556,-0.0427246,0.0859985,-0.956665,0.274963
1661871397,143083455,0,-0.08,0.02,0.0411111,0.00111111,-0.0155556,-0.0427246,0.0859375,-0.956665,0.274841
1661871397,153085938,0.07,0.17,-0.09,-0.0344444,0.00444444,0,-0.0426636,0.0864258,-0.956604,0.275085
1661871397,163087643,0.01,0.18,-0.14,-0.0866667,0.0366667,0.0511111,-0.0424805,0.0872192,-0.956421,0.27533
1661871397,173083219,0.01,0.18,-0.14,-0.144444,0.0788889,0.0711111,-0.0424805,0.0872192,-0.956421,0.27533
1661871397,183082239,-0.02,0.09,-0.14,-0.111111,0.0544444,-0.0144444,-0.0423584,0.0877686,-0.956421,0.275208
1661871397,193086407,-0.2,-0.31,-0.16,-0.111111,0.0544444,-0.0144444,-0.0422974,0.0886841,-0.956482,0.274841
1661871397,203083446,0.01,-0.09,0.03,-0.0644444,0.0144444,-0.0533333,-0.0424194,0.0888062,-0.956482,0.274597
1661871397,213088892,-0.04,-0.08,0,-0.0244444,-0.0222222,-0.0477778,-0.0426025,0.0887451,-0.956543,0.274536
1661871397,223087227,-0.04,-0.08,0,-0.00666667,-0.0366667,-0.0244444,-0.0426025,0.0887451,-0.956543,0.274536
1661871397,233086544,-0.12,0.03,-0.18,-0.00444444,-0.0344444,-0.00444444,-0.0427856,0.0887451,-0.956543,0.274536
1661871397,243081083,-0.12,0.03,-0.18,-0.00444444,-0.0344444,-0.00444444,-0.0429077,0.0886841,-0.956482,0.274536
1661871397,253084843,-0.15,-0.15,-0.05,-0.00888889,-0.0622222,-0.0155556,-0.0435791,0.088623,-0.956482,0.274475
1661871397,263080845,-0.18,-0.04,-0.2,-0.0133333,-0.0777778,-0.0111111,-0.0438843,0.088623,-0.956482,0.274597
1661871397,273085717,-0.18,-0.04,-0.2,-0.0111111,-0.07,0.0177778,-0.0438843,0.088623,-0.956482,0.274597
1661871397,283082515,-0.12,0.01,-0.16,-0.0144444,-0.0855556,0.0655556,-0.0441895,0.088623,-0.95636,0.274963
1661871397,293086313,-0.04,-0.04,-0.1,-0.0144444,-0.0855556,0.0655556,-0.0446167,0.088623,-0.956238,0.275269
1661871397,303104572,-0.01,0.01,-0.06,-0.01,-0.103333,0.0622222,-0.0455322,0.088501,-0.955994,0.27594
1661871397,313086594,-0.01,-0.03,-0.02,-0.0122222,-0.11,0.0633333,-0.0460205,0.0884399,-0.955872,0.276245
1661871397,323082614,-0.01,-0.03,-0.02,-0.0155556,-0.105556,0.0566667,-0.0460205,0.0884399,-0.955872,0.276245
1661871397,333088486,0.11,-0.01,0.09,-0.00666667,-0.0844444,0.0588889,-0.0463867,0.0883179,-0.955811,0.27655
1661871397,343081525,0.05,-0.19,0.12,-0.00666667,-0.0844444,0.0588889,-0.0467529,0.0882568,-0.955688,0.276917
1661871397,353087156,0.1,0.1,0.03,0.00777778,-0.0533333,0.0555556,-0.0470581,0.0878906,-0.955566,0.277466
1661871397,363086491,0,0.11,-0.09,0.0611111,-0.0311111,0.0588889,-0.046936,0.0875854,-0.955505,0.27771
1661871397,373087863,0,0.11,-0.09,0.0722222,-0.00777778,0.0488889,-0.046936,0.0875854,-0.955505,0.27771
1661871397,383082383,-0.02,0.09,-0.09,0.0333333,0.02,0.03,-0.046814,0.0874023,-0.955505,0.277832
1661871397,393086088,-0.04,0.01,-0.06,0.0333333,0.02,0.03,-0.0466309,0.0872803,-0.955444,0.278015
1661871397,403082461,-0.04,-0.01,-0.05,0.0122222,0.0288889,0.03,-0.0463257,0.0873413,-0.955383,0.278259
1661871397,413083166,0,-0.1,0.07,0.00111111,0.0311111,0.0288889,-0.0463257,0.0873413,-0.955383,0.278259
1661871397,423081853,0,-0.1,0.07,0.00666667,0.0244444,0.0188889,-0.0461426,0.0874023,-0.955383,0.27832
1661871397,433084095,-0.03,-0.01,-0.04,0.01,0.0577778,0.0533333,-0.0458374,0.0874023,-0.955322,0.278564
1661871397,443080597,-0.06,0.11,-0.19,0.01,0.0577778,0.0533333,-0.0455322,0.0874634,-0.955261,0.278809
1661871397,453084617,0.08,-0.01,0.02,0.00888889,0.0577778,0.0511111,-0.0452271,0.0875244,-0.9552,0.278992
1661871397,463081693,0.17,0.04,0.06,0.00888889,0.0311111,0.0266667,-0.045105,0.0875854,-0.9552,0.279114
1661871397,473081046,0.17,0.04,0.06,0.00555556,0.0166667,0.00333333,-0.0450439,0.0875854,-0.9552,0.279114
1661871397,483081270,0.09,0.23,-0.1,0.0355556,0.0177778,-0.0177778,-0.0449219,0.0874634,-0.955261,0.279053
1661871397,493086272,-0.18,0,-0.21,0.0611111,0.0266667,-0.0655556,-0.0447388,0.0871582,-0.955383,0.278748
1661871397,503083329,-0.09,-0.05,-0.07,0.0477778,0.0155556,-0.09,-0.0446167,0.0869751,-0.955505,0.27832
1661871397,513087701,-0.02,0.1,-0.1,0.00777778,0.00555556,-0.0611111,-0.0446167,0.0869751,-0.955566,0.278015
1661871397,523084091,-0.02,0.1,-0.1,-0.00444444,0,-0.0288889,-0.0446167,0.0869751,-0.955627,0.277893
1661871397,533085037,-0.01,-0.02,-0.01,-0.01,-0.00777778,-0.0488889,-0.0446777,0.0869751,-0.955688,0.277649
1661871397,543082336,-0.06,0,-0.06,-0.01,-0.00777778,-0.0488889,-0.0446777,0.0870361,-0.95575,0.277405
1661871397,553081189,-0.1,-0.12,-0.09,-0.02,-0.00111111,-0.0366667,-0.0447388,0.0870972,-0.955811,0.277222
1661871397,563081765,-0.01,-0.05,-0.02,-0.0388889,0,-0.0233333,-0.0447998,0.0873413,-0.955811,0.2771
1661871397,573087859,-0.01,-0.05,-0.02,-0.0311111,-0.0155556,-0.0222222,-0.0449219,0.0874634,-0.955811,0.277039
1661871397,583085768,0,-0.16,0.06,-0.00222222,-0.0255556,-0.0222222,-0.0450439,0.0874023,-0.955872,0.276917
1661871397,593082603,-0.21,-0.39,0.01,0.00777778,-0.0144444,-0.00777778,-0.045105,0.0874023,-0.955872,0.276917
1661871397,603083901,-0.04,-0.18,-0.02,0.0644444,0,0.0144444,-0.0450439,0.0870972,-0.955872,0.277039
1661871397,613086717,0.08,0.22,-0.06,0.174444,-0.0188889,0.0277778,-0.0448608,0.0863037,-0.955872,0.277222
1661871397,623082478,0.08,0.22,-0.06,0.247778,-0.0455556,0.0344444,-0.0447388,0.085083,-0.955933,0.277405
1661871397,633086702,-0.04,0.19,-0.18,0.274444,-0.0388889,0.0311111,-0.0445557,0.0837402,-0.955994,0.277649
1661871397,643088222,0.04,0.32,-0.22,0.218889,-0.0133333,0.0288889,-0.0443115,0.0827026,-0.956055,0.277832
1661871397,653087131,0,0.19,-0.17,0.12,-0.00777778,0.0422222,-0.0441284,0.0821533,-0.955994,0.278076
1661871397,663088336,-0.06,0.11,-0.17,0.0355556,-0.00666667,0.0388889,-0.0440674,0.0820312,-0.955994,0.278259
1661871397,673084875,-0.06,0.11,-0.17,0,-0.00888889,0.00666667,-0.0440674,0.0820312,-0.955994,0.278259
1661871397,683079118,-0.03,0.13,-0.14,-0.0122222,-0.0244444,-0.0211111,-0.0441895,0.0820312,-0.955994,0.278198
1661871397,693087119,0.01,-0.07,0.03,-0.0422222,-0.0311111,-0.0277778,-0.0444336,0.0822144,-0.955994,0.278015
1661871397,703079677,-0.12,0.02,-0.2,-0.116667,-0.0122222,0,-0.0446167,0.0827026,-0.955994,0.278015
1661871397,713084289,0,0.04,-0.08,-0.146667,0.00777778,0.0222222,-0.0447998,0.083374,-0.955872,0.278076
1661871397,723080032,0,0.04,-0.08,-0.157778,-0.00111111,0.0211111,-0.0449829,0.0841675,-0.955811,0.278137
1661871397,733080978,0.01,-0.02,-0.01,-0.15,-0.03,0.0155556,-0.0453491,0.0847778,-0.955688,0.278198
1661871397,743081480,0,-0.03,0,-0.142222,-0.0322222,0.00666667,-0.0457153,0.0853882,-0.955627,0.278198
1661871397,753092443,-0.01,-0.12,0.04,-0.118889,-0.0377778,-0.00222222,-0.0460205,0.0859375,-0.955566,0.278198
1661871397,763080113,-0.02,-0.14,0.05,-0.0811111,-0.0355556,-0.0211111,-0.0463257,0.0862427,-0.955566,0.278076
1661871397,773082799,-0.02,-0.14,0.05,-0.0455556,-0.0355556,-0.0277778,-0.0465698,0.0864258,-0.955566,0.277954
1661871397,783081486,-0.07,-0.14,0.01,-0.0122222,-0.0255556,-0.0233333,-0.0466919,0.0864868,-0.955566,0.277832
1661871397,793087580,-0.14,-0.11,-0.14,-0.00222222,-0.0166667,0.00333333,-0.0467529,0.0864868,-0.955566,0.277893
1661871397,803079675,0.23,0.25,-0.01,0.00222222,-0.0177778,0.04,-0.046875,0.0864868,-0.955505,0.278076
1661871397,813080695,-0.05,0.06,-0.15,0,-0.0311111,0.06,-0.0469971,0.0864258,-0.955444,0.278381
1661871397,823081530,-0.05,0.06,-0.15,0,-0.0177778,0.0255556,-0.0470581,0.0863647,-0.955383,0.278503
1661871397,833085290,-0.02,0.05,-0.09,-0.00444444,-0.0144444,-0.0133333,-0.0471191,0.0863647,-0.955383,0.278442
1661871397,843087366,0.03,0.16,-0.09,-0.00888889,-0.0233333,-0.0255556,-0.0472412,0.0863037,-0.955444,0.27832
1661871397,853086590,-0.11,-0.16,-0.06,-0.0133333,-0.0277778,-0.0333333,-0.0474243,0.0863037,-0.955444,0.278137
1661871397,863086999,-0.1,-0.14,-0.1,-0.0311111,-0.0288889,-0.0411111,-0.0476074,0.0864258,-0.955505,0.277954
1661871397,873081612,-0.1,-0.14,-0.1,-0.0566667,-0.0166667,-0.0422222,-0.0477905,0.0866699,-0.955566,0.277771
1661871397,883079225,-0.02,-0.08,-0.01,-0.0511111,-0.0155556,-0.0233333,-0.0479126,0.0869141,-0.955566,0.277649
1661871397,893082115,-0.04,0,-0.06,-0.0355556,-0.0222222,-0.0122222,-0.0480957,0.0870361,-0.955566,0.277588
1661871397,903077673,-0.08,-0.11,-0.06,-0.00888889,-0.0277778,-0.0155556,-0.0482178,0.0869751,-0.955566,0.277527
1661871397,913081841,-0.03,-0.04,-0.04,-0.00222222,-0.0266667,-0.0177778,-0.0483398,0.0869751,-0.955566,0.277466
1661871397,923084120,-0.03,-0.04,-0.04,-0.00111111,-0.0188889,0,-0.0484619,0.0869751,-0.955566,0.277466
1661871397,933082363,0.05,0.08,-0.04,-0.00111111,-0.0222222,0.0188889,-0.0485229,0.0869141,-0.955505,0.277588
1661871397,943078142,0.05,0.12,-0.01,0,-0.0144444,0.0233333,-0.048584,0.0869141,-0.955505,0.27771
1661871397,953081033,-0.03,-0.01,-0.06,0,-0.0122222,0.01,-0.048645,0.0869141,-0.955505,0.277771
1661871397,963077535,-0.02,0,-0.04,-0.00555556,-0.0111111,-0.00222222,-0.0487061,0.086853,-0.955505,0.277771
1661871397,973082962,-0.02,0,-0.04,-0.00444444,-0.01,-0.00222222,-0.0487671,0.086853,-0.955444,0.277771
1661871397,983081352,-0.03,-0.04,-0.04,-0.00444444,-0.00555556,-0.00222222,-0.0487671,0.086853,-0.955444,0.277771
1661871397,993086557,-0.02,-0.04,-0.04,-0.00666667,0.00111111,0.00222222,-0.0487671,0.086853,-0.955444,0.277771
1661871398,3080411,-0.01,-0.01,-0.04,0,0.00111111,0.00888889,-0.0487671,0.086853,-0.955444,0.277771
1661871398,13086080,-0.04,0.07,-0.1,0.00222222,0.0122222,0.0144444,-0.0487061,0.0869141,-0.955444,0.277832
1661871398,23082491,-0.04,0.07,-0.1,0.00888889,0.0188889,0.0188889,-0.048584,0.0869141,-0.955444,0.277893
1661871398,33085882,-0.02,-0.01,-0.04,0.00777778,0.0155556,0.0144444,-0.0485229,0.0869751,-0.955444,0.277954
1661871398,43080274,-0.04,0.03,-0.08,0.00666667,0.00555556,0.00333333,-0.0485229,0.0869751,-0.955444,0.277954
1661871398,53080536,-0.04,0.02,-0.07,0.00666667,0.00444444,0.00111111,-0.0485229,0.0869751,-0.955444,0.277954
1661871398,63081965,-0.02,0,-0.03,0.00666667,0.00444444,0.00222222,-0.0485229,0.0869751,-0.955444,0.277954
1661871398,73085560,-0.02,0,-0.03,0,0.00777778,0.00222222,-0.0485229,0.0869751,-0.955444,0.277954
1661871398,83071008,0.01,0.06,-0.03,0,0.00555556,0,-0.0485229,0.0869751,-0.955444,0.277954
1661871398,93068844,-0.07,-0.02,-0.08,0,0.0111111,-0.00333333,-0.0484619,0.0869751,-0.955444,0.277954
1661871398,103067514,-0.15,-0.12,-0.14,0.00222222,0.0233333,-0.02,-0.0483398,0.0869751,-0.955444,0.277832
1661871398,113068461,-0.03,0.01,-0.07,0.00555556,0.0222222,-0.03,-0.0482178,0.0870361,-0.955505,0.27771
1661871398,123068908,-0.03,0.01,-0.07,0.00888889,0.0166667,-0.0211111,-0.0481567,0.0870361,-0.955505,0.277588
1661871398,133071763,-0.05,-0.03,-0.06,0.00888889,0,-0.00111111,-0.0481567,0.0870361,-0.955505,0.277588
1661871398,143069266,-0.04,0.09,-0.13,0.0166667,-0.00555556,-0.00111111,-0.0481567,0.0869751,-0.955566,0.277588
1661871398,153072879,-0.04,0.08,-0.11,0.0511111,-0.0155556,-0.0133333,-0.0481567,0.086731,-0.955566,0.277527
1661871398,163070327,0,-0.01,0,0.0788889,-0.0255556,-0.0288889,-0.0481567,0.0863037,-0.955627,0.277466
1661871398,173071255,0,-0.01,0,0.0611111,-0.0266667,-0.0322222,-0.0482178,0.0859985,-0.955688,0.277344
1661871398,183068258,-0.06,0.04,-0.1,0.0188889,-0.0155556,-0.0144444,-0.0482788,0.0858765,-0.95575,0.277283
1661871398,193071798,-0.01,-0.06,-0.01,0,0,0.00222222,-0.0482788,0.0858765,-0.95575,0.277283
1661871398,203067819,-0.01,-0.12,0.03,0,0.00333333,0.00111111,-0.0482788,0.0858765,-0.95575,0.277283
1661871398,213072137,-0.05,0.04,-0.12,0.00111111,0.00111111,-0.00222222,-0.0482788,0.0858765,-0.95575,0.277283
1661871398,223067214,-0.05,0.04,-0.12,0.0222222,0.00666667,0.00333333,-0.0482178,0.0857544,-0.95575,0.277283
1661871398,233068624,-0.02,0,-0.07,0.0466667,0.00555556,0,-0.0481567,0.0855713,-0.95575,0.277283
1661871398,243068534,0.03,0.06,-0.02,0.0677778,-0.00666667,-0.0155556,-0.0480957,0.0852661,-0.955811,0.277222
1661871398,253070889,-0.05,0.01,-0.04,0.0677778,-0.00444444,-0.0244444,-0.0480347,0.0848999,-0.955872,0.2771
1661871398,263068429,-0.09,-0.02,-0.11,0.0577778,0.0155556,-0.0244444,-0.0478516,0.0846558,-0.955933,0.276978
1661871398,273071450,-0.09,-0.02,-0.11,0.0577778,0.0322222,-0.0244444,-0.0476074,0.0844116,-0.955994,0.276917
1661871398,283069212,-0.05,-0.01,-0.06,0.0655556,0.0311111,-0.0233333,-0.0474243,0.0841675,-0.956055,0.276794
1661871398,293068974,0,0.03,-0.02,0.0588889,0.0266667,-0.0111111,-0.0471802,0.0839233,-0.956116,0.276733
1661871398,303068810,0,0.06,-0.03,0.0344444,0.0355556,0.00666667,-0.0469971,0.0838013,-0.956116,0.276733
1661871398,313073405,-0.03,-0.07,-0.01,0.0155556,0.0522222,0.0122222,-0.0466919,0.0838013,-0.956116,0.276733
1661871398,323068427,-0.03,-0.07,-0.01,0.0122222,0.0588889,0,-0.0464478,0.0838623,-0.956177,0.276733
1661871398,333071448,-0.04,0.09,-0.1,0.03,0.0677778,-0.00888889,-0.0460815,0.0838013,-0.956177,0.276733
1661871398,343068802,-0.1,0,-0.06,0.0411111,0.0666667,-0.00555556,-0.0457153,0.0836792,-0.956238,0.276672
1661871398,353068046,-0.05,0.14,-0.17,0.0266667,0.0644444,0,-0.0453491,0.0836182,-0.956238,0.276672
1661871398,363069012,0,0.14,-0.13,0.01,0.0677778,0.0255556,-0.0450439,0.0836792,-0.956238,0.276794
1661871398,373071940,0,0.14,-0.13,0.00444444,0.0544444,0.03,-0.0447388,0.0837402,-0.956177,0.276917
1661871398,383068258,0.01,0,-0.01,0.00777778,0.0377778,0.00444444,-0.0445557,0.0838013,-0.956177,0.276855
1661871398,393072742,0,-0.05,0,0.00666667,0.0366667,-0.0133333,-0.0444336,0.0838623,-0.956238,0.276794
1661871398,403068189,-0.02,0.03,-0.08,0.0144444,0.04,-0.0255556,-0.0441895,0.0838623,-0.956299,0.276672
1661871398,413073914,-0.02,0.03,-0.08,0.0322222,0.0455556,-0.0255556,-0.0439453,0.0837402,-0.95636,0.27655
1661871398,423069862,-0.08,0,-0.1,0.0466667,0.0422222,-0.0311111,-0.0437012,0.0835571,-0.956421,0.276367
1661871398,433067976,-0.15,-0.04,-0.17,0.0466667,0.0388889,-0.0355556,-0.043457,0.083374,-0.956482,0.276184
1661871398,443070478,-0.12,-0.04,-0.1,0.0344444,0.03,-0.0244444,-0.0432739,0.083252,-0.956543,0.276062
1661871398,453070611,-0.05,0.05,-0.12,0.0166667,0.0211111,0,-0.0431519,0.083252,-0.956543,0.276062
1661871398,463071002,-0.03,0.05,-0.09,0.00333333,0.0211111,0.0133333,-0.0430908,0.083252,-0.956543,0.276123
1661871398,473071690,-0.03,0.05,-0.09,0.00111111,0.0144444,0.00666667,-0.0429688,0.083252,-0.956543,0.276123
1661871398,483070563,0.02,0.15,-0.1,0,0.00666667,0,-0.0429688,0.083252,-0.956543,0.276123
1661871398,493071085,0.05,0.09,-0.05,-0.00111111,0.00111111,-0.00888889,-0.0429688,0.083252,-0.956543,0.276123
1661871398,503068662,0.05,0.09,-0.05,-0.00111111,-0.00111111,-0.0311111,-0.0430298,0.083252,-0.956604,0.276001
1661871398,513076516,0.03,-0.04,0,-0.00222222,0,-0.0555556,-0.0430298,0.083252,-0.956665,0.275696
1661871398,523069167,-0.1,0.03,-0.11,0.00111111,0.00888889,-0.0622222,-0.0430298,0.083252,-0.956726,0.275452
1661871398,533074336,-0.06,-0.01,-0.11,0,0.0133333,-0.0522222,-0.0430298,0.083252,-0.956787,0.275208
1661871398,543071524,-0.1,-0.11,-0.07,-0.00222222,0,-0.0544444,-0.0430298,0.083252,-0.956909,0.274902
1661871398,553073231,-0.04,-0.12,-0.02,0,-0.00222222,-0.0388889,-0.0430298,0.083252,-0.95697,0.274719
1661871398,563069326,-0.02,-0.03,-0.01,0,-0.00555556,-0.0133333,-0.0430298,0.083252,-0.95697,0.274658
1661871398,573072644,-0.02,0,-0.02,0.00111111,0.00777778,0.00555556,-0.0430298,0.083252,-0.95697,0.274658
1661871398,583069480,-0.01,-0.01,0,0.00555556,0.0188889,0.0133333,-0.0429688,0.083252,-0.95697,0.274719
1661871398,593070797,-0.01,-0.01,-0.03,0.00888889,0.0177778,0.0155556,-0.0428467,0.083313,-0.956909,0.27478
1661871398,603069263,-0.05,0.03,-0.07,0.0122222,0.0222222,0.0244444,-0.0427246,0.083252,-0.956909,0.274902
