1661854480,54680226,0,0,-0.02,0,0,0.00111111,-0.000976562,0.00775146,-0.373108,0.927734
1661854480,64682021,-0.01,0.02,0,0.00111111,0,0,-0.000976562,0.00775146,-0.373108,0.927734
1661854480,74683946,-0.03,0.06,-0.03,0,0,-0.00111111,-0.000976562,0.00775146,-0.373108,0.927734
1661854480,84680316,0,0.03,-0.02,0,0,0,-0.000976562,0.00775146,-0.373108,0.927734
1661854480,94684186,0.02,0.01,-0.03,0.00222222,-0.00111111,0,-0.000976562,0.00775146,-0.373108,0.927734
1661854480,104679092,0.07,0.01,-0.02,0.00111111,0,0,-0.000976562,0.00775146,-0.373108,0.927734
1661854480,114678925,0.02,0.02,-0.01,0.00333333,0,0,-0.000976562,0.00775146,-0.373108,0.927734
1661854480,124679035,0.03,0,-0.04,0.00444444,-0.00111111,0,-0.000976562,0.00775146,-0.373108,0.927734
1661854480,134678497,0.01,0.03,-0.01,0.00666667,-0.00111111,0,-0.000915527,0.00769043,-0.373108,0.927734
1661854480,144677867,-0.01,0.04,-0.05,0.0111111,0,-0.00111111,-0.000854492,0.00769043,-0.373108,0.927734
1661854480,154684792,-0.01,0.05,-0.02,0.0133333,0,0,-0.000793457,0.00769043,-0.373108,0.927734
1661854480,164679958,0,0.04,-0.02,0.0111111,0,0.00111111,-0.000793457,0.00769043,-0.373108,0.927734
1661854480,174676902,0.02,0.02,-0.05,0.00555556,0,0.00222222,-0.000793457,0.00769043,-0.373108,0.927734
1661854480,184678383,0.03,0.04,-0.04,0.00444444,-0.00111111,0,-0.000793457,0.00769043,-0.373108,0.927734
1661854480,194680475,0.03,0.04,-0.06,0.00333333,-0.00222222,0,-0.000793457,0.00769043,-0.373108,0.927734
1661854480,204679400,0.02,0.02,-0.05,-0.00222222,0,0,-0.000793457,0.00769043,-0.373108,0.927734
1661854480,214678769,0.02,0.03,-0.03,0,0,0,-0.000793457,0.00769043,-0.373108,0.927734
1661854480,224676139,0,0.03,-0.02,-0.00333333,0.00111111,0,-0.000793457,0.00769043,-0.373108,0.927734
1661854480,234677490,0,0,-0.01,-0.00333333,0,-0.00222222,-0.000793457,0.00769043,-0.373108,0.927734
1661854480,244677730,0,0.01,-0.04,-0.00444444,0,0,-0.000793457,0.00769043,-0.373108,0.927734
1661854480,254680544,0.01,0.02,-0.02,0,-0.00111111,0,-0.000793457,0.00769043,-0.373108,0.927734
1661854480,264677395,0.02,0.06,-0.03,0.00111111,0,0,-0.000793457,0.00769043,-0.373108,0.927734
1661854480,274677209,0.02,0.03,-0.03,0.00111111,0.00111111,0.00111111,-0.000793457,0.00769043,-0.373108,0.927734
1661854480,284677709,0.03,0.01,-0.06,0,0.00222222,0,-0.000793457,0.00769043,-0.373108,0.927734
1661854480,294680263,0.02,0.03,-0.03,-0.00333333,0.00111111,0,-0.000793457,0.00769043,-0.373108,0.927734
1661854480,304721392,0.02,0.01,-0.02,-0.00333333,0,-0.00111111,-0.000793457,0.00769043,-0.373108,0.927734
1661854480,314689336,0,0.02,-0.03,0,0.00222222,0,-0.000793457,0.00769043,-0.373108,0.927734
1661854480,324689224,0.03,0.03,-0.03,0.00333333,0.00222222,0,-0.000793457,0.00769043,-0.373108,0.927734
1661854480,334690020,0.01,0.05,-0.01,0.00666667,0,0,-0.000793457,0.00769043,-0.373108,0.927734
1661854480,344691648,0.02,0.01,-0.04,0.00666667,0,0,-0.000793457,0.00769043,-0.373108,0.927734
1661854480,354693314,0.04,-0.02,-0.04,0.00888889,0,0,-0.000732422,0.00762939,-0.373108,0.927734
1661854480,364692091,0.02,0.15,-0.07,0.0144444,-0.00222222,0,-0.000671387,0.00762939,-0.373108,0.927734
1661854480,374689202,0.03,0.02,-0.01,0.0133333,-0.00333333,0,-0.000671387,0.00762939,-0.373108,0.927734
1661854480,384689442,0.01,-0.12,0.04,0,-0.00111111,0.00111111,-0.000732422,0.00762939,-0.373108,0.927734
1661854480,394692830,0,0.13,-0.08,-0.0111111,-0.00333333,0,-0.000732422,0.00762939,-0.373108,0.927734
1661854480,404714847,0,0,0,-0.00222222,0,0,-0.000732422,0.00762939,-0.373108,0.927734
1661854480,414691273,0.03,0.04,-0.03,-0.00444444,0,0.00222222,-0.000732422,0.00762939,-0.373108,0.927734
1661854480,424688754,0.03,0.04,-0.03,0,0,0,-0.000732422,0.00762939,-0.373108,0.927734
1661854480,434691438,0.03,0.02,-0.02,-0.00111111,-0.00222222,0,-0.000732422,0.00762939,-0.373108,0.927734
1661854480,444693567,0.05,0.04,-0.06,0.00111111,-0.00111111,0,-0.000732422,0.00762939,-0.373108,0.927734
1661854480,454693974,0.02,0.01,-0.02,0,-0.00111111,0,-0.000732422,0.00762939,-0.373108,0.927734
1661854480,464692084,0.02,0.04,-0.04,0,0.00111111,0,-0.000732422,0.00762939,-0.373108,0.927734
1661854480,474689713,0.02,0.04,-0.04,0,0,0,-0.000732422,0.00762939,-0.373108,0.927734
1661854480,484691268,0.01,0.07,-0.03,0.00111111,0,0,-0.000732422,0.00762939,-0.373108,0.927734
1661854480,494693841,0,0.06,-0.04,0.00222222,0,0,-0.000732422,0.00762939,-0.373108,0.927734
1661854480,504716858,0.02,0.03,-0.04,-0.00111111,0,0,-0.000732422,0.00762939,-0.373108,0.927734
1661854480,514688432,0.04,0.02,-0.02,0,0,0.00111111,-0.000732422,0.00762939,-0.373108,0.927734
1661854480,524689635,0.04,0.02,-0.02,0.00111111,0.00222222,0.00111111,-0.000732422,0.00762939,-0.373108,0.927734
1661854480,534690227,0.02,0.03,-0.03,0.00111111,0,0,-0.000732422,0.00762939,-0.373108,0.927734
1661854480,544692319,0.03,0.06,-0.05,0,0.00555556,0,-0.000732422,0.00762939,-0.373108,0.927734
1661854480,554693077,0.02,0.05,-0.06,-0.00333333,0,0,-0.000732422,0.00762939,-0.373108,0.927734
1661854480,564693114,0,0.04,-0.03,-0.00666667,0,0,-0.000793457,0.00769043,-0.373108,0.927734
1661854480,574688854,0,0,-0.03,-0.0111111,-0.00111111,0,-0.000793457,0.00769043,-0.373108,0.927734
1661854480,584690094,0.01,0.03,-0.03,-0.00777778,0,0,-0.000793457,0.00769043,-0.373108,0.927734
1661854480,594692260,0.03,-0.18,0.02,0,0,0,-0.000793457,0.00769043,-0.373108,0.927734
1661854480,604717092,-0.4,-0.56,-0.04,0.00666667,0.00111111,0,-0.000793457,0.00769043,-0.373108,0.927734
1661854480,614692647,0.35,0.14,-0.01,0.00666667,0.00111111,0,-0.000854492,0.00769043,-0.371643,0.928345
1661854480,624688461,0.35,0.14,-0.01,-0.02,0.00111111,0.316667,-0.000854492,0.00769043,-0.371643,0.928345
1661854480,634691386,0.2,0.05,0,0,0,0.228889,-0.000854492,0.00769043,-0.370667,0.928772
1661854480,644690237,0.14,0.19,-0.04,0,0,0.228889,-0.000854492,0.00769043,-0.369629,0.929138
1661854480,654692718,0.09,0.15,-0.03,-0.00222222,0,0.204444,-0.000793457,0.00769043,-0.368347,0.929626
1661854480,664692995,0.04,0.12,-0.09,-0.00111111,0.00222222,0.07,-0.000793457,0.00769043,-0.368225,0.929688
1661854480,674689698,0.04,0.12,-0.09,-0.00666667,0,0.0377778,-0.000793457,0.00769043,-0.368225,0.929688
1661854480,684690179,-0.03,0.04,-0.04,-0.0166667,0,0.00666667,-0.000976562,0.00775146,-0.368225,0.929688
1661854480,694692734,0.03,0.01,-0.07,-0.0122222,-0.00111111,-0.00888889,-0.0010376,0.00775146,-0.368286,0.929688
1661854480,704716010,0.05,0.04,0.01,-0.0111111,0,-0.0122222,-0.0010376,0.0078125,-0.368347,0.929688
1661854480,714689955,0,0,-0.03,-0.0111111,0,-0.0122222,-0.0010376,0.0078125,-0.368408,0.929626
1661854480,724688695,0,0,-0.03,-0.00444444,-0.00333333,-0.0222222,-0.0010376,0.0078125,-0.368408,0.929626
1661854480,734688990,0.03,-0.04,0,-0.00111111,0,-0.0188889,-0.0010376,0.0078125,-0.36853,0.929565
1661854480,744692730,-0.02,0.08,-0.07,0.00888889,0.00111111,0,-0.000915527,0.00775146,-0.36853,0.929565
1661854480,754690452,0.02,0.17,-0.08,0.0322222,0.00111111,0.00111111,-0.000793457,0.00769043,-0.368469,0.929626
1661854480,764692321,0.05,0.06,-0.06,0.0233333,-0.00333333,0.0144444,-0.000793457,0.00769043,-0.368347,0.929626
1661854480,774689358,0.05,0.06,-0.06,0.00333333,0.00111111,0.0188889,-0.000793457,0.00769043,-0.368347,0.929626
1661854480,784690561,0.03,0.04,-0.03,0.00222222,0,0.00444444,-0.000793457,0.00769043,-0.368347,0.929626
1661854480,794691449,0.01,0.01,-0.02,0.00222222,0,0.00444444,-0.000793457,0.00769043,-0.368347,0.929626
1661854480,804839631,0,-0.07,-0.02,0.00111111,-0.00222222,0,-0.000793457,0.00769043,-0.368347,0.929626
1661854480,814690392,0.1,0.07,-0.03,0,0,0,-0.000793457,0.00769043,-0.368286,0.929688
1661854480,824686409,0.1,0.07,-0.03,0.00333333,-0.00333333,0.0166667,-0.000793457,0.00769043,-0.368286,0.929688
1661854480,834687761,0.01,0.02,-0.01,0,-0.00333333,0.00444444,-0.000793457,0.00769043,-0.368286,0.929688
1661854480,844689112,0,0.02,-0.05,0,-0.00444444,0.00444444,-0.000793457,0.00769043,-0.368286,0.929688
1661854480,854688611,-0.04,0.03,-0.06,0,0,0.00777778,-0.000793457,0.00769043,-0.368225,0.929688
1661854480,864688518,-0.01,0.02,-0.02,-0.00111111,0,0.0111111,-0.000793457,0.00769043,-0.368164,0.929749
1661854480,874686110,-0.01,0.02,-0.02,-0.00111111,0,0.0111111,-0.000793457,0.00769043,-0.368164,0.929749
1661854480,884690072,0.03,0.03,-0.02,-0.00555556,-0.00222222,0.0133333,-0.000793457,0.00769043,-0.368103,0.929749
1661854480,894689145,0.03,0.05,-0.05,-0.00666667,0,-0.00555556,-0.000793457,0.00769043,-0.368103,0.929749
1661854480,904689292,0.04,0.06,-0.06,-0.00666667,0,-0.00555556,-0.000793457,0.00769043,-0.368164,0.929749
1661854480,914689125,0.03,0.02,-0.02,-0.00555556,-0.00444444,-0.0155556,-0.000793457,0.00769043,-0.368164,0.929749
1661854480,924685495,0.03,0.02,-0.02,-0.00666667,-0.00111111,-0.0211111,-0.000793457,0.00769043,-0.368286,0.929688
1661854480,934686235,0.03,0,-0.01,-0.00555556,-0.00222222,-0.0255556,-0.000793457,0.00769043,-0.368408,0.929626
1661854480,944689752,0.17,0.08,-0.01,-0.00555556,-0.00222222,-0.0255556,-0.000793457,0.00769043,-0.36853,0.929565
1661854480,954687974,0.02,0.02,-0.03,0,0,-0.0266667,-0.000793457,0.00769043,-0.368652,0.929565
1661854480,964689899,0,0.05,-0.06,0.00222222,0,-0.0144444,-0.000793457,0.00769043,-0.368713,0.929504
1661854480,974686676,0,0.05,-0.06,0.00222222,0,-0.0144444,-0.000793457,0.00769043,-0.368774,0.929504
1661854480,984690416,0.02,0.03,-0.02,-0.00444444,0,0.0233333,-0.000793457,0.00769043,-0.368652,0.929504
1661854480,994692730,0.15,0.11,-0.04,-0.00444444,0,0.0233333,-0.000793457,0.00769043,-0.36853,0.929565
1661854481,4690822,-0.01,0.02,-0.03,-0.00222222,0.00333333,0.0177778,-0.000793457,0.00769043,-0.368469,0.929626
1661854481,14692358,-0.03,0.02,-0.01,-0.00333333,0,0.00555556,-0.000793457,0.00769043,-0.368469,0.929626
1661854481,24688450,-0.03,0.02,-0.01,-0.00777778,0,0,-0.000793457,0.00769043,-0.368469,0.929626
1661854481,34691098,-0.15,0,0,-0.00777778,0,-0.0211111,-0.000793457,0.00769043,-0.368591,0.929565
1661854481,44689967,-0.04,0,-0.04,-0.00777778,0,-0.0211111,-0.000793457,0.00769043,-0.368652,0.929504
1661854481,54692689,0.03,0.01,-0.02,-0.00777778,0,-0.01,-0.000793457,0.00769043,-0.368713,0.929504
1661854481,64689596,0.05,0.03,-0.03,-0.01,-0.00222222,0.0222222,-0.000854492,0.00769043,-0.368591,0.929565
1661854481,74689595,0.05,0.03,-0.03,-0.00444444,0,0.0477778,-0.000854492,0.00769043,-0.368408,0.929626
1661854481,84690113,0.09,0.05,-0.02,-0.00222222,0.00111111,0.0944444,-0.000854492,0.00769043,-0.367981,0.92981
1661854481,94692371,0.12,0.02,-0.04,-0.00222222,0.00111111,0.0944444,-0.000854492,0.00769043,-0.367554,0.929993
1661854481,104693593,0.07,0.03,-0.01,-0.00222222,0,0.101111,-0.000854492,0.00769043,-0.367065,0.930176
1661854481,114692814,0.1,0.04,-0.03,-0.00111111,0,0.0822222,-0.000854492,0.00769043,-0.366699,0.930298
1661854481,124688073,0.1,0.04,-0.03,-0.00333333,0.00333333,0.0466667,-0.000854492,0.00775146,-0.366516,0.930359
1661854481,134690072,0.06,0.04,0,-0.00333333,0.00333333,0.00222222,-0.000854492,0.00775146,-0.366516,0.930359
1661854481,144692997,0.03,0.04,-0.04,-0.00333333,0.00333333,0.00222222,-0.000854492,0.00775146,-0.366516,0.930359
1661854481,154692163,0.02,0.04,-0.02,-0.00555556,0.00333333,-0.00666667,-0.000854492,0.00775146,-0.366516,0.930359
1661854481,164689218,0.04,0.09,-0.01,-0.00555556,0.00333333,-0.0122222,-0.000854492,0.00769043,-0.366577,0.930359
1661854481,174691995,0.04,0.09,-0.01,-0.00555556,0.00666667,-0.0111111,-0.000854492,0.00769043,-0.366638,0.930359
1661854481,184691939,-0.04,-0.02,-0.03,-0.01,0.0166667,-0.00666667,-0.000854492,0.0078125,-0.366638,0.930359
1661854481,194692735,-0.02,-0.04,-0.05,-0.01,0.0166667,-0.00666667,-0.000854492,0.00793457,-0.366638,0.930359
1661854481,204692975,0.27,0.21,0,-0.00444444,0.00666667,-0.00555556,-0.000854492,0.00793457,-0.366638,0.930359
1661854481,214689733,0.03,0.05,-0.02,0.00444444,-0.00444444,0,-0.000854492,0.00793457,-0.366638,0.930359
1661854481,224685325,0.03,0.05,-0.02,0.0277778,-0.0233333,0.00555556,-0.000793457,0.00775146,-0.366638,0.930359
1661854481,234648585,0.02,0.03,-0.03,0.00444444,0,0.00333333,-0.000793457,0.00775146,-0.366638,0.930359
1661854481,244691731,0,0.05,-0.03,0.00444444,0,0.00333333,-0.000793457,0.00775146,-0.366638,0.930359
1661854481,254688897,-0.01,0.05,-0.03,0.00111111,0,0.00111111,-0.000793457,0.00775146,-0.366638,0.930359
1661854481,264685841,-0.03,0.07,-0.02,0,0.00222222,-0.00222222,-0.000793457,0.00775146,-0.366638,0.930359
1661854481,274686729,-0.03,0.07,-0.02,0,0.00111111,0.00333333,-0.000793457,0.00775146,-0.366638,0.930359
1661854481,284689951,0.03,0,-0.04,-0.0111111,0.00111111,0.00555556,-0.000854492,0.00775146,-0.366638,0.930359
1661854481,294689839,0,-0.03,-0.03,-0.0111111,0.00111111,0.00555556,-0.000915527,0.0078125,-0.366638,0.930359
1661854481,304688616,0.02,0.05,-0.01,-0.00555556,0,0.00111111,-0.000915527,0.0078125,-0.366638,0.930359
1661854481,314693319,0,0.06,-0.02,0,-0.00222222,0.00222222,-0.000915527,0.0078125,-0.366638,0.930359
1661854481,324690263,0,0.06,-0.02,-0.00111111,0.00111111,0.01,-0.000915527,0.0078125,-0.366577,0.930359
1661854481,334695410,-0.02,0.04,-0.04,-0.00888889,0.0122222,0.0244444,-0.000854492,0.00787354,-0.366455,0.93042
1661854481,344693669,0.03,0.01,-0.07,-0.00888889,0.0122222,0.0244444,-0.000854492,0.00793457,-0.366333,0.93042
1661854481,354695557,0.02,0.06,-0.04,-0.0111111,0.0166667,0.0277778,-0.000854492,0.00799561,-0.366211,0.930481
1661854481,364692982,0.08,0.09,0,-0.00555556,0.00666667,0.0211111,-0.000854492,0.00799561,-0.366089,0.930542
1661854481,374692130,0.08,0.09,0,-0.00222222,0,0.0133333,-0.000854492,0.00799561,-0.366028,0.930542
1661854481,384691573,-0.1,0.32,0.1,-0.00666667,0.00666667,0.00555556,-0.000854492,0.00799561,-0.366028,0.930542
1661854481,394691536,-0.07,0.04,0.01,-0.0177778,0.0388889,-0.00222222,-0.000915527,0.00823975,-0.366028,0.930542
1661854481,404692850,-0.07,-0.14,-0.12,-0.03,0.0866667,0.0211111,-0.000854492,0.00866699,-0.365967,0.930603
1661854481,414688071,-0.02,-0.04,-0.08,-0.0233333,0.113333,0.0777778,-0.000793457,0.00921631,-0.365601,0.930725
1661854481,424685756,-0.02,-0.04,-0.08,-0.0322222,0.0844444,0.0544444,-0.000793457,0.00964355,-0.365356,0.930847
1661854481,434691922,0,0,-0.04,-0.0288889,0.0444444,0.0155556,-0.000854492,0.00994873,-0.365295,0.930847
1661854481,444687829,0,0.01,-0.05,-0.0288889,0.0444444,0.0155556,-0.000854492,0.0101929,-0.365173,0.930847
1661854481,454690420,0.05,0.08,0.06,-0.0255556,0.0233333,0.0222222,-0.000976562,0.0103149,-0.365112,0.930908
1661854481,464689142,0.06,0.17,-0.02,-0.0266667,0.0155556,0.0222222,-0.0010376,0.010437,-0.36499,0.930969
1661854481,474689956,0.06,0.17,-0.02,-0.0111111,0.0311111,0.0277778,-0.0010376,0.0106201,-0.364868,0.93103
1661854481,484688863,0,0,0.02,-0.0255556,0.0488889,0.0444444,-0.00109863,0.0109253,-0.364624,0.931091
1661854481,494690436,-0.01,-0.02,0,-0.0433333,0.0644444,0.0333333,-0.00115967,0.0112915,-0.364502,0.931152
1661854481,504690695,0.06,0.08,-0.02,-0.0633333,0.0755556,0.0222222,-0.00128174,0.0117188,-0.36438,0.931152
1661854481,514692953,0.08,0.05,0.02,-0.0677778,0.0677778,0.0133333,-0.00152588,0.012146,-0.364319,0.931213
1661854481,524690397,0.08,0.05,0.02,-0.0811111,0.0444444,0.00777778,-0.00177002,0.0125122,-0.364319,0.931213
1661854481,534695211,0.11,0.07,0.08,-0.0855556,0.0488889,0.0144444,-0.0020752,0.0128784,-0.364258,0.931213
1661854481,544694581,0.12,0.18,0.07,-0.0711111,0.0844444,0.0177778,-0.0022583,0.0133667,-0.364136,0.931213
1661854481,554696932,0.05,-0.22,0.15,-0.0522222,0.123333,0.0333333,-0.0022583,0.0140381,-0.364014,0.931274
1661854481,564694579,-0.08,-0.06,0.12,-0.0566667,0.165556,0.0655556,-0.0022583,0.0148926,-0.363708,0.931396
1661854481,574692319,-0.08,-0.06,0.12,-0.0777778,0.168889,0.0633333,-0.0022583,0.0158081,-0.363403,0.931519
1661854481,584690134,-0.11,-0.12,0.22,-0.0455556,0.182222,0.0533333,-0.00213623,0.0167236,-0.363159,0.93158
1661854481,594692577,-0.04,-0.02,0.15,-0.0511111,0.164444,0.0433333,-0.0020752,0.0175171,-0.362976,0.931641
1661854481,604694910,0,0.04,0.26,-0.0588889,0.137778,0.0322222,-0.00213623,0.0182495,-0.362793,0.931702
1661854481,614693409,0.05,0.13,0.16,-0.0822222,0.151111,0.0333333,-0.0022583,0.019104,-0.362671,0.931702
1661854481,624688779,0.05,0.13,0.16,-0.0577778,0.148889,0.0266667,-0.00219727,0.0198975,-0.362549,0.931763
1661854481,634694982,-0.09,0,0.42,-0.0288889,0.134444,0.05,-0.00213623,0.0205078,-0.362305,0.931824
1661854481,644692963,-0.19,-0.03,0.51,-0.0211111,0.14,0.07,-0.00195312,0.0211792,-0.362,0.931946
1661854481,654692221,-0.09,0.14,0.5,-0.0211111,0.118889,0.0577778,-0.00183105,0.0217896,-0.361694,0.932007
1661854481,664692276,-0.17,0.08,0.93,-0.0244444,0.0955556,0.0277778,-0.00177002,0.0222778,-0.361572,0.932068
1661854481,674692738,-0.17,0.08,0.93,-0.0744444,0.0655556,-0.00777778,-0.00201416,0.0227051,-0.361572,0.932068
1661854481,684690404,0.03,0.13,0.95,-0.101111,0,-0.0522222,-0.00250244,0.0228882,-0.361816,0.931946
1661854481,694693996,0.18,0.08,0.99,-0.09,-0.0177778,0.0355556,-0.00292969,0.0229492,-0.361633,0.932007
1661854481,704692903,0.1,-0.04,0.94,-0.0588889,0.0444444,0.11,-0.00311279,0.0232544,-0.361145,0.932251
1661854481,714692495,0.1,-0.04,0.94,-0.0288889,0.0755556,0.103333,-0.00305176,0.0236206,-0.360657,0.932373
1661854481,724689476,-0.4,-0.26,1.19,-0.0122222,0.0477778,0.116667,-0.00305176,0.0238647,-0.360107,0.932617
1661854481,734692697,0.11,0.12,1.03,-0.04,0.0166667,0.1,-0.00317383,0.0240479,-0.35968,0.932739
1661854481,744695845,-0.28,-0.08,1.15,-0.104444,0.0444444,0.06,-0.00354004,0.0244141,-0.359375,0.932861
1661854481,754694548,0.27,0.07,0.84,-0.164444,0.0677778,-0.0566667,-0.00421143,0.0250244,-0.359619,0.932739
1661854481,764692473,-0.08,0.07,0.75,-0.202222,0.07,-0.162222,-0.00500488,0.0256958,-0.360352,0.932434
1661854481,774702565,0.39,0.93,0.81,-0.198889,0.0166667,-0.173333,-0.00592041,0.026123,-0.361084,0.932129
1661854481,784689990,0.12,-0.94,0.75,-0.164444,0,-0.118889,-0.00665283,0.0264282,-0.361633,0.931946
1661854481,794693582,-0.15,0.74,1.1,-0.172222,0.07,-0.116667,-0.00732422,0.0270386,-0.362122,0.931702
1661854481,804702340,-0.23,-0.99,0.62,-0.157778,0.0844444,-0.116667,-0.00793457,0.0276489,-0.36261,0.931519
1661854481,814693840,-0.34,-0.03,0.64,-0.185556,0.0711111,-0.157778,-0.00866699,0.0283203,-0.363342,0.931213
1661854481,824690469,0.57,-0.13,0.82,-0.248889,0.126667,-0.125556,-0.00958252,0.0292969,-0.363892,0.930969
1661854481,834695227,-0.78,-0.26,0.6,-0.283333,0.206667,-0.204444,-0.010498,0.0307617,-0.364746,0.930542
1661854481,844697338,-0.09,-0.47,0.59,-0.277778,0.206667,-0.116667,-0.0114136,0.0321655,-0.365234,0.930298
1661854481,854695596,1.01,0.19,0.17,-0.274444,0.218889,-0.0366667,-0.0122681,0.0336304,-0.365356,0.930176
1661854481,864690058,0.08,-0.34,0.68,-0.261111,0.232222,0.09,-0.0130005,0.0351562,-0.364929,0.930298
1661854481,874691724,0.53,0.09,0.45,-0.262222,0.222222,0.113333,-0.0137939,0.0366211,-0.36438,0.93042
1661854481,884690131,-0.36,-0.26,0.62,-0.236667,0.215556,0.254444,-0.0144653,0.0380249,-0.36322,0.930786
1661854481,894694019,0.02,0.04,0.52,-0.287778,0.278889,0.233333,-0.0151978,0.0397949,-0.362122,0.931152
1661854481,904693259,-0.16,0.4,0.38,-0.3,0.317778,0.167778,-0.0159912,0.0418091,-0.361328,0.931335
1661854481,914692462,0.53,0.7,0.36,-0.304444,0.243333,0.0355556,-0.0169067,0.043396,-0.361145,0.931335
1661854481,924690054,0.31,0.37,0.39,-0.252222,0.00333333,-0.0666667,-0.0180664,0.0438843,-0.361389,0.931213
1661854481,934693035,0.04,0.16,0.52,-0.255556,0.0433333,-0.114444,-0.019165,0.0444946,-0.361877,0.930969
1661854481,944694294,-0.29,0.01,0.71,-0.263333,0.125556,-0.105556,-0.0201416,0.0455322,-0.362305,0.930725
1661854481,954695867,-0.41,-0.13,0.75,-0.305556,0.146667,-0.104444,-0.0213013,0.0466919,-0.362671,0.930481
1661854481,964690626,0.07,-0.22,0.54,-0.372222,0.141111,-0.113333,-0.0227661,0.0479736,-0.363159,0.930237
1661854481,974691921,-0.12,-0.26,0.46,-0.421111,0.112222,-0.153333,-0.0244751,0.0491943,-0.36377,0.929871
1661854481,984689995,0.24,-0.04,0.22,-0.435556,0.0922222,-0.104444,-0.0263062,0.050415,-0.364136,0.929626
1661854481,994695179,-0.1,-0.16,0.13,-0.418889,0.0788889,-0.0111111,-0.0280762,0.0514526,-0.364075,0.929504
1661854482,4695752,-0.24,0.09,0.27,-0.4,0.0555556,0.0566667,-0.0297852,0.0524292,-0.363708,0.929565
1661854482,14692233,-0.11,0.33,0.23,-0.382222,0.08,0.0644444,-0.031311,0.0534668,-0.363342,0.929565
1661854482,24690010,-0.16,0.08,0.28,-0.401111,0.136667,0.0544444,-0.0328979,0.0548096,-0.363037,0.929565
1661854482,34709158,-0.51,-0.15,0.31,-0.448889,0.0844444,-0.0888889,-0.03479,0.0559692,-0.363342,0.929321
1661854482,44702620,-0.03,0.09,-0.1,-0.456667,0.00777778,-0.198889,-0.0368652,0.0567627,-0.364075,0.928894
1661854482,54693323,-0.22,-0.04,-0.02,-0.468889,-0.0444444,-0.266667,-0.0391235,0.057312,-0.365173,0.928345
1661854482,64690915,-0.48,0.3,-0.11,-0.467778,-0.11,-0.345556,-0.0415649,0.0576172,-0.366577,0.927673
1661854482,74692748,-0.28,0.55,-0.31,-0.436667,-0.127778,-0.31,-0.0438232,0.0577393,-0.367798,0.927063
1661854482,84689858,-0.08,0.38,0.02,-0.428889,-0.22,-0.33,-0.0462036,0.0574341,-0.369141,0.926453
1661854482,94693876,-0.15,0.4,-0.05,-0.43,-0.28,-0.293333,-0.0487671,0.0568848,-0.370239,0.925903
1661854482,104692153,1.38,-0.99,-0.11,-0.418889,-0.348889,-0.33,-0.0513306,0.0559692,-0.371521,0.925293
1661854482,114690893,-0.16,0.56,-0.18,-0.378889,-0.317778,-0.241111,-0.0536499,0.0551758,-0.372437,0.924866
1661854482,124689633,-0.04,-0.82,-0.37,-0.452222,-0.0922222,0.16,-0.0558472,0.0556641,-0.371582,0.925049
1661854482,134691836,0.64,0.54,-0.41,-0.426667,-0.1,0.136667,-0.0578613,0.0559692,-0.370789,0.925232
1661854482,144692595,0.2,0.15,-0.54,-0.398889,-0.0755556,0.0588889,-0.0598145,0.0563965,-0.370422,0.925232
1661854482,154695298,0.18,0.48,-0.59,-0.362222,-0.151111,-0.0133333,-0.0617065,0.0563354,-0.3703,0.92511
1661854482,164692149,0.33,0.21,-0.62,-0.295556,-0.208889,0,-0.0634155,0.0559692,-0.370178,0.92511
1661854482,174691297,-0.16,-0.33,-0.66,-0.291111,-0.198889,-0.0277778,-0.0650635,0.055542,-0.370178,0.924988
1661854482,184690648,-0.19,-0.2,-0.28,-0.363333,-0.144444,-0.114444,-0.0669556,0.055542,-0.370544,0.924744
1661854482,194693740,-0.09,-0.17,-0.6,-0.443333,-0.166667,-0.208889,-0.0693359,0.055542,-0.371277,0.924255
1661854482,204693480,0.04,0.2,-0.86,-0.497778,-0.166667,-0.221111,-0.0718994,0.055603,-0.37207,0.923706
1661854482,214691887,0.03,0.34,-1.14,-0.564444,-0.0744444,-0.191111,-0.074646,0.0562134,-0.372803,0.923218
1661854482,224689590,0.17,0.29,-1.35,-0.585556,0.0566667,-0.116667,-0.0771484,0.0574951,-0.373169,0.922791
1661854482,234694811,0.71,0.61,-1.47,-0.55,0.126667,-0.0244444,-0.0794067,0.059021,-0.373169,0.922485
1661854482,244694440,0.03,0.34,-1.72,-0.475556,0.124444,0.02,-0.0812988,0.0604248,-0.372986,0.922302
1661854482,254694921,0.09,0.37,-1.58,-0.386667,0.0755556,0.00666667,-0.0828857,0.0614624,-0.372925,0.922119
1661854482,264692698,-0.18,0.2,-1.59,-0.293333,-0.0433333,0.0388889,-0.0842896,0.0618286,-0.37262,0.922058
1661854482,274690901,0.01,-0.36,-1.65,-0.251111,-0.145556,0.0377778,-0.0856323,0.0616455,-0.372314,0.922119
1661854482,284690271,0.05,0.16,-1.24,-0.251111,-0.18,0.00888889,-0.0870972,0.0612793,-0.372131,0.922058
1661854482,294691178,0.13,0.29,-1.32,-0.277778,-0.154444,0.0366667,-0.088623,0.0611572,-0.371826,0.922058
1661854482,304688511,0.06,0.61,-1.13,-0.326667,0.0133333,0.0566667,-0.0900269,0.0618286,-0.371521,0.921997
1661854482,314691788,-0.31,0.22,-1.37,-0.308889,0.11,0.108889,-0.0911865,0.0629272,-0.370972,0.921997
1661854482,324689898,-0.18,0.14,-1.01,-0.257778,0.105556,0.104444,-0.0921021,0.0639038,-0.370483,0.922058
1661854482,334693823,0.29,0.23,-0.9,-0.17,-0.0522222,0.0777778,-0.0929565,0.0639648,-0.370056,0.922119
1661854482,344693063,-0.02,-0.42,-0.96,-0.0877778,-0.253333,0,-0.09375,0.0629883,-0.369873,0.92218
1661854482,354695155,-0.52,-0.92,-0.49,-0.105556,-0.304444,-0.134444,-0.0948486,0.0617676,-0.370361,0.921997
1661854482,364693266,-0.81,0.65,0.29,0.118889,-0.39,-0.0111111,-0.0950317,0.0598145,-0.370239,0.922119
1661854482,374691617,-0.4,0.51,-0.89,0.277778,-0.394444,0.27,-0.0944214,0.0576782,-0.368958,0.922852
1661854482,384692765,2.07,1.28,-1.01,0.218889,-0.0811111,0.475556,-0.0934448,0.0571289,-0.366821,0.923828
1661854482,394692097,0.83,0.65,-1.33,0.0855556,0.0777778,0.437778,-0.0927734,0.0575562,-0.364929,0.924622
1661854482,404693097,0.38,0.07,-0.14,-0.0188889,-0.0333333,0.0877778,-0.0928955,0.0574341,-0.364502,0.924744
1661854482,414691540,0.17,0.57,-0.45,0.0144444,-0.307778,0.123333,-0.0933228,0.0560913,-0.363831,0.925049
1661854482,424689132,1.03,0.13,-0.65,0.107778,-0.274444,0.171111,-0.0933228,0.0547485,-0.362976,0.925476
1661854482,434694095,0.08,-0.05,-0.11,0.117778,0.00888889,0.215556,-0.0927124,0.0546265,-0.362,0.925964
1661854482,444693335,-0.58,-0.43,0.02,0.0977778,0.432222,0.217778,-0.0914307,0.0565186,-0.361267,0.92627
1661854482,454694519,-0.59,-0.65,0.14,0.0111111,0.645556,0.167778,-0.09021,0.0594482,-0.360779,0.926392
1661854482,464689500,-0.23,-0.35,0.1,-0.0211111,0.52,0.04,-0.0894165,0.0618286,-0.36084,0.92627
1661854482,474692722,-0.11,0.11,-0.41,-0.01,0.341111,-0.0577778,-0.0888672,0.0633545,-0.361267,0.926086
1661854482,484691851,-0.45,-0.45,0.06,-0.173333,0.284444,-0.11,-0.0891724,0.0648804,-0.361816,0.92572
1661854482,494690387,-0.77,-0.93,0.44,-0.391111,0.256667,-0.21,-0.0905762,0.0666504,-0.362732,0.92511
1661854482,504693905,-0.11,0.55,-0.16,-0.323333,0.0144444,-0.308889,-0.0921021,0.0671387,-0.364014,0.924377
1661854482,514694423,0.47,0.3,0.36,-0.258889,-0.331111,-0.356667,-0.0939331,0.065979,-0.365356,0.923767
1661854482,524691200,0.15,0.23,0.11,-0.351111,-0.497778,-0.344444,-0.0964966,0.064209,-0.366577,0.923157
1661854482,534692273,0.31,0.12,0.27,-0.404444,-0.46,-0.3,-0.0992432,0.0627441,-0.367554,0.922546
1661854482,544695402,0.96,1.07,-0.28,-0.358889,-0.324444,-0.221111,-0.101501,0.0618286,-0.368286,0.922058
1661854482,554694513,0.41,0.84,-0.41,-0.264444,-0.138889,-0.0511111,-0.102905,0.0616455,-0.368408,0.921875
1661854482,564689012,-0.06,0.32,-0.11,-0.151111,0.0355556,0.202222,-0.103455,0.0621948,-0.367432,0.92218
1661854482,574693419,-0.19,-0.27,-0.05,-0.0233333,0.16,0.297778,-0.10321,0.0631104,-0.366211,0.922668
1661854482,584691288,0.3,-0.19,0,-0.0111111,0.217778,0.152222,-0.102844,0.0641479,-0.365601,0.922852
1661854482,594695436,0.24,-0.03,-0.06,-0.0411111,0.104444,0.09,-0.102783,0.0647583,-0.365234,0.922974
1661854482,604694361,-0.57,-0.03,0.45,0.00888889,-0.0344444,0.08,-0.102844,0.0646362,-0.364868,0.923096
1661854482,614697453,-0.31,0,0.27,0.06,-0.138889,0.0811111,-0.102783,0.0639648,-0.364441,0.92334
1661854482,624694175,-0.15,0,0.17,0.00222222,-0.227778,0.0322222,-0.10321,0.0629272,-0.364197,0.923462
1661854482,634697655,0.25,0.22,-0.05,-0.0533333,-0.287778,-0.0111111,-0.103943,0.0617065,-0.364075,0.923462
1661854482,644699395,0.33,0.26,-0.08,-0.0788889,-0.373333,0.0155556,-0.104919,0.0601807,-0.363831,0.923584
1661854482,654700154,0.18,0.31,-0.08,-0.152222,-0.38,0.0533333,-0.106262,0.0587769,-0.363342,0.923706
1661854482,664694005,0.29,0.28,-0.24,-0.215556,-0.325556,0.0577778,-0.107788,0.0577393,-0.362854,0.923767
1661854482,674696579,0.32,0.01,-0.12,-0.254444,-0.245556,0.106667,-0.109375,0.0571289,-0.362183,0.923889
1661854482,684694893,-0.12,-0.17,-0.29,-0.254444,-0.125556,0.154444,-0.110657,0.0571289,-0.361328,0.924072
1661854482,694701392,0.05,-0.06,-0.17,-0.151111,-0.0555556,0.191111,-0.111389,0.057251,-0.360413,0.924377
1661854482,704697021,0,-0.06,-0.1,-0.0377778,-0.0733333,0.221111,-0.111633,0.0570679,-0.359375,0.924744
1661854482,714698039,-0.13,-0.02,0.01,0,-0.0966667,0.23,-0.111755,0.0567627,-0.358276,0.925171
1661854482,724693279,-0.1,0.03,0.05,0.00888889,-0.122222,0.235556,-0.111877,0.0563354,-0.357178,0.925598
1661854482,734697945,-0.06,-0.06,0.01,0.0377778,-0.136667,0.236667,-0.111877,0.0557861,-0.356018,0.926086
1661854482,744698963,0,0.06,-0.03,0.0533333,-0.146667,0.193333,-0.111877,0.0551758,-0.355103,0.926453
1661854482,754698277,0.07,0.19,-0.05,0.0611111,-0.157778,0.148889,-0.111816,0.0544434,-0.35437,0.926819
1661854482,764694314,0.01,-0.02,-0.09,0.0433333,-0.146667,0.125556,-0.111816,0.053772,-0.353699,0.927063
1661854482,774693294,0.14,0.02,-0.17,-0.00333333,-0.135556,0.113333,-0.112061,0.0532227,-0.353149,0.927307
1661854482,784693275,0.17,0.28,-0.19,-0.0344444,-0.128889,0.103333,-0.112366,0.0527344,-0.3526,0.92749
1661854482,794697515,0.14,0.27,-0.27,-0.0644444,-0.102222,0.11,-0.112793,0.0524292,-0.35199,0.927673
1661854482,804700570,-0.15,-0.25,-0.1,-0.0766667,-0.0355556,0.147778,-0.11322,0.0524902,-0.351318,0.927917
1661854482,814698329,-0.26,-0.24,0.09,-0.0622222,0.0511111,0.151111,-0.113342,0.0529175,-0.350647,0.928101
1661854482,824695921,-0.32,-0.34,0.26,-0.0522222,0.108889,0.11,-0.113342,0.0535889,-0.35022,0.928223
1661854482,834699439,0,0.3,-0.39,-0.0433333,0.0888889,0.0177778,-0.113403,0.0540161,-0.350159,0.928223
1661854482,844698549,0.12,-0.11,-0.02,-0.0877778,0.0211111,-0.08,-0.11377,0.0542603,-0.350525,0.92804
1661854482,854699085,0.06,-0.18,0.01,-0.201111,0.0244444,-0.0866667,-0.114685,0.0546265,-0.35083,0.927795
1661854482,864693511,-0.05,0.17,0,-0.137778,0.0522222,-0.0944444,-0.115234,0.0550537,-0.351257,0.927551
1661854482,874700954,-0.04,0.28,0.13,-0.0866667,0.103333,-0.125556,-0.115479,0.055603,-0.351868,0.927246
1661854482,884693269,0.03,0.36,0.09,-0.0622222,0.121111,-0.111111,-0.115601,0.0562134,-0.352417,0.927002
1661854482,894698379,0.05,0.39,0.07,-0.04,0.105556,-0.0555556,-0.115601,0.0567017,-0.352722,0.926819
1661854482,904693156,0.08,0.04,0,-0.0166667,0.0988889,0.0122222,-0.11554,0.0571899,-0.352722,0.926819
1661854482,914700100,-0.08,-0.22,0.05,-0.0122222,0.0933333,0.0411111,-0.115417,0.0576782,-0.3526,0.92688
1661854482,924694488,-0.14,-0.31,0.04,-0.0166667,0.0588889,0.0155556,-0.115356,0.0579834,-0.352539,0.92688
1661854482,934697969,0.17,-0.16,-0.19,-0.01,-0.03,-0.0177778,-0.115479,0.0578613,-0.3526,0.926819
1661854482,944698246,-0.15,-0.16,-0.08,-0.0544444,-0.0644444,-0.0344444,-0.115845,0.0576172,-0.352722,0.926758
1661854482,954699727,-0.1,-0.1,-0.09,-0.124444,-0.0133333,-0.08,-0.116455,0.0577393,-0.353027,0.926575
1661854482,964693875,0.03,-0.1,-0.17,-0.216667,0.0377778,-0.103333,-0.117371,0.0582275,-0.353455,0.926208
1661854482,974698800,0.07,0.01,-0.14,-0.328889,0.128889,-0.131111,-0.118652,0.0592651,-0.354004,0.925781
1661854482,984693466,0.12,0.01,-0.22,-0.38,0.214444,-0.128889,-0.120056,0.0608521,-0.354614,0.925293
1661854482,994699798,0.02,-0.08,-0.15,-0.386667,0.303333,-0.111111,-0.121277,0.0628052,-0.355164,0.924744
1661854483,4698057,-0.05,0.14,0,-0.363333,0.373333,-0.0966667,-0.122314,0.0650024,-0.355713,0.924255
1661854483,14697056,-0.17,0.39,0.13,-0.314444,0.395556,-0.0911111,-0.122986,0.0672607,-0.356262,0.923828
1661854483,24693426,-0.17,0.29,0.34,-0.248889,0.385556,-0.0511111,-0.123474,0.069397,-0.356628,0.923462
1661854483,34696481,-0.71,0.22,0.37,-0.186667,0.372222,0.00555556,-0.123657,0.0714111,-0.356812,0.923218
1661854483,44698036,-0.41,0.35,0.48,-0.147778,0.312222,0.0611111,-0.123718,0.0730591,-0.356628,0.923096
1661854483,54699239,0.57,0.63,0.21,-0.0666667,0.203333,0.02,-0.123657,0.0740967,-0.356628,0.923035
1661854483,64693202,-0.61,0.01,-0.44,-0.0722222,0.212222,-0.1,-0.123657,0.0751343,-0.357178,0.922729
1661854483,74693071,-0.24,-0.58,0.18,-0.144444,0.262222,-0.157778,-0.123962,0.0764771,-0.358032,0.922302
1661854483,84695793,0.61,-0.07,-0.02,-0.0755556,0.172222,-0.0688889,-0.124023,0.0773315,-0.358398,0.922058
1661854483,94696218,0.54,-0.09,-0.34,0.0544444,0.162222,0.0211111,-0.123474,0.0779419,-0.358398,0.922058
1661854483,104696588,0.3,-0.28,-0.18,-0.0222222,0.247778,0.0688889,-0.123108,0.0791626,-0.358276,0.922058
1661854483,114696513,0.37,-0.26,-0.14,-0.0755556,0.198889,0.0422222,-0.123108,0.0802002,-0.358154,0.922058
1661854483,124694531,0.36,-0.28,-0.16,-0.0311111,0.00666667,-0.01,-0.12323,0.0802612,-0.358154,0.921997
1661854483,134696623,0.41,0.02,-0.15,-0.00333333,-0.155556,-0.0433333,-0.123535,0.0795288,-0.358276,0.921997
1661854483,144697382,0.05,0.02,0.13,-0.0177778,-0.24,-0.0488889,-0.124084,0.0783691,-0.358337,0.921997
1661854483,154696659,-0.3,0.2,0,-0.01,-0.245556,-0.00222222,-0.124573,0.0773315,-0.358215,0.922058
1661854483,164694510,-0.19,0.41,0.21,-0.00333333,-0.187778,0.152222,-0.124817,0.0765381,-0.357422,0.922363
1661854483,174695417,-0.05,0.65,0.17,-0.00111111,-0.112222,0.27,-0.124939,0.0762329,-0.35614,0.922913
1661854483,184692694,-0.08,0.56,0.16,0.0144444,-0.0355556,0.222222,-0.124817,0.0761719,-0.355103,0.923279
1661854483,194699990,-0.36,0.23,0.13,0.0111111,0.0533333,0.0844444,-0.124695,0.076416,-0.354797,0.923462
1661854483,204694008,-0.19,0.15,0.03,0.0177778,0.115556,0.0233333,-0.12439,0.0769653,-0.354736,0.923462
1661854483,214695378,0.1,0.02,-0.02,0.0311111,0.153333,0.0522222,-0.123962,0.0775757,-0.354614,0.923523
1661854483,224693247,0.24,0.04,-0.01,0.0344444,0.144444,0.0577778,-0.123535,0.0782471,-0.354492,0.923584
1661854483,234699395,0.23,0.04,0,0.0255556,0.0844444,0.0188889,-0.12323,0.0785522,-0.354431,0.923584
1661854483,244698727,0.2,0.14,0.03,0.00222222,0.00666667,-0.00222222,-0.12323,0.0785522,-0.354431,0.923584
1661854483,254699153,0.08,0.1,0.02,-0.0177778,-0.0544444,-0.00555556,-0.123413,0.0783691,-0.35437,0.923584
1661854483,264692763,-0.08,0.02,-0.01,-0.0355556,-0.0888889,0.00111111,-0.123718,0.0780029,-0.354309,0.923584
1661854483,274697540,-0.03,0.01,-0.11,-0.0422222,-0.0922222,0.00222222,-0.124084,0.0776978,-0.354248,0.923645
1661854483,284695262,-0.02,-0.05,-0.17,-0.0411111,-0.0566667,0,-0.12439,0.0775146,-0.354187,0.923584
1661854483,294701743,0.02,-0.05,-0.23,-0.0311111,0.0222222,0,-0.124512,0.0776367,-0.354187,0.923584
1661854483,304693539,0.08,-0.06,-0.22,-0.0122222,0.106667,0.02,-0.12439,0.078186,-0.354187,0.923584
1661854483,314697427,0.09,-0.09,-0.18,0.0144444,0.174444,0.0577778,-0.124023,0.0789795,-0.354004,0.923584
1661854483,324696074,0.03,0.11,0.1,0.04,0.208889,0.0955556,-0.123413,0.079895,-0.35376,0.923706
1661854483,334696889,-0.04,0.06,0.12,0.0677778,0.191111,0.102222,-0.122742,0.0806885,-0.353455,0.923828
1661854483,344698166,-0.07,0.08,0.14,0.0655556,0.142222,0.0844444,-0.122192,0.0812378,-0.353149,0.924011
1661854483,354700998,-0.02,0.12,0.12,0.0333333,0.0955556,0.0477778,-0.121826,0.081665,-0.353027,0.924072
1661854483,364693276,-0.29,0.01,0.09,0,0.06,0.00222222,-0.121765,0.0819092,-0.353027,0.924011
1661854483,374695312,-0.22,0.01,0.02,-0.0188889,0.0388889,-0.0211111,-0.121765,0.0820923,-0.353149,0.92395
1661854483,384695997,-0.08,0,-0.02,-0.03,0.0333333,-0.0355556,-0.121887,0.0822754,-0.353333,0.923889
1661854483,394694403,0,0.09,0.03,-0.0322222,0.0377778,-0.0488889,-0.121948,0.0825195,-0.353577,0.923767
1661854483,404699088,0.03,0.11,0.03,-0.0277778,0.0322222,-0.0688889,-0.12207,0.0826416,-0.353882,0.923584
1661854483,414697976,0.12,0.18,0.03,-0.03,0.0266667,-0.0933333,-0.122131,0.0827637,-0.354309,0.923401
1661854483,424693013,0.01,0.14,0.06,-0.0788889,0.0366667,-0.133333,-0.122437,0.0829468,-0.354919,0.923157
1661854483,434699512,0,0.1,0.02,-0.136667,0.0544444,-0.153333,-0.122986,0.083313,-0.355591,0.922791
1661854483,444698011,0.18,0.22,-0.03,-0.155556,0.0588889,-0.14,-0.123596,0.0837402,-0.356201,0.922424
1661854483,454697122,0.26,0.41,-0.1,-0.127778,0.0744444,-0.127778,-0.124023,0.0841064,-0.35675,0.922119
1661854483,464695473,0.26,0.2,-0.16,-0.0933333,0.116667,-0.134444,-0.124268,0.0845947,-0.357422,0.921753
1661854483,474697417,0.15,0.02,-0.1,-0.0511111,0.151111,-0.121111,-0.124268,0.0852051,-0.358032,0.921448
1661854483,484694213,0.19,0,-0.13,0.00888889,0.15,-0.0422222,-0.124023,0.0857544,-0.358337,0.921326
1661854483,494700231,0.14,-0.13,-0.15,0.0622222,0.14,0.0577778,-0.123474,0.0863037,-0.358154,0.921448
1661854483,504697711,0,-0.25,-0.1,0.0777778,0.142222,0.147778,-0.122803,0.0869141,-0.357605,0.921692
1661854483,514696026,-0.18,-0.29,-0.02,0.0788889,0.135556,0.2,-0.122131,0.0875244,-0.356873,0.921997
1661854483,524693025,-0.2,-0.25,-0.12,0.102222,0.0966667,0.197778,-0.121399,0.0878906,-0.356079,0.922363
1661854483,534697728,0.01,-0.03,0.14,0.116667,0.0555556,0.17,-0.120728,0.0880127,-0.355408,0.922729
1661854483,544698542,0.2,0.06,0,0.125556,0.0211111,0.155556,-0.120056,0.0880127,-0.354736,0.923035
1661854483,554697838,0.27,0.03,0.13,0.111111,0.0177778,0.131111,-0.119446,0.0879517,-0.354248,0.92334
1661854483,564692875,0.1,-0.07,0.19,0.06,0.0211111,0.0833333,-0.119141,0.0879517,-0.353882,0.923462
1661854483,574697096,-0.17,-0.06,0.23,0.01,-0.0244444,0.0222222,-0.119141,0.0878906,-0.35376,0.923523
1661854483,584696355,-0.25,-0.11,0.19,0,-0.126667,-0.0288889,-0.119385,0.0872803,-0.353821,0.923523
1661854483,594696780,-0.25,-0.04,0.08,0.0133333,-0.203333,-0.0244444,-0.119629,0.0863647,-0.353821,0.923584
1661854483,604693520,-0.29,0.11,-0.02,0.0266667,-0.211111,0.0133333,-0.119873,0.0853882,-0.353638,0.923706
1661854483,614696112,-0.37,0.03,-0.01,0.0255556,-0.174444,0.0333333,-0.120056,0.0845337,-0.353394,0.923889
1661854483,624693760,-0.32,0.03,-0.01,0.0222222,-0.127778,0.0211111,-0.120178,0.0839233,-0.353271,0.92395
1661854483,634693167,-0.16,0.2,-0.1,0.00888889,-0.0755556,0.00111111,-0.120178,0.0837402,-0.35321,0.924011
1661854483,644695129,-0.02,0.28,-0.18,-0.0211111,-0.0144444,-0.0311111,-0.1203,0.0836792,-0.353333,0.92395
1661854483,654697906,-0.08,0.02,-0.05,-0.0677778,0.0166667,-0.0855556,-0.120544,0.0838623,-0.353699,0.923767
1661854483,664692942,-0.07,0.09,-0.02,-0.0733333,0.0233333,-0.115556,-0.12085,0.0840454,-0.354187,0.923523
1661854483,674701108,-0.08,0.04,0,-0.0455556,0.00111111,-0.104444,-0.121094,0.0840454,-0.354614,0.92334
1661854483,684696386,-0.09,0,0,-0.03,0,-0.0722222,-0.121277,0.0841064,-0.354919,0.923157
1661854483,694700496,0.03,0,-0.09,-0.0288889,0.00666667,-0.0622222,-0.121399,0.0841064,-0.355225,0.923035
1661854483,704699625,0.12,-0.04,-0.1,-0.0444444,0.0233333,-0.0811111,-0.121582,0.0842285,-0.35553,0.922852
1661854483,714693939,0.21,0.04,-0.16,-0.0666667,0.0544444,-0.104444,-0.121826,0.0845337,-0.356018,0.922607
1661854483,724696272,0.43,0.02,-0.19,-0.0811111,0.0944444,-0.0911111,-0.12207,0.085022,-0.356445,0.922363
1661854483,734699364,0.41,-0.05,-0.13,-0.0833333,0.116667,-0.0377778,-0.122253,0.0856934,-0.356689,0.922241
1661854483,744695475,0.04,-0.25,-0.02,-0.0677778,0.117778,0.00333333,-0.122375,0.0863037,-0.356689,0.922119
1661854483,754696418,0.12,0.13,-0.19,-0.0133333,0.0422222,0,-0.122375,0.0865479,-0.35675,0.922119
1661854483,764696288,0,-0.05,0.28,-0.0133333,-0.0166667,-0.02,-0.122498,0.0864868,-0.356812,0.922058
1661854483,774700880,0.02,0.15,0.06,-0.0422222,0.00222222,-0.00333333,-0.122681,0.0865479,-0.356812,0.922058
1661854483,784698453,0.05,0.22,0.02,-0.00666667,0.00444444,0.00888889,-0.122681,0.0865479,-0.356812,0.922058
1661854483,794695286,0.06,0.23,0.08,0.00666667,-0.01,0.0322222,-0.122681,0.0864868,-0.356628,0.922119
1661854483,804701119,0.26,0.37,0.05,0.0333333,-0.0444444,0.0755556,-0.122559,0.0863037,-0.356262,0.922302
1661854483,814695822,0.16,0.31,0,0.0488889,-0.05,0.104444,-0.122375,0.0860596,-0.355835,0.922485
1661854483,824693951,-0.18,0.16,0.18,0.0233333,-0.01,0.117778,-0.122253,0.0859985,-0.355286,0.922729
1661854483,834694969,-0.12,0.16,0.14,0.0133333,-0.00555556,0.116667,-0.12207,0.0860596,-0.354736,0.922974
1661854483,844695654,-0.1,0.23,0.08,0.0411111,-0.0366667,0.0988889,-0.121765,0.0858765,-0.354309,0.923157
1661854483,854697857,-0.05,0.13,-0.04,0.0622222,-0.0411111,0.08,-0.12146,0.0856323,-0.353943,0.923401
1661854483,864694300,0.06,0.15,-0.04,0.0666667,-0.01,0.0877778,-0.121155,0.0855103,-0.353577,0.923584
1661854483,874694578,0.09,0.14,-0.05,0.0677778,0.02,0.101111,-0.120728,0.0855103,-0.353149,0.923767
1661854483,884700095,0,0.03,-0.03,0.0488889,0.06,0.0955556,-0.120361,0.0857544,-0.352783,0.92395
1661854483,894699521,0.13,0,-0.05,0.03,0.0822222,0.0988889,-0.119995,0.0861206,-0.352417,0.924133
1661854483,904699391,0.12,-0.04,-0.03,0.0277778,0.0755556,0.0911111,-0.119751,0.0864258,-0.352051,0.924255
1661854483,914700168,0.08,-0.1,-0.02,0.0211111,0.0566667,0.0644444,-0.119507,0.0866699,-0.351807,0.924377
1661854483,924696723,0.12,-0.03,-0.05,0.0133333,0.0333333,0.0477778,-0.119385,0.086792,-0.351624,0.924438
1661854483,934699722,0.12,0,-0.07,0.0166667,0.00555556,0.0411111,-0.119324,0.086792,-0.35144,0.9245
1661854483,944698666,0.23,0.08,0,0.0188889,0.01,0.0366667,-0.119202,0.086792,-0.351318,0.924561
1661854483,954700628,0.23,0.09,-0.08,0.02,0.0422222,0.0333333,-0.119019,0.0869141,-0.351196,0.924622
1661854483,964695554,-0.46,-0.21,-0.08,-0.00888889,0.0955556,0.00111111,-0.118896,0.0873413,-0.351257,0.924561
1661854483,974695664,-0.16,-0.09,-0.17,0.00888889,0.04,0.00222222,-0.118835,0.0875244,-0.351257,0.924561
1661854483,984698274,0.04,-0.02,-0.02,0.05,-0.0777778,0.0622222,-0.118713,0.0870972,-0.350952,0.924744
1661854483,994707774,-0.12,-0.08,-0.01,0.0466667,-0.0222222,0.0944444,-0.118469,0.0869751,-0.350586,0.924927
1661854540,805932424,-0.01,-0.04,0,-0.00222222,-0.00111111,0.00222222,0.00140381,0.00524902,-0.350281,0.936646
1661854540,815930686,0,-0.05,-0.02,0,0,0,0.00140381,0.00524902,-0.350281,0.936646
1661854540,825927688,0,-0.04,-0.05,0,0,0,0.00140381,0.00524902,-0.350281,0.936646
1661854540,835929357,0,0,-0.04,0.00111111,0.00555556,-0.00111111,0.00140381,0.00524902,-0.350281,0.936646
1661854540,845928952,-0.02,-0.02,-0.02,0.00222222,0.00111111,-0.00111111,0.00140381,0.00524902,-0.350281,0.936646
1661854540,855928565,-0.02,-0.03,-0.04,0.00111111,0,-0.00111111,0.00140381,0.00524902,-0.350281,0.936646
1661854540,865928438,-0.01,-0.02,-0.04,-0.00111111,0.00333333,0,0.00140381,0.00524902,-0.350281,0.936646
1661854540,875927329,-0.01,-0.06,-0.04,0,-0.00222222,0,0.00140381,0.00524902,-0.350281,0.936646
1661854540,885932053,-0.02,-0.03,-0.02,0,-0.00777778,0.00333333,0.00140381,0.00524902,-0.350281,0.936646
1661854540,895932426,-0.01,-0.01,-0.02,0,-0.00555556,0.00333333,0.00140381,0.00524902,-0.350281,0.936646
1661854540,905929298,0,-0.04,-0.01,0,-0.00222222,0,0.00140381,0.00524902,-0.350281,0.936646
1661854540,915927745,0,-0.02,-0.04,0,-0.00111111,0,0.00140381,0.00524902,-0.350281,0.936646
1661854540,925929395,0.01,-0.04,-0.03,0.00111111,0.00111111,0,0.00140381,0.00524902,-0.350281,0.936646
1661854540,935929824,0,-0.01,-0.03,0,0,-0.00222222,0.00140381,0.00524902,-0.350281,0.936646
1661854540,945930770,0,-0.03,-0.02,0.00222222,0,-0.00111111,0.00140381,0.00524902,-0.350281,0.936646
1661854540,955928198,-0.04,-0.03,-0.03,0,0,-0.00222222,0.00140381,0.00524902,-0.350281,0.936646
1661854540,965927719,-0.03,-0.01,-0.03,-0.00111111,0,0.00222222,0.00140381,0.00524902,-0.350281,0.936646
1661854540,975931610,-0.02,-0.02,-0.04,-0.00222222,-0.00111111,0.00222222,0.00140381,0.00524902,-0.350281,0.936646
1661854540,985932094,0.01,-0.02,0,-0.00111111,0,0,0.00140381,0.00524902,-0.350281,0.936646
1661854540,995929115,-0.01,-0.03,-0.01,-0.00222222,0,0,0.00140381,0.00524902,-0.350281,0.936646
1661854541,5927247,0,-0.04,-0.02,-0.00333333,0,0.00111111,0.00140381,0.00524902,-0.350281,0.936646
1661854541,15926379,-0.02,-0.03,-0.05,0,0,0,0.00140381,0.00524902,-0.350281,0.936646
1661854541,25929344,-0.03,-0.04,-0.03,0,0,0.00111111,0.00140381,0.00524902,-0.350281,0.936646
1661854541,35939680,0,-0.03,-0.04,0,-0.00111111,0,0.00140381,0.00524902,-0.350281,0.936646
1661854541,45928887,0,-0.02,-0.02,0.00111111,-0.00333333,0.00111111,0.00140381,0.00524902,-0.350281,0.936646
1661854541,55928426,-0.01,-0.02,-0.02,0.00222222,-0.00222222,0,0.00140381,0.00524902,-0.350281,0.936646
1661854541,65928836,0.01,-0.03,0,0,0,0,0.00140381,0.00524902,-0.350281,0.936646
1661854541,75929061,-0.01,-0.01,-0.03,0,-0.00222222,0.00111111,0.00140381,0.00524902,-0.350281,0.936646
1661854541,85932212,0,-0.03,-0.02,0,0,0,0.00140381,0.00524902,-0.350281,0.936646
1661854541,95929937,-0.01,-0.04,-0.03,0,0,0,0.00140381,0.00524902,-0.350281,0.936646
1661854541,105929402,-0.01,-0.04,-0.03,0.00111111,-0.00111111,-0.00333333,0.00140381,0.00524902,-0.350281,0.936646
1661854541,115928331,-0.01,-0.01,-0.03,0.00222222,-0.00444444,0,0.00140381,0.00524902,-0.350281,0.936646
1661854541,125929593,-0.02,-0.04,-0.02,0.00111111,-0.00444444,0,0.00140381,0.00524902,-0.350281,0.936646
1661854541,135927892,0.01,-0.01,-0.02,0.00444444,-0.00555556,0,0.00140381,0.00524902,-0.350281,0.936646
1661854541,145927820,0,-0.03,-0.01,0.00333333,0,0.00111111,0.00140381,0.00524902,-0.350281,0.936646
1661854541,155928915,-0.01,-0.01,-0.04,-0.00111111,0,0,0.00140381,0.00524902,-0.350281,0.936646
1661854541,165931825,-0.02,-0.04,-0.04,-0.00111111,0.00111111,0,0.00140381,0.00524902,-0.350281,0.936646
1661854541,175931902,0,-0.03,-0.05,-0.00222222,0.00222222,0,0.00140381,0.00524902,-0.350281,0.936646
1661854541,185929831,-0.01,-0.04,-0.03,0,0.00111111,0,0.00140381,0.00524902,-0.350281,0.936646
1661854541,195928963,-0.01,-0.04,0,0,0,0,0.00140381,0.00524902,-0.350281,0.936646
1661854541,205930799,-0.01,-0.01,-0.01,0,0,0.00222222,0.00140381,0.00524902,-0.350281,0.936646
1661854541,215927487,0,-0.03,-0.01,0,-0.00222222,0.00333333,0.00140381,0.00524902,-0.350281,0.936646
1661854541,225929489,0,-0.04,-0.05,0,0,0,0.00140381,0.00524902,-0.350281,0.936646
1661854541,235929825,-0.02,-0.03,0,-0.00111111,0.00111111,0.00111111,0.00140381,0.00524902,-0.350281,0.936646
1661854541,245929717,0,-0.02,-0.03,-0.00333333,0,0,0.00140381,0.00524902,-0.350281,0.936646
1661854541,255930719,-0.01,-0.02,-0.02,0,0,0.00111111,0.00140381,0.00524902,-0.350281,0.936646
1661854541,265929277,-0.02,-0.01,-0.02,-0.00222222,0,0,0.00140381,0.00524902,-0.350281,0.936646
1661854541,275927336,0,-0.03,-0.03,-0.00222222,0.00111111,0.00111111,0.00140381,0.00524902,-0.350281,0.936646
1661854541,285932505,0,-0.04,-0.01,-0.00555556,-0.00111111,0.00111111,0.00140381,0.00524902,-0.350281,0.936646
1661854541,295932081,0,-0.03,-0.03,-0.00555556,0,0.00333333,0.00140381,0.00524902,-0.350281,0.936646
1661854541,305929140,0.01,-0.01,-0.03,-0.00555556,0.00222222,0.00444444,0.00140381,0.00524902,-0.350281,0.936646
1661854541,315928328,0,-0.03,-0.02,-0.00444444,0,0.00333333,0.00140381,0.00524902,-0.350281,0.936646
1661854541,325929108,-0.01,-0.03,-0.06,-0.00333333,0.00222222,0.00111111,0.00140381,0.00524902,-0.350281,0.936646
1661854541,335930462,-0.04,-0.04,-0.05,-0.00111111,0.00333333,0,0.00140381,0.00524902,-0.350281,0.936646
1661854541,345927780,-0.02,-0.04,-0.05,0,0,0,0.00140381,0.00524902,-0.350281,0.936646
1661854541,355943412,-0.01,-0.04,-0.04,0,0,0,0.00140381,0.00524902,-0.350281,0.936646
1661854541,365946562,0,-0.04,-0.05,0,-0.00444444,0.00222222,0.00140381,0.00524902,-0.350281,0.936646
1661854541,375946732,-0.01,-0.02,-0.01,0,-0.00111111,0.00111111,0.00140381,0.00524902,-0.350281,0.936646
1661854541,385952790,-0.02,-0.03,-0.01,0,0,0.00111111,0.00140381,0.00524902,-0.350281,0.936646
1661854541,395951218,-0.01,-0.02,-0.04,0,0,0,0.00140381,0.00524902,-0.350281,0.936646
1661854541,405949017,0,-0.02,-0.03,0.00222222,0,0,0.00140381,0.00524902,-0.350281,0.936646
1661854541,415945224,-0.01,-0.04,0,0.00111111,0,0,0.00140381,0.00524902,-0.350281,0.936646
1661854541,425949115,-0.01,-0.04,-0.03,0.00111111,-0.00222222,0,0.00140381,0.00524902,-0.350281,0.936646
1661854541,435948414,-0.02,-0.01,-0.05,0.00333333,-0.00333333,0.00111111,0.00140381,0.00524902,-0.350281,0.936646
1661854541,445950009,0,-0.03,-0.03,0.00444444,-0.00111111,0.00111111,0.00140381,0.00524902,-0.350281,0.936646
1661854541,455942808,0,-0.03,-0.03,0.00444444,-0.00333333,0,0.00140381,0.00524902,-0.350281,0.936646
1661854541,465941774,0,-0.01,-0.02,0.00111111,0,0,0.00140381,0.00524902,-0.350281,0.936646
1661854541,475940776,0,-0.02,-0.05,0,0,0,0.00140381,0.00524902,-0.350281,0.936646
1661854541,485948001,0,-0.01,-0.03,0.00111111,0,0.00111111,0.00140381,0.00524902,-0.350281,0.936646
1661854541,495945967,0,0,-0.01,0,0,0.00111111,0.00140381,0.00524902,-0.350281,0.936646
1661854541,505943914,0,-0.02,0,-0.00333333,0,0,0.00140381,0.00524902,-0.350281,0.936646
1661854541,515940490,0,-0.03,0,-0.00666667,0.00222222,0,0.00140381,0.00524902,-0.350281,0.936646
1661854541,525943863,0.03,-0.03,-0.02,-0.00666667,0.00444444,0,0.00140381,0.00524902,-0.350281,0.936646
1661854541,535943403,-0.02,-0.05,-0.02,-0.00222222,0.00444444,0,0.00140381,0.00524902,-0.350281,0.936646
1661854541,545944832,-0.01,-0.03,-0.02,0,0.0133333,-0.00111111,0.00146484,0.00531006,-0.350281,0.936646
1661854541,555941945,0.01,0.01,-0.05,0.00222222,0.0177778,-0.00333333,0.00146484,0.00537109,-0.350281,0.936646
1661854541,565942503,-0.1,0.65,0.08,0,0.0222222,-0.0144444,0.00152588,0.00549316,-0.350342,0.936584
1661854541,575940747,0.13,0.16,0.24,0.0255556,0.0133333,0,0.00164795,0.00549316,-0.350342,0.936584
1661854541,585946046,0.04,0,0.13,0.107778,0.00555556,0.0911111,0.00213623,0.00531006,-0.349915,0.936768
1661854541,595942752,-0.03,0.15,0.2,0.188889,-0.00333333,0.0933333,0.00299072,0.00500488,-0.349548,0.93689
1661854541,605945606,-0.01,0.04,0.33,0.215556,0.00777778,0.116667,0.00402832,0.00463867,-0.348999,0.937134
1661854541,615941387,-0.01,0.14,0.22,0.242222,-0.0166667,0.13,0.00506592,0.00415039,-0.348389,0.937317
1661854541,625945871,0.02,-0.19,1.14,0.216667,-0.0544444,0.116667,0.00598145,0.00354004,-0.3479,0.9375
1661854541,635941244,0.04,-0.16,1.26,0.157778,0.00444444,0.143333,0.00671387,0.00323486,-0.347229,0.937744
1661854541,645944598,-0.06,-0.37,1.81,0.104444,0.0833333,0.197778,0.00732422,0.00341797,-0.346313,0.938049
1661854541,655967897,-0.11,-0.29,1.86,0.104444,0.0833333,0.197778,0.00769043,0.00396729,-0.345764,0.938293
1661854541,665944770,0,-0.18,2.71,0.0322222,0.121111,0.127778,0.00769043,0.00396729,-0.345764,0.938293
1661854541,675940088,-0.09,0.16,2.79,-0.0166667,0.127778,0.0744444,0.00787354,0.00543213,-0.345215,0.938477
1661854541,685943535,0.02,-0.41,2.66,-0.0533333,0.178889,0.0411111,0.00793457,0.0067749,-0.345093,0.938477
1661854541,695947204,-0.32,-0.67,2.44,-0.0822222,0.253333,0.0133333,0.00799561,0.00823975,-0.34491,0.938599
1661854541,705943855,0.28,-0.2,2.18,-0.0966667,0.294444,0.0466667,0.0078125,0.0100098,-0.344849,0.938538
1661854541,715940913,-0.41,0.04,2.01,-0.153333,0.325556,-0.00777778,0.00750732,0.0119019,-0.34491,0.938538
1661854541,725943934,-0.27,-0.45,1.79,-0.195556,0.353333,-0.0133333,0.00683594,0.0140991,-0.345276,0.938354
1661854541,735944048,0.12,0.2,1.23,-0.286667,0.373333,-0.09,0.00598145,0.0160522,-0.345642,0.938232
1661854541,745944810,-0.06,0.64,1.31,-0.301111,0.317778,-0.0888889,0.00494385,0.0179443,-0.346069,0.938049
1661854541,755941331,-0.39,0.12,1.23,-0.337778,0.291111,-0.0922222,0.00366211,0.0195312,-0.346741,0.937744
1661854541,765944167,-0.31,-0.72,0.9,-0.35,0.217778,-0.163333,0.0022583,0.0206299,-0.347107,0.937561
1661854541,775940762,0.56,0.7,0.72,-0.351111,0.111111,-0.09,0.000549316,0.0213013,-0.34729,0.9375
1661854541,785945487,-0.51,-1.61,0.86,-0.383333,0.01,-0.0377778,-0.00134277,0.0217896,-0.347412,0.937439
1661854541,795942915,0.47,-0.04,0.32,-0.404444,-0.0433333,-0.0444444,-0.00323486,0.0220947,-0.347107,0.937561
1661854541,805943751,-0.46,-0.75,1.29,-0.382222,-0.0822222,0.0577778,-0.0055542,0.022644,-0.347046,0.937561
1661854541,815940791,0.4,-0.11,0.43,-0.493333,-0.05,0.00555556,-0.00805664,0.0234375,-0.34729,0.937439
1661854541,825943423,-0.44,-0.27,0.83,-0.534444,-0.0244444,-0.0633333,-0.010437,0.0241699,-0.347229,0.937439
1661854541,835943889,0.33,-0.47,-0.18,-0.51,-0.0277778,0.00333333,-0.0126953,0.0250244,-0.346741,0.937561
1661854541,845943965,-0.62,-0.21,0.24,-0.505556,-0.00444444,0.101111,-0.0152588,0.026001,-0.346985,0.937378
1661854541,855945690,0.99,-0.09,-0.12,-0.563333,0.00444444,-0.0711111,-0.0177612,0.0264893,-0.347229,0.937256
1661854541,865943804,0.42,-0.1,-0.03,-0.517778,-0.0711111,-0.0688889,-0.0200195,0.0271606,-0.346985,0.937256
1661854541,875941344,0.18,0.04,-0.11,-0.492222,-0.0388889,0.0311111,-0.0221558,0.0280151,-0.347046,0.937195
1661854541,885941772,0.49,-0.23,-0.13,-0.474444,0.0133333,-0.0177778,-0.0239868,0.0289307,-0.347107,0.937073
1661854541,895942793,0.16,-1.05,-0.35,-0.42,0.0433333,-0.0355556,-0.0256348,0.0296021,-0.346924,0.937073
1661854541,905944018,0.13,1.31,-0.17,-0.365556,0.0166667,0.03,-0.0256348,0.0296021,-0.346924,0.937073
1661854541,915939984,-0.11,-0.68,-1.07,-0.352222,0.00333333,0.0333333,-0.0286255,0.0308838,-0.346497,0.937134
1661854541,925944634,0.38,-0.1,-1.02,-0.323333,0.0255556,0.0477778,-0.0300903,0.0314941,-0.346558,0.937012
1661854541,935945674,-0.21,-1.22,-0.48,-0.322222,0.0133333,-0.0244444,-0.0315552,0.0322266,-0.34613,0.937073
1661854541,945944862,0.21,-0.12,-0.38,-0.343333,0.0366667,0.0788889,-0.0333252,0.0333252,-0.346069,0.937012
1661854541,955942253,0.39,-0.36,-1.09,-0.415556,0.0855556,0.00222222,-0.0333252,0.0333252,-0.346069,0.937012
1661854541,965945756,0.05,0.33,-0.65,-0.422222,0.132222,0.0111111,-0.0350342,0.034668,-0.346008,0.936951
1661854541,975945147,0.3,-0.24,-1.02,-0.45,0.161111,-0.0711111,-0.0383301,0.0374756,-0.34668,0.936462
1661854541,985947668,0.08,-0.04,-0.81,-0.391111,0.152222,-0.105556,-0.0396729,0.0386353,-0.347351,0.936096
1661854541,995941912,0.17,-0.05,-0.79,-0.341111,0.142222,-0.147778,-0.0408936,0.0396118,-0.347534,0.935913
1661854542,5946878,0.17,-0.05,-0.79,-0.301111,0.105556,-0.0488889,-0.0408936,0.0396118,-0.347534,0.935913
1661854542,15941510,0.08,0.04,-0.74,-0.293333,0.04,-0.00111111,-0.0421143,0.0402832,-0.347473,0.935852
1661854542,25946087,0.16,0,-0.57,-0.283333,0.0233333,0.0777778,-0.0446777,0.0415039,-0.34668,0.935974
1661854542,35946257,-0.03,0.31,-0.82,-0.302222,0.0111111,0.0733333,-0.0460815,0.0419312,-0.346497,0.935974
1661854542,45946760,-0.14,-0.16,-0.36,-0.303333,-0.0111111,0.03,-0.0477905,0.0422363,-0.34668,0.935852
1661854542,55950930,-0.4,0.14,-0.27,-0.347778,-0.0677778,-0.06,-0.0477905,0.0422363,-0.34668,0.935852
1661854542,65945599,-0.11,0.03,-1.17,-0.392222,-0.0388889,0,-0.0496216,0.0426636,-0.346558,0.93573
1661854542,75945399,-0.11,0.41,-0.98,-0.387778,-0.0222222,0.0122222,-0.0534058,0.0436401,-0.346863,0.935364
1661854542,85945253,0.06,0.37,-1.2,-0.408889,-0.0577778,-0.118889,-0.0552979,0.0440674,-0.34729,0.935059
1661854542,95941997,0.12,0.4,-1.31,-0.391111,-0.0488889,-0.116667,-0.0568237,0.0444946,-0.347534,0.934875
1661854542,105945815,0.12,0.4,-1.31,-0.335556,-0.0166667,-0.0722222,-0.0568237,0.0444946,-0.347534,0.934875
1661854542,115940170,0.37,0.07,-1.14,-0.252222,0.00333333,-0.0177778,-0.0579834,0.0449219,-0.347595,0.934753
1661854542,125946136,-0.44,0.07,-1.06,-0.192222,-0.0666667,-0.0888889,-0.0598145,0.0447388,-0.348022,0.934509
1661854542,135946268,-0.14,-0.14,-1.05,-0.143333,-0.0966667,-0.0355556,-0.060791,0.0444336,-0.348083,0.934448
1661854542,145943883,0.24,0.01,-0.87,-0.166667,-0.12,-0.0211111,-0.0621338,0.0439453,-0.348389,0.934265
1661854542,155947441,0.24,0.01,-0.87,-0.223333,-0.183333,-0.0922222,-0.0621338,0.0439453,-0.348389,0.934265
1661854542,165941574,-0.06,-0.17,-0.91,-0.29,-0.186667,-0.177778,-0.0637817,0.0435181,-0.34906,0.933899
1661854542,175941355,0.29,0.22,-1.15,-0.326667,-0.154444,-0.153333,-0.0670166,0.0432739,-0.349792,0.933411
1661854542,185940802,0.33,0.38,-1.28,-0.276667,-0.121111,-0.0544444,-0.0681152,0.0431519,-0.349548,0.933411
1661854542,195939694,0.37,0.49,-1.19,-0.208889,-0.0966667,0.0311111,-0.0689087,0.0428467,-0.349304,0.933472
1661854542,205942549,0.21,0.38,-0.97,-0.128889,-0.124444,0.0488889,-0.0689087,0.0428467,-0.349304,0.933472
1661854542,215939404,0.03,0.13,-0.83,-0.0755556,-0.204444,0.0233333,-0.0696411,0.0420532,-0.34906,0.933533
1661854542,225942351,-0.04,0.03,-0.48,-0.0455556,-0.283333,-0.0288889,-0.0709839,0.0393677,-0.349243,0.933533
1661854542,235943187,-0.17,-0.33,-0.33,-0.0255556,-0.331111,-0.0522222,-0.0716553,0.0380249,-0.349426,0.933472
1661854542,245939894,-0.24,-0.3,-0.42,-0.03,-0.301111,-0.0633333,-0.0721436,0.0370483,-0.349548,0.933411
1661854542,255942582,-0.24,-0.3,-0.42,-0.02,-0.228889,-0.0488889,-0.0721436,0.0370483,-0.349548,0.933411
1661854542,265945307,0.37,0.13,-0.37,0.0122222,-0.161111,0.0266667,-0.0723877,0.0362549,-0.349365,0.933472
1661854542,275941977,0.01,0.29,-0.71,0.0344444,-0.116667,0.0888889,-0.0722656,0.0354004,-0.34845,0.933899
1661854542,285942147,-0.06,0.14,-0.48,0.0477778,-0.0666667,0.107778,-0.0723267,0.0349121,-0.348083,0.934021
1661854542,295941335,0.03,0.02,-0.34,0.0211111,-0.0966667,0.0755556,-0.0725098,0.0340576,-0.347961,0.934082
1661854542,305946097,0.03,0.02,-0.34,0.02,-0.19,0.01,-0.0725098,0.0340576,-0.347961,0.934082
1661854542,315941397,-0.15,-0.05,-0.29,-0.00888889,-0.204444,-0.01,-0.072876,0.0330811,-0.3479,0.934082
1661854542,325945251,-0.02,0,-0.33,-0.0333333,-0.146667,-0.00111111,-0.0735474,0.0321655,-0.347595,0.934204
1661854542,335946088,0.04,0.13,-0.42,-0.0222222,-0.0922222,0.0555556,-0.0737305,0.0321045,-0.346985,0.934448
1661854542,345944942,0.13,0.27,-0.7,-0.0366667,-0.0288889,0.13,-0.0739746,0.0323486,-0.346313,0.934631
1661854542,355942649,0.13,0.27,-0.7,-0.0622222,0.0211111,0.147778,-0.0739746,0.0323486,-0.346313,0.934631
1661854542,365943449,-0.17,0.3,-0.69,-0.104444,0.00555556,0.0377778,-0.0744019,0.0325317,-0.34613,0.934692
1661854542,375940674,-0.04,0.34,-0.6,-0.106667,-0.0122222,-0.00333333,-0.0754395,0.03302,-0.346008,0.934631
1661854542,385943454,-0.03,-0.01,-0.47,-0.125556,0.0233333,0.0133333,-0.0759888,0.0338135,-0.346008,0.934509
1661854542,395938198,0.11,-0.29,-0.36,-0.164444,0.121111,0.00888889,-0.0764771,0.0352783,-0.345825,0.934509
1661854542,405942164,0.11,-0.29,-0.36,-0.197778,0.242222,0.0555556,-0.0764771,0.0352783,-0.345825,0.934509
1661854542,415937297,0.12,-0.29,-0.32,-0.228889,0.327778,0.0788889,-0.0769653,0.0371704,-0.34552,0.934509
1661854542,425941096,0.07,-0.06,-0.13,-0.25,0.34,0.0744444,-0.078186,0.0410156,-0.345093,0.934387
1661854542,435943155,-0.11,-0.17,0,-0.266667,0.303333,0.06,-0.0791016,0.0427246,-0.345032,0.934265
1661854542,445941454,-0.22,-0.12,0.07,-0.297778,0.27,0.02,-0.0800171,0.0444336,-0.345093,0.934082
1661854542,455944327,-0.22,-0.12,0.07,-0.3,0.264444,-0.00333333,-0.0800171,0.0444336,-0.345093,0.934082
1661854542,465941441,-0.13,0.11,0.05,-0.284444,0.26,-0.00777778,-0.0808716,0.0460815,-0.345093,0.93396
1661854542,475939352,0.36,-1.17,-0.04,-0.273333,0.276667,0.00444444,-0.0823364,0.0497437,-0.345032,0.933655
1661854542,485940670,-0.33,1.56,-0.11,-0.278889,0.32,0.0366667,-0.0821533,0.0509033,-0.344299,0.933838
1661854542,495937173,-0.78,1,1,-0.0522222,0.222222,0.174444,-0.0808105,0.0502319,-0.343201,0.934448
1661854542,505940268,-0.78,1,1,0.315556,-0.0588889,0.254444,-0.0808105,0.0502319,-0.343201,0.934448
1661854542,515938623,-0.85,-0.86,0.83,0.265556,-0.00333333,0.0933333,-0.0795288,0.0498047,-0.342896,0.934692
1661854542,525941848,0.25,0.66,-0.37,-0.0166667,0.105556,0.0555556,-0.0795288,0.050293,-0.343018,0.934631
1661854542,535939425,0.04,-0.35,0.2,-0.0122222,0.00555556,-0.08,-0.0801392,0.050354,-0.343323,0.934448
1661854542,545940225,0.01,-0.03,-0.1,-0.122222,-0.0255556,-0.0766667,-0.0808105,0.0506592,-0.343628,0.934265
1661854542,555941802,0.01,-0.03,-0.1,-0.146667,0.0111111,-0.07,-0.0808105,0.0506592,-0.343628,0.934265
1661854542,565941101,0.52,0.04,-0.3,-0.0544444,0.0255556,-0.0555556,-0.0810547,0.0508423,-0.343872,0.934143
1661854542,575943252,0.43,0,-0.36,-0.00555556,0.0322222,-0.0477778,-0.0809326,0.0511475,-0.344299,0.93396
1661854542,585941903,0,0.18,0.02,0,0.0444444,-0.0466667,-0.0808105,0.0513916,-0.344604,0.933838
1661854542,595939814,-0.24,0.22,0.19,0.00111111,0.0577778,-0.0511111,-0.0806885,0.0516357,-0.344849,0.933777
1661854542,605942483,-0.24,0.22,0.19,0.0133333,0.0644444,-0.0488889,-0.0806885,0.0516357,-0.344849,0.933777
1661854542,615939505,-0.31,0.11,0.18,0.00777778,0.07,-0.0444444,-0.0805664,0.0519409,-0.345093,0.933655
1661854542,625941397,0.13,0.01,-0.16,0,0.0744444,-0.0333333,-0.0803223,0.0525513,-0.345398,0.933533
1661854542,635939455,0.36,0.06,-0.23,0,0.0688889,-0.0277778,-0.0802002,0.0529175,-0.345581,0.933472
1661854542,645939421,0.21,0.15,-0.4,0.00555556,0.0755556,-0.0266667,-0.0800781,0.0532837,-0.345764,0.93335
1661854542,655942554,0.21,0.15,-0.4,0.00666667,0.0888889,-0.0411111,-0.0800781,0.0532837,-0.345764,0.93335
1661854542,665943427,0.29,-0.11,-0.07,-0.00333333,0.0455556,-0.0366667,-0.0800171,0.0534668,-0.345947,0.933289
1661854542,675941782,0.24,-0.02,-0.35,0.0155556,-0.0133333,0,-0.0795898,0.0532837,-0.345825,0.933411
1661854542,685938822,0.07,0.21,-0.4,0.0855556,0.00444444,0.0366667,-0.0790405,0.0532227,-0.345642,0.933533
1661854542,695939510,0.16,-0.05,-0.18,0.106667,0.0311111,0.0444444,-0.0785522,0.0532227,-0.34552,0.933594
1661854542,705939550,0.16,-0.05,-0.18,0.0911111,0.02,0.04,-0.0785522,0.0532227,-0.34552,0.933594
1661854542,715939442,0,-0.27,-0.21,0.0622222,0.0133333,0.0155556,-0.0782471,0.0531616,-0.345459,0.933655
1661854542,725941279,0.12,-0.22,-0.18,0.0522222,0.0322222,0,-0.078064,0.0532227,-0.345459,0.933655
1661854542,735937967,0.07,0.07,-0.71,0.0411111,0.0477778,0.00111111,-0.0776367,0.0533447,-0.345581,0.933655
1661854542,745937192,0.46,0.33,-0.71,0.0422222,0.0155556,-0.0155556,-0.0774536,0.0529785,-0.345825,0.933594
1661854542,755943047,0.46,0.33,-0.71,0.0577778,-0.06,-0.0522222,-0.0774536,0.0529785,-0.345825,0.933594
1661854542,765946976,0.34,0.15,-0.67,0.102222,-0.15,-0.137778,-0.0773315,0.052063,-0.346436,0.933411
1661854542,775947423,-0.23,0.04,-0.22,0.141111,-0.211111,-0.162222,-0.0770874,0.0507812,-0.347107,0.933289
1661854542,785942019,-0.4,0.17,0.1,0.21,-0.248889,-0.128889,-0.0758667,0.0477905,-0.348022,0.933167
1661854542,795939707,-0.09,0.05,0.14,0.243333,-0.233333,-0.0866667,-0.0750732,0.0465698,-0.348267,0.933228
1661854542,805944488,-0.09,0.05,0.14,0.238889,-0.172222,-0.06,-0.0750732,0.0465698,-0.348267,0.933228
1661854542,815942324,-0.29,0.15,0.03,0.222222,-0.0888889,-0.0355556,-0.0742798,0.0457764,-0.34845,0.933228
1661854542,825945679,0.05,-0.14,0.06,0.206667,-0.0511111,0.00111111,-0.0725098,0.0447388,-0.348511,0.933411
1661854542,835941478,0.38,-0.17,0.32,0.204444,-0.03,0.0111111,-0.0715332,0.0443726,-0.348328,0.933594
1661854542,845941222,0.03,-0.23,0.15,0.22,-0.00222222,0.0477778,-0.0704346,0.0440674,-0.347961,0.933838
1661854542,855945632,0.03,-0.23,0.15,0.236667,0.0122222,0.0866667,-0.0704346,0.0440674,-0.347961,0.933838
1661854542,865941080,-0.48,-0.61,0.12,0.225556,0.0144444,0.0777778,-0.0693359,0.0437622,-0.347656,0.934021
1661854542,875939675,0.14,-0.28,0.57,0.18,-0.0133333,0.0777778,-0.0685425,0.043396,-0.347351,0.934204
1661854542,885938938,-0.18,-0.26,0.09,0.146667,0.00777778,0.122222,-0.0673218,0.043457,-0.34668,0.93457
1661854542,895935756,0.18,-0.04,0.3,0.0844444,0.0755556,0.0477778,-0.0668945,0.0435181,-0.346802,0.93457
1661854542,905941295,0.18,-0.04,0.3,0.0833333,0.05,-0.0233333,-0.0668945,0.0435181,-0.346802,0.93457
1661854542,915937465,0.32,0.1,0.33,0.0922222,0.0277778,0.0122222,-0.0664062,0.0435181,-0.346741,0.93457
1661854542,925942912,-0.72,0.32,0.44,0.0722222,0.0611111,0.0422222,-0.065979,0.0436401,-0.346619,0.934692
1661854542,935938453,0.22,0.39,0.6,0.0666667,0.0633333,0.0588889,-0.0655518,0.0438843,-0.346375,0.934753
1661854542,945939604,-0.32,0.01,0.25,0.1,0.0277778,0.0844444,-0.0650024,0.0438232,-0.346008,0.934937
1661854542,955939533,-0.32,0.01,0.25,0.106667,0.131111,0.0711111,-0.06427,0.0443115,-0.345764,0.935059
1661854542,965941980,-0.24,0.04,0.02,0.105556,0.18,0.105556,-0.0634766,0.0449829,-0.345337,0.935242
1661854542,975938965,-0.05,0.03,0.09,0.117778,0.137778,0.17,-0.0626831,0.0454712,-0.344666,0.935547
1661854542,985940893,0.08,0.06,-0.09,0.111111,0.106667,0.211111,-0.0619507,0.0457764,-0.34375,0.935913
1661854542,995934952,0.23,0.03,-0.1,0.0966667,0.0933333,0.173333,-0.0613403,0.0461426,-0.343018,0.936218
1661854543,5940344,0.23,0.03,-0.1,0.0622222,0.0666667,0.105556,-0.0609131,0.0463257,-0.34259,0.93634
1661854543,15936699,0.14,0.16,-0.19,0.0555556,0.0311111,0.0577778,-0.0606079,0.0464478,-0.342346,0.936462
1661854543,25942295,0.01,-0.04,-0.41,0.0633333,0.0255556,0.0255556,-0.0602417,0.0464478,-0.342224,0.936523
1661854543,35938891,0.11,0.04,-0.54,0.0922222,0.0377778,0.0411111,-0.0597534,0.0464478,-0.342102,0.936646
1661854543,45936598,0.23,0.16,-0.63,0.131111,0.0633333,0.0811111,-0.059021,0.0465698,-0.341736,0.936768
1661854543,55942639,0.23,0.16,-0.63,0.161111,0.0788889,0.114444,-0.0581665,0.0466919,-0.341309,0.937012
1661854543,65942624,0.27,0.43,-0.63,0.183333,0.0455556,0.123333,-0.0571899,0.0466309,-0.340759,0.937256
1661854543,75944553,0.17,0.16,-0.49,0.175556,-0.0311111,0.0633333,-0.0564575,0.0462036,-0.340515,0.937378
1661854543,85940742,0,-0.27,-0.11,0.154444,-0.116667,-0.0455556,-0.0559692,0.0454102,-0.340759,0.937378
1661854543,95934690,-0.03,-0.31,-0.04,0.14,-0.164444,-0.113333,-0.055603,0.0444336,-0.341248,0.937256
1661854543,105937230,-0.03,-0.31,-0.04,0.126667,-0.151111,-0.0911111,-0.0552979,0.043457,-0.341614,0.937195
1661854543,115936289,-0.08,-0.27,-0.04,0.125556,-0.0955556,-0.0333333,-0.0548706,0.0428467,-0.341797,0.937195
1661854543,125943292,-0.06,-0.23,-0.05,0.126667,-0.0533333,0.0244444,-0.0543823,0.0423584,-0.341675,0.937256
1661854543,135938962,-0.04,-0.31,0.16,0.127778,-0.0344444,0.0488889,-0.053833,0.0419922,-0.341492,0.937378
1661854543,145935632,-0.02,-0.47,0.41,0.116667,-0.0288889,0.0377778,-0.0533447,0.041687,-0.341309,0.9375
1661854543,155938802,-0.02,-0.47,0.41,0.0944444,-0.0144444,0.0288889,-0.0529785,0.0415039,-0.341187,0.937561
1661854543,165942694,0.02,-0.56,0.43,0.0677778,0.00555556,0.0544444,-0.0526123,0.0413818,-0.340942,0.937683
1661854543,175942605,0.07,-0.51,0.4,0.0488889,0.04,0.116667,-0.0523071,0.0415039,-0.340454,0.937866
1661854543,185942238,-0.05,0.03,0.24,0.0288889,0.0766667,0.176667,-0.052002,0.0418701,-0.339661,0.938171
1661854543,195934390,-0.17,-0.09,0.28,0.00333333,0.0811111,0.173333,-0.0518188,0.0422974,-0.338928,0.938416
1661854543,205936449,-0.17,-0.09,0.28,-0.0277778,0.0466667,0.0966667,-0.0518799,0.0425415,-0.338501,0.938599
1661854543,215936674,-0.23,-0.14,0.38,-0.0633333,0,0.0122222,-0.0521851,0.0426636,-0.338379,0.938599
1661854543,225942455,-0.39,-0.14,0.41,-0.0811111,-0.0144444,-0.0433333,-0.0525513,0.0427246,-0.338562,0.938477
1661854543,235935644,-0.36,-0.13,0.31,-0.0711111,0,-0.0511111,-0.0529175,0.0428467,-0.338806,0.938416
1661854543,245935314,-0.08,-0.01,-0.03,-0.0344444,0.03,-0.0255556,-0.0530396,0.0430298,-0.338928,0.938354
1661854543,255937762,-0.08,-0.01,-0.03,-0.00111111,0.0744444,0.00666667,-0.0529175,0.043335,-0.338928,0.938293
1661854543,265940284,0,0.01,-0.17,0.0266667,0.112222,0.0366667,-0.0526123,0.0438232,-0.338806,0.938354
1661854543,275943046,0,0.15,-0.18,0.0655556,0.125556,0.07,-0.052063,0.0443115,-0.338562,0.938477
1661854543,285940531,-0.48,-0.28,0.16,0.0877778,0.111111,0.09,-0.0514526,0.0446777,-0.338196,0.938599
1661854543,295935702,-0.55,-0.28,0.35,0.0544444,0.08,0.0611111,-0.0510864,0.0449829,-0.337891,0.938721
1661854543,305937168,-0.55,-0.28,0.35,-0.00888889,0.0788889,-0.00777778,-0.0509644,0.0453491,-0.337952,0.938721
1661854543,315936616,-0.59,-0.12,0.32,-0.0677778,0.132222,-0.0144444,-0.0510254,0.0460815,-0.338013,0.938599
1661854543,325941063,-0.33,0.19,0.02,-0.0911111,0.186667,0.0488889,-0.0511475,0.0470581,-0.33783,0.93866
1661854543,335939456,-0.03,0.46,-0.3,-0.0822222,0.207778,0.104444,-0.0511475,0.0481567,-0.337402,0.938721
1661854543,345933218,0.03,0.35,-0.4,-0.0555556,0.183333,0.0944444,-0.0510864,0.0491333,-0.336975,0.938843
1661854543,355937703,0.03,0.35,-0.4,-0.02,0.108889,0.0466667,-0.0509644,0.0496826,-0.336792,0.938904
1661854543,365941355,-0.03,0.28,-0.26,0.0355556,0.0155556,0.0233333,-0.0507812,0.0496826,-0.33667,0.938904
1661854543,375946154,-0.16,0.17,-0.15,0.0744444,-0.0611111,0.0111111,-0.0505371,0.0493164,-0.33667,0.938965
1661854543,385945621,-0.36,-0.13,0.12,0.0622222,-0.0944444,-0.0122222,-0.050415,0.0487671,-0.33667,0.939026
1661854543,395938754,-0.34,-0.11,0.15,0.0344444,-0.0844444,-0.0433333,-0.050415,0.0482788,-0.336914,0.938965
1661854543,405941294,-0.34,-0.11,0.15,0.00888889,-0.04,-0.0477778,-0.0504761,0.0480957,-0.337097,0.938904
1661854543,415941501,0.05,0.22,-0.09,-0.00888889,0.0166667,-0.00888889,-0.0504761,0.0482178,-0.337097,0.938904
1661854543,425940653,0.13,0.36,-0.09,-0.00888889,0.0411111,0.0177778,-0.050354,0.0484009,-0.337036,0.938904
1661854543,435936841,0.14,0.49,-0.11,0,0.0333333,0.0111111,-0.050293,0.0485229,-0.336975,0.938904
1661854543,445909383,0,0.32,0.11,0.0133333,-0.0111111,-0.0177778,-0.050293,0.0484619,-0.337036,0.938904
1661854543,455941681,0,0.32,0.11,0.0266667,-0.08,-0.07,-0.050293,0.0480347,-0.337341,0.938782
1661854543,465941092,-0.07,0.14,0.22,0.0333333,-0.117778,-0.116667,-0.050354,0.0474243,-0.337891,0.93866
1661854543,475941651,-0.09,-0.07,0.3,0.0444444,-0.133333,-0.126667,-0.050415,0.0466919,-0.33844,0.938477
1661854543,485941988,-0.09,-0.38,0.29,0.0444444,-0.107778,-0.09,-0.050415,0.0460815,-0.338806,0.938354
1661854543,495936436,0.01,-0.26,0.18,0.0333333,-0.0422222,-0.0388889,-0.050354,0.0458374,-0.338989,0.938293
1661854543,505936106,0.01,-0.26,0.18,0.00777778,0.0266667,0.00444444,-0.050293,0.0459595,-0.338989,0.938293
1661854543,515938517,0.12,-0.06,0.07,-0.0155556,0.0688889,0.0444444,-0.0502319,0.0463257,-0.338806,0.938354
1661854543,525939372,0.34,0.13,-0.08,-0.0377778,0.0655556,0.0411111,-0.050293,0.0466919,-0.338623,0.938416
1661854543,535938894,0.3,0.21,-0.11,-0.0533333,0.0433333,-0.00333333,-0.0504761,0.0469971,-0.338623,0.938416
1661854543,545935953,0.17,0.14,-0.02,-0.0433333,0.00222222,-0.0377778,-0.0506592,0.0470581,-0.338806,0.938293
1661854543,555936678,0.17,0.14,-0.02,-0.02,-0.0288889,-0.05,-0.0508423,0.046936,-0.33905,0.938232
1661854543,565940830,0.13,0,0,0.00222222,-0.0433333,-0.0466667,-0.0509033,0.0467529,-0.339233,0.938171
1661854543,575944000,0.1,0.03,0.01,0.0177778,-0.0477778,-0.0366667,-0.0509033,0.0464478,-0.339417,0.93811
1661854543,585941651,0.08,0.11,0.02,0.0133333,-0.0288889,-0.0211111,-0.0509033,0.0462646,-0.339478,0.93811
1661854543,595941599,0.13,0.13,0,0.01,-0.00444444,-0.00222222,-0.0508423,0.0462646,-0.339478,0.93811
1661854543,605935899,0.13,0.13,0,0.00333333,0.00111111,-0.00555556,-0.0508423,0.0462036,-0.339478,0.93811
1661854543,615937254,0.14,0.08,0.01,-0.00777778,0.00444444,-0.0155556,-0.0508423,0.0462036,-0.3396,0.938049
1661854543,625937017,0.11,0.05,0.06,-0.00333333,0.0133333,-0.0111111,-0.0507812,0.0462036,-0.339661,0.938049
1661854543,635934187,0.07,0.01,0.1,0.0177778,0.0222222,0,-0.0506592,0.0462646,-0.339661,0.938049
1661854543,645933764,0.11,-0.11,0.06,0.0355556,0.0255556,0.0233333,-0.0504761,0.0463257,-0.339539,0.93811
1661854543,655937268,0.1,-0.26,0.05,0.0288889,0.0477778,0.0244444,-0.050293,0.0465088,-0.339478,0.93811
1661854543,665940512,0.21,-0.29,-0.01,0.0111111,0.0566667,0.0288889,-0.0501099,0.0467529,-0.339355,0.938171
1661854543,675938922,0.18,-0.22,-0.1,-0.0144444,0.0533333,0.0344444,-0.0501099,0.0469971,-0.339172,0.938232
1661854543,685943352,0.08,-0.1,-0.07,-0.0411111,0.0222222,0.0133333,-0.0502319,0.0471802,-0.339111,0.938232
1661854543,695935948,0.08,-0.1,-0.07,-0.0577778,-0.0222222,-0.00222222,-0.0505371,0.0471802,-0.339111,0.938232
1661854543,705935322,0.05,-0.12,-0.01,-0.07,-0.0477778,-0.0211111,-0.0509644,0.0470581,-0.339172,0.938171
1661854543,715939640,0.02,-0.04,-0.05,-0.0555556,-0.0544444,-0.0155556,-0.0513306,0.046936,-0.339233,0.93811
1661854543,725937273,-0.04,-0.03,-0.12,-0.0311111,-0.04,0.0288889,-0.0515747,0.046814,-0.33905,0.938171
1661854543,735938980,-0.02,0.07,-0.26,-0.00333333,-0.0177778,0.0766667,-0.0515747,0.0466919,-0.338684,0.938293
1661854543,745934983,0.05,0.18,-0.34,0.0222222,-0.00222222,0.101111,-0.0514526,0.0466919,-0.338257,0.938477
1661854543,755934913,0.22,0.28,-0.38,0.04,-0.0122222,0.0955556,-0.0512695,0.0466309,-0.33783,0.93866
1661854543,765942953,0.15,0.21,-0.38,0.0566667,-0.0511111,0.0444444,-0.0510864,0.0462646,-0.337646,0.938782
1661854543,775942364,0,0.07,-0.2,0.0666667,-0.09,0.00555556,-0.0509033,0.0457764,-0.337646,0.938782
1661854543,785941774,-0.19,-0.14,-0.02,0.0455556,-0.0955556,-0.0111111,-0.0509033,0.0452271,-0.337646,0.938782
1661854543,795939130,-0.19,-0.14,0.03,0.0177778,-0.0611111,-0.0355556,-0.0509033,0.0449829,-0.33783,0.938782
1661854543,805942207,-0.2,-0.07,-0.05,0,0,-0.0188889,-0.0509033,0.0449829,-0.337891,0.938721
1661854543,815939192,0.04,0.14,-0.28,0.00666667,0.05,0.0188889,-0.0508423,0.045166,-0.33783,0.938721
1661854543,825941825,0.14,0.19,-0.35,0.0388889,0.0722222,0.0444444,-0.0505371,0.0454712,-0.337646,0.938843
1661854543,835941680,0.23,0.14,-0.42,0.07,0.0555556,0.0488889,-0.0501099,0.0455933,-0.337463,0.938904
1661854543,845937980,0.24,0.04,-0.35,0.102222,0,0.0255556,-0.0496216,0.0454712,-0.337341,0.938965
1661854543,855937576,0.09,-0.26,-0.09,0.114444,-0.0588889,0.00444444,-0.0491943,0.0449829,-0.337341,0.939026
1661854543,865942005,0.07,-0.41,0,0.101111,-0.0833333,0.00333333,-0.0488892,0.0444336,-0.337341,0.939026
1661854543,875938934,-0.04,-0.41,0.09,0.0711111,-0.06,0.0244444,-0.048645,0.0440674,-0.337219,0.939148
1661854543,885941234,-0.21,-0.18,0.02,0.0255556,-0.0111111,0.0666667,-0.0485229,0.0440063,-0.336975,0.93927
1661854543,895935108,-0.12,-0.02,0,-0.00777778,0.00444444,0.101111,-0.0485229,0.0440063,-0.336487,0.939392
1661854543,905933389,-0.12,0.12,0.01,-0.0311111,0,0.0822222,-0.048645,0.0440674,-0.336121,0.939514
1661854543,915938096,-0.18,0.19,0.09,-0.0355556,-0.0255556,0.0355556,-0.0488281,0.0440063,-0.335938,0.939575
1661854543,925937470,-0.12,0.25,0.15,-0.0111111,-0.0666667,-0.00111111,-0.0490112,0.0437622,-0.335938,0.939575
1661854543,935939344,-0.16,0.25,0.18,0.0255556,-0.0888889,-0.0377778,-0.0490112,0.0432739,-0.33606,0.939575
1661854543,945934347,-0.19,0.12,0.27,0.0533333,-0.0977778,-0.0655556,-0.0489502,0.0427246,-0.336365,0.939514
1661854543,955937036,-0.31,-0.16,0.4,0.0644444,-0.0844444,-0.0833333,-0.0488281,0.0422363,-0.336731,0.939392
1661854543,965940983,-0.34,-0.32,0.36,0.05,-0.0322222,-0.0544444,-0.048645,0.0419922,-0.336975,0.939331
1661854543,975942468,-0.32,-0.37,0.3,0.00666667,0.0322222,0,-0.048584,0.0421143,-0.336975,0.939331
1661854543,985942620,-0.09,-0.08,0.1,-0.0255556,0.104444,0.0388889,-0.0485229,0.0426636,-0.336853,0.939331
1661854543,995934716,0,-0.03,0,-0.0422222,0.143333,0.07,-0.0484619,0.043396,-0.336548,0.939392
1661854544,5938497,0.03,0.04,-0.03,-0.0422222,0.125556,0.0622222,-0.0484619,0.0440674,-0.336243,0.939514
1661854544,15937130,0,0.03,0.02,-0.0366667,0.0955556,0.0244444,-0.0484619,0.0445557,-0.336182,0.939514
1661854544,25939079,0.01,0.05,0.02,-0.0344444,0.0555556,-0.00333333,-0.0485229,0.0448608,-0.336182,0.939453
1661854544,35954008,0.05,0.02,0,-0.0311111,0.0211111,-0.0144444,-0.048645,0.0450439,-0.336243,0.939453
1661854544,45939882,0.06,0.03,-0.01,-0.0277778,0.0155556,-0.01,-0.0487671,0.045166,-0.336304,0.939392
1661854544,55946108,-0.13,-0.05,-0.03,-0.0266667,0.0111111,-0.00666667,-0.0488892,0.0452271,-0.336304,0.939392
1661854544,65941908,-0.16,-0.07,-0.03,-0.0333333,0.00444444,-0.00777778,-0.0490112,0.0452881,-0.336304,0.939392
1661854544,75943579,-0.07,-0.1,-0.06,-0.0422222,0.01,-0.0144444,-0.0491943,0.0454712,-0.336365,0.939331
1661854544,85945471,-0.22,-0.06,-0.06,-0.0455556,0.0288889,-0.01,-0.0493774,0.0457153,-0.336365,0.939331
1661854544,95952104,-0.18,-0.03,-0.03,-0.0355556,0.0566667,0.00222222,-0.0494385,0.0460815,-0.336365,0.93927
